object_id;federal_state;district;lor_2021;year_accident;month_accident;hour_accident;weekday;accident_category;accident_type;accident_subtype;light_conditions;accident_involving_bicycle;accident_involving_passenger_car;accident_involving_pedestrian;accident_involving_motorcycle;accident_involving_truck;accident_involving_other;road_condition;coordinates_1a;coordinates_2a;coordinates_1b;coordinates_2b
217623;11;Mitte;1100205.0;2021;10;8;2;3;1;5;0;1;0;0;0;0;1;1;797047,484;5826540,421;13,37775623;52,50788184
217618;11;Marzahn-Hellersdorf;10100311.0;2021;10;13;5;3;5;2;0;1;1;0;0;0;0;0;806821,4281;5830312,467;13,52479973;52,53627875
217614;11;Friedrichshain-Kreuzberg;2300419.0;2021;11;18;5;3;1;5;2;1;1;0;0;0;0;1;801714,07;5825847,935;13,44567964;52,4991143
217612;11;Lichtenberg;11400929.0;2021;10;17;1;2;5;2;0;1;0;0;1;0;0;0;804577,6529;5826365,802;13,48820744;52,50216514
217611;11;Pankow;3601142.0;2021;10;8;5;3;5;3;0;1;1;0;0;0;0;0;799178,0636;5831224,174;13,41326952;52,54870044
217610;11;Friedrichshain-Kreuzberg;2400521.0;2021;10;18;2;3;1;5;2;1;1;0;0;0;0;0;801080,5599;5828002,557;13,43832435;52,5187765
217608;11;Spandau;5200528.0;2021;11;18;2;3;5;2;2;1;1;0;0;0;0;1;783922,8123;5826614,916;13,18496766;52,51553923
217606;11;Mitte;1100415.0;2021;11;21;1;2;0;1;2;1;0;0;0;0;0;1;798300,0997;5829371,235;13,39869632;52,53257287
217601;11;Tempelhof-Schoeneberg;4501153.0;2021;11;15;2;3;0;1;1;1;0;0;0;0;0;1;793902,9657;5822964,088;13,32840339;52,4775249
217600;11;Marzahn-Hellersdorf;10200630.0;2021;10;7;6;3;5;2;0;1;1;0;0;0;0;0;811561,006;5828996,093;13,59322011;52,52179381
217596;11;Mitte;1100308.0;2021;11;8;5;3;2;6;0;1;1;0;0;0;0;0;797031,8573;5828963,166;13,37968987;52,5296076
217587;11;Charlottenburg-Wilmersdorf;4400728.0;2021;11;16;4;3;5;2;1;1;1;0;0;0;0;0;789646,15;5823293,614;13,26618832;52,4827535
217583;11;Mitte;1401048.0;2021;11;18;5;3;4;6;1;1;0;0;0;0;1;1;795359,253;5831474,906;13,3573383;52,553032
217581;11;Lichtenberg;11400929.0;2021;10;7;2;3;6;4;0;1;0;1;0;0;0;1;805002,2219;5826582,484;13,49464139;52,50387002
217578;11;Charlottenburg-Wilmersdorf;4501044.0;2021;11;8;4;3;5;2;0;1;1;0;0;0;0;1;793207,1286;5824549,012;13,3195814;52,49210723
217576;11;Friedrichshain-Kreuzberg;2400521.0;2021;10;17;5;3;5;2;0;1;1;0;0;0;0;1;801247,6344;5827817,247;13,44061142;52,51702327
217575;11;Friedrichshain-Kreuzberg;2500836.0;2021;10;15;6;2;0;7;0;1;0;0;0;0;0;0;803155,4037;5825742,064;13,46675101;52,49736666
217571;11;Spandau;5100317.0;2021;10;17;7;3;5;2;0;1;1;0;0;0;0;0;788108,4916;5827861,977;13,24756105;52,52452466
217570;11;Friedrichshain-Kreuzberg;2400520.0;2021;10;11;5;3;5;3;0;1;1;0;0;0;0;0;800158,7737;5828921,196;13,42560919;52,5275187
217569;11;Friedrichshain-Kreuzberg;2200208.0;2021;10;6;2;3;5;2;1;1;0;0;0;0;1;0;797942,073;5825259,243;13,38975201;52,49590982
217564;11;Lichtenberg;11401135.0;2021;10;15;3;3;5;3;0;1;1;0;0;0;0;1;805525,1333;5825983,06;13,50177149;52,49820518
217560;11;Marzahn-Hellersdorf;10200629.0;2021;10;15;6;3;5;3;0;1;1;0;0;0;0;1;810492,8158;5827963,165;13,57656296;52,51314652
217558;11;Mitte;1100102.0;2021;10;14;6;3;5;3;0;1;1;0;0;0;0;0;796701,2086;5827974,224;13,37394759;52,52092284
217554;11;Steglitz-Zehlendorf;6300632.0;2021;10;10;1;3;5;3;0;1;1;0;0;0;0;0;791635,762;5816259,787;13,28926249;52,41863603
217542;11;Charlottenburg-Wilmersdorf;4300414.0;2021;10;16;6;3;3;6;0;1;1;0;0;0;1;0;791170,3719;5826589,824;13,29145177;52,51149333
217541;11;Spandau;5100104.0;2021;10;15;1;2;0;7;0;1;0;0;0;0;0;0;785629,4534;5831545,508;13,21428777;52,55885494
217539;11;Lichtenberg;11100205.0;2021;11;17;3;3;5;3;2;1;1;0;0;0;0;0;805804,5133;5833786,076;13,51305281;52,56798157
217536;11;Pankow;3400831.0;2021;10;11;6;3;2;6;0;1;1;0;0;0;0;0;799092,2746;5833226,493;13,41381244;52,56669519
217533;11;Mitte;1200520.0;2021;10;16;2;3;5;2;0;1;0;0;0;0;1;0;794584,3055;5828544,52;13,34334331;52,52718291
217531;11;Charlottenburg-Wilmersdorf;4501045.0;2021;10;8;4;3;1;5;0;1;1;0;0;0;0;1;793583,2653;5825239,103;13,32571375;52,49809143
217530;11;Tempelhof-Schoeneberg;7300517.0;2021;10;9;4;2;5;3;0;1;1;0;0;0;0;0;794211,1016;5822738,666;13,33272845;52,47533819
217529;11;Friedrichshain-Kreuzberg;2300418.0;2021;11;17;6;3;0;6;1;1;1;0;0;0;0;0;800969,1198;5825491,657;13,43441683;52,49633223
217528;11;Steglitz-Zehlendorf;6200317.0;2021;11;10;1;2;0;3;0;1;1;0;0;0;0;1;796016,9684;5816658,409;13,35385171;52,41985739
217527;11;Mitte;1200517.0;2021;11;8;4;3;2;2;0;1;1;0;0;0;0;0;793528,0701;5828172,277;13,32748998;52,52441566
217525;11;Treptow-Koepenick;9100101.0;2021;11;15;3;3;3;6;0;1;1;0;0;0;0;0;802329,2035;5824729,129;13,45369849;52,48874599
217522;11;Mitte;1300835.0;2021;10;15;3;3;5;2;0;1;1;0;0;0;0;0;797542,482;5829416,146;13,38760043;52,53338954
217521;11;Mitte;1100313.0;2021;10;20;2;3;5;2;2;1;1;0;0;0;0;0;800081,8818;5826457,271;13,42225691;52,50547597
217520;11;Tempelhof-Schoeneberg;7100205.0;2021;11;18;7;3;5;2;2;1;1;0;0;0;0;1;796419,83;5824874,48;13,36705253;52,49328964
217519;11;Charlottenburg-Wilmersdorf;4501042.0;2021;11;9;2;3;3;6;0;1;1;0;0;0;0;1;793523,8806;5825788,119;13,32532538;52,50304506
217518;11;Tempelhof-Schoeneberg;7400823.0;2021;11;19;3;3;5;2;2;1;1;0;0;0;0;0;797315,413;5822178,133;13,37780061;52,46863264
217516;11;Charlottenburg-Wilmersdorf;4501043.0;2021;10;14;6;3;3;6;0;1;1;0;0;0;0;0;792679,0652;5825314,686;13,31249857;52,49925468
217511;11;Lichtenberg;11401136.0;2021;10;16;6;3;5;3;0;1;1;0;0;0;0;0;805668,8371;5825959,544;13,50386022;52,49791396
217510;11;Reinickendorf;12100103.0;2021;10;16;6;3;5;3;0;1;1;0;0;0;0;0;795601,1007;5833255,665;13,36248124;52,56886359
217506;11;Friedrichshain-Kreuzberg;2200208.0;2021;10;22;4;3;2;6;2;1;1;0;0;0;0;0;797535,1286;5824986,801;13,38353201;52,49368968
217491;11;Spandau;5200629.0;2021;10;15;5;3;5;3;0;1;1;0;0;0;0;1;784451,491;5828665,447;13,19449165;52,53364893
217488;11;Reinickendorf;12400720.0;2021;11;16;5;2;5;3;2;1;1;0;0;0;0;1;789641,7935;5839723,212;13,28046123;52,63004866
217480;11;Charlottenburg-Wilmersdorf;4501042.0;2021;10;17;2;2;5;2;0;1;1;0;0;0;0;0;793968,9948;5826164,308;13,33219632;52,50617777
217477;11;Charlottenburg-Wilmersdorf;4100101.0;2021;10;8;5;3;5;2;0;1;1;0;0;0;0;0;793355,7609;5829670,942;13,32628004;52,5379432
217474;11;Mitte;1100308.0;2021;10;15;6;3;0;2;0;1;1;0;0;0;0;0;797013,7313;5828942,383;13,37940488;52,52943118
217472;11;Marzahn-Hellersdorf;10400837.0;2021;11;16;5;3;2;2;1;1;1;0;0;0;0;1;810306,174;5826003,977;13,57199561;52,49569537
217469;11;Mitte;1200520.0;2021;10;8;2;2;0;1;0;1;0;0;0;0;0;1;794543,6998;5829042,897;13,34318804;52,53167245
217468;11;Tempelhof-Schoeneberg;7400927.0;2021;10;3;4;3;5;3;2;1;1;0;0;0;0;0;798476,5658;5821909,468;13,39460309;52,46559125
217463;11;Mitte;1300733.0;2021;11;19;1;3;5;2;1;1;1;0;0;0;0;1;797164,2442;5831923,911;13,38428419;52,55607501
217462;11;Lichtenberg;11501341.0;2021;11;15;4;2;0;1;0;1;0;0;0;0;0;0;806358,3083;5824417,427;13,51256724;52,48370645
217461;11;Tempelhof-Schoeneberg;7100103.0;2021;11;14;6;3;6;7;0;1;0;1;0;0;0;0;795662,5829;5824973,103;13,35601886;52,49458443
217459;11;Charlottenburg-Wilmersdorf;4300623.0;2021;10;14;7;2;0;1;0;1;0;0;0;0;0;0;792649,47;5826097,044;13,31275145;52,50628417
217457;11;Friedrichshain-Kreuzberg;2200208.0;2021;11;20;3;3;5;3;2;1;0;0;0;0;1;0;797831,7117;5824902,564;13,3878123;52,49277285
217455;11;Neukoelln;8100104.0;2021;10;13;7;3;2;6;0;1;1;0;0;0;0;0;800823,2679;5822596,951;13,42966273;52,47046646
217454;11;Charlottenburg-Wilmersdorf;4300415.0;2021;10;15;6;2;4;2;0;1;1;0;0;0;0;0;790787,1613;5826106,985;13,28539912;52,50736909
217452;11;Treptow-Koepenick;9401329.0;2021;10;12;3;2;3;6;0;1;0;0;0;0;1;0;813703,0807;5818872,649;13,61516734;52,42984967
217448;11;Treptow-Koepenick;9501736.0;2021;10;18;4;2;5;3;1;1;1;0;0;0;0;0;812506,469;5821294,466;13,5998891;52,45223713
217447;11;Neukoelln;8100311.0;2021;11;20;6;3;1;5;2;1;1;0;0;0;0;1;800551,9008;5824572,015;13,42746001;52,48831908
217445;11;Pankow;3300514.0;2021;11;15;4;3;1;5;0;1;0;0;0;0;1;1;801610,8423;5836203,854;13,4535673;52,59199158
217443;11;Treptow-Koepenick;9100408.0;2021;10;9;7;2;0;3;0;1;0;0;0;0;1;0;806625,7374;5820410,953;13,51281196;52,44764903
217440;11;Charlottenburg-Wilmersdorf;4200206.0;2021;10;15;1;3;0;6;0;1;1;0;0;0;0;0;785811,5614;5825560,539;13,21182052;52,50509928
217439;11;Marzahn-Hellersdorf;10100315.0;2021;11;9;5;3;5;3;0;1;1;0;0;0;0;0;809921,5604;5831425,786;13,57139954;52,54450181
217436;11;Neukoelln;8100102.0;2021;10;17;5;3;0;4;0;1;0;1;0;0;0;1;800481,8592;5823566,988;13,42552566;52,4793492
217431;11;Mitte;1200517.0;2021;10;10;6;3;5;3;0;1;1;0;0;0;0;0;793522,9213;5829121,3;13,32825216;52,53292594
217428;11;Mitte;1100207.0;2021;11;9;3;3;0;6;0;1;1;0;0;0;0;0;798887,7606;5826816,385;13,40503839;52,50935039
217427;11;Marzahn-Hellersdorf;10400837.0;2021;10;12;1;3;5;3;0;1;1;0;0;0;0;0;810625,4379;5825649,902;13,57635319;52,49234074
217422;11;Mitte;1100313.0;2021;11;16;1;3;5;3;1;1;1;0;0;0;0;1;799894,6463;5826511,669;13,41955557;52,50606651
217420;11;Tempelhof-Schoeneberg;7100205.0;2021;10;10;5;3;5;3;0;1;1;0;0;0;0;0;796286,2593;5825323,78;13,3654905;52,49738973
217417;11;Mitte;1300836.0;2021;11;17;4;3;1;5;1;1;1;0;0;0;0;0;796521,8269;5829892,919;13,37302284;52,53821953
217415;11;Reinickendorf;12400723.0;2021;10;17;2;3;5;3;0;1;1;0;0;0;0;1;791424,0861;5838766,246;13,30587649;52,62051649
217414;11;Lichtenberg;11501340.0;2021;10;7;4;3;5;2;0;1;1;0;0;0;0;0;807321,4363;5824797,328;13,52705605;52,48656998
217412;11;Mitte;1100312.0;2021;11;17;3;3;5;2;2;1;1;0;0;0;0;1;799212,9045;5826986,872;13,40996824;52,51070032
217406;11;Lichtenberg;11300722.0;2021;11;17;2;3;1;5;2;1;1;0;0;0;0;0;803980,6651;5828400,4;13,48129786;52,52073347
217405;11;Marzahn-Hellersdorf;10100205.0;2021;10;9;6;3;0;2;0;1;1;0;0;0;0;0;807609,3662;5832375,49;13,53829067;52,55432327
217404;11;Treptow-Koepenick;9300920.0;2021;10;9;5;3;5;3;0;1;0;0;0;1;0;0;807565,9618;5815411,138;13,5220062;52,40231126
217403;11;Pankow;3200308.0;2021;10;22;2;3;5;3;2;1;1;0;0;0;0;0;799064,1495;5837540,484;13,41729228;52,60537847
217402;11;Spandau;5300736.0;2021;11;14;2;3;5;2;0;1;1;0;0;0;0;1;786104,2451;5829154,47;13,21921239;52,53716831
217394;11;Neukoelln;8200833.0;2021;10;15;6;2;5;3;0;1;1;0;0;0;0;1;802523,8982;5816823,147;13,44939541;52,41777603
217392;11;Treptow-Koepenick;9200510.0;2021;10;15;6;3;0;1;0;1;0;0;0;0;0;0;805654,1836;5824202,802;13,50203374;52,48217748
217391;11;Charlottenburg-Wilmersdorf;4500938.0;2021;11;16;2;3;0;4;0;1;0;1;0;0;0;0;791839,1752;5824923,85;13,29981862;52,4962007
217389;11;Friedrichshain-Kreuzberg;2100104.0;2021;11;10;5;3;5;2;0;1;1;0;0;0;0;1;799293,1206;5826222,582;13,41045956;52,50380558
217388;11;Reinickendorf;12200309.0;2021;10;14;1;2;5;3;0;1;1;0;0;0;0;0;793232,5482;5832405,46;13,32688346;52,56252305
217386;11;Mitte;1100102.0;2021;10;11;4;3;5;5;0;1;1;0;0;0;0;0;796341,8805;5826794,059;13,36761603;52,51053921
217381;11;Friedrichshain-Kreuzberg;2200213.0;2021;11;10;3;3;5;7;0;1;1;0;0;0;0;1;799833,5929;5824983,359;13,41728287;52,49240112
217378;11;Pankow;3701554.0;2021;10;2;1;3;0;7;2;1;0;0;0;0;0;0;799190,4572;5830048,402;13,41239279;52,53815466
217374;11;Friedrichshain-Kreuzberg;2300316.0;2021;10;14;6;3;5;2;0;1;1;0;0;0;0;0;800733,107;5826532,251;13,43189047;52,50578948
217373;11;Neukoelln;8200730.0;2021;10;8;4;3;5;2;0;1;1;0;0;0;0;1;801398,5931;5819152,925;13,43499839;52,43927952
217372;11;Pankow;3601449.0;2021;10;15;3;3;3;6;0;1;0;0;0;0;0;0;801211,3119;5830364,016;13,44238496;52,53987036
217371;11;Charlottenburg-Wilmersdorf;4501153.0;2021;11;15;4;3;5;3;0;1;1;0;0;0;0;1;794188,4024;5823674,999;13,33322134;52,48374419
217368;11;Friedrichshain-Kreuzberg;2300315.0;2021;10;12;6;3;3;5;0;1;1;0;0;0;0;1;800314,5749;5825823,779;13,42510363;52,49966973
217366;11;Neukoelln;8100209.0;2021;11;9;2;3;0;3;0;1;1;0;0;0;0;0;801750,5076;5822054,743;13,44278161;52,46509517
217365;11;Charlottenburg-Wilmersdorf;4501043.0;2021;11;10;5;3;5;2;0;1;1;0;0;0;0;1;792870,4637;5824336,863;13,31445041;52,49038611
217364;11;Mitte;1100310.0;2021;11;8;2;3;5;2;0;1;0;0;1;0;0;0;798655,2745;5828142,33;13,40281311;52,52136298
217363;11;Steglitz-Zehlendorf;6300631.0;2021;10;15;6;3;5;2;0;1;1;0;0;0;0;0;791485,6249;5816162,411;13,28697622;52,41784302
217362;11;Pankow;3400829.0;2021;10;12;5;3;5;3;0;1;1;0;0;0;0;0;799767,0416;5832816,615;13,42336766;52,56265021
217361;11;Treptow-Koepenick;9502043.0;2021;10;7;2;3;5;3;1;1;1;0;0;0;0;1;811617,8012;5823212,548;13,5886446;52,46993315
217358;11;Mitte;1200522.0;2021;11;19;6;3;5;2;2;1;1;0;0;0;0;0;794554,5093;5828335,867;13,34272054;52,52532858
217348;11;Mitte;1401048.0;2021;11;10;4;3;5;2;0;1;0;0;0;1;0;0;795503,5533;5831613,014;13,35958335;52,55419174
217343;11;Treptow-Koepenick;9401534.0;2021;11;15;5;3;5;2;1;1;1;0;0;0;0;0;811350,5421;5819942,821;13,58167423;52,4407839
217338;11;Friedrichshain-Kreuzberg;2300314.0;2021;10;17;5;3;3;5;0;1;1;0;0;0;0;0;799729,4679;5826074,203;13,41673538;52,50223606
217330;11;Tempelhof-Schoeneberg;7300619.0;2021;10;21;3;3;5;3;2;1;1;0;0;0;0;0;794713,0289;5821827,176;13,33929188;52,46689659
217329;11;Marzahn-Hellersdorf;10100311.0;2021;10;17;2;2;5;2;0;1;1;0;0;0;0;0;806301,1727;5830198,03;13,51704782;52,53554578
217328;11;Mitte;1100312.0;2021;11;14;2;3;6;4;0;1;0;1;0;0;0;0;799517,0952;5826712,623;13,41419034;52,50807516
217312;11;Marzahn-Hellersdorf;10100314.0;2021;10;13;3;3;3;6;0;1;1;0;0;0;0;0;808475,6431;5830187,557;13,54899573;52,5342256
217306;11;Friedrichshain-Kreuzberg;2200210.0;2021;11;21;3;3;5;3;2;1;1;0;0;0;0;0;798942,2813;5824805,321;13,40403413;52,49129411
217304;11;Friedrichshain-Kreuzberg;2200210.0;2021;10;12;7;3;2;2;0;1;1;0;0;0;0;0;798292,2618;5824817,268;13,39449934;52,49175679
217303;11;Mitte;1401047.0;2021;10;14;7;3;5;2;0;1;1;0;0;0;0;0;795254,8784;5830458,712;13,35489984;52,54397929
217301;11;Friedrichshain-Kreuzberg;2200211.0;2021;11;13;5;3;1;5;0;1;1;0;0;0;0;0;798323,6004;5824189,908;13,39439795;52,48611616
217296;11;Mitte;1300733.0;2021;11;15;3;3;6;7;0;1;0;1;0;0;0;1;797126,274;5831779,98;13,38359693;52,55480556
217294;11;Charlottenburg-Wilmersdorf;4100101.0;2021;10;15;5;3;5;2;0;1;1;0;0;0;0;1;791212,7803;5829730,983;13,2948258;52,53963087
217286;11;Charlottenburg-Wilmersdorf;4300412.0;2021;10;2;2;3;0;7;2;1;0;0;0;0;0;0;790647,002;5828050,129;13,28503731;52,52486412
217285;11;Friedrichshain-Kreuzberg;2300419.0;2021;10;16;1;3;5;3;0;1;1;0;0;0;1;0;801591,5529;5825953,985;13,44397632;52,50013256
217281;11;Friedrichshain-Kreuzberg;2400623.0;2021;10;20;4;3;5;2;2;1;1;0;0;0;0;0;800602,4253;5827107,927;13,43049074;52,51102145
217279;11;Reinickendorf;12400618.0;2021;11;10;4;3;5;2;0;1;1;0;0;0;0;0;787463,6227;5837745,19;13,24664808;52,61347232
217270;11;Friedrichshain-Kreuzberg;2100101.0;2021;10;11;1;3;2;6;0;1;0;0;0;0;0;0;797859,9638;5825618,695;13,38886754;52,4991767
217266;11;Charlottenburg-Wilmersdorf;4501041.0;2021;11;11;7;3;0;2;0;1;1;0;0;0;0;1;793127,9151;5825592,73;13,31933651;52,50150633
217256;11;Friedrichshain-Kreuzberg;2500834.0;2021;11;19;3;3;5;3;2;1;0;0;1;0;0;0;802389,2458;5826828,213;13,45648575;52,50752684
217255;11;Charlottenburg-Wilmersdorf;4501146.0;2021;11;8;5;3;5;2;0;1;1;0;0;0;0;1;792851,7675;5823936,717;13,3138242;52,48680895
217249;11;Mitte;1100415.0;2021;10;12;4;3;0;1;0;1;0;0;0;0;0;0;798285,2992;5829367,679;13,39847558;52,5325491
217243;11;Treptow-Koepenick;9401534.0;2021;10;16;1;3;5;7;0;1;1;0;0;0;0;0;811057,8251;5820651,782;13,57804165;52,44730387
217239;11;Friedrichshain-Kreuzberg;2500834.0;2021;10;3;1;2;5;3;2;1;0;0;0;0;1;0;802350,1204;5827078,45;13,45613832;52,50979138
217238;11;Mitte;1200627.0;2021;10;9;4;3;0;7;0;1;0;0;0;0;0;0;795768,783;5828585,067;13,36078843;52,52690506
217236;11;Friedrichshain-Kreuzberg;2500830.0;2021;11;8;3;3;0;1;0;1;0;0;0;0;0;1;802566,2042;5827388,714;13,45959461;52,51245246
217230;11;Friedrichshain-Kreuzberg;2300315.0;2021;11;18;5;3;5;2;2;1;0;0;0;1;0;1;800435,653;5825770,831;13,42683416;52,49912849
217227;11;Mitte;1300731.0;2021;10;2;5;3;0;7;2;1;0;0;0;0;0;0;797235,3279;5833191,814;13,38646532;52,56740138
217222;11;Steglitz-Zehlendorf;6200315.0;2021;10;8;2;3;0;7;0;1;0;0;0;0;0;0;795216,4734;5817274,559;13,34265841;52,42581325
217221;11;Mitte;1100416.0;2021;10;1;6;3;5;3;2;1;1;0;0;0;0;1;798675,9758;5829455,541;13,40429691;52,53312272
217220;11;Steglitz-Zehlendorf;6200313.0;2021;11;7;6;3;3;6;1;1;1;0;0;0;0;0;795100,7851;5818279,343;13,34184864;52,43488301
217217;11;Tempelhof-Schoeneberg;7200412.0;2021;11;19;6;3;5;2;2;1;1;0;0;0;0;1;796270,3102;5822947,88;13,36314427;52,47610054
217215;11;Friedrichshain-Kreuzberg;2100106.0;2021;10;19;4;3;5;3;2;1;1;0;0;0;0;1;798598,3379;5825578,661;13,39967654;52,49841434
217214;11;Spandau;5400943.0;2021;11;18;4;3;5;2;2;1;1;0;0;0;0;1;780521,5972;5820704,618;13,1300011;52,46430286
217213;11;Mitte;1100102.0;2021;11;18;3;3;5;3;2;1;1;0;0;0;0;1;796122,0986;5826295,436;13,36394343;52,50618886
217212;11;Mitte;1100206.0;2021;10;14;5;3;3;6;0;1;1;0;0;0;0;0;798240,4523;5827674,536;13,39629793;52,51739687
217211;11;Mitte;1100313.0;2021;10;14;5;3;5;2;0;1;1;0;0;0;0;1;799982,0252;5826940,922;13,42122594;52,50986604
217209;11;Spandau;5200629.0;2021;11;11;7;3;2;7;0;1;0;0;0;0;1;0;784653,059;5828081,211;13,19695499;52,52830542
217206;11;Treptow-Koepenick;9200819.0;2021;11;18;3;3;5;2;1;1;0;0;0;0;1;0;810046,3063;5819411,654;13,56205527;52,43676466
217204;11;Tempelhof-Schoeneberg;7300619.0;2021;10;18;4;3;5;2;1;1;1;0;0;0;0;0;794631,3;5821815,842;13,33808226;52,46683907
217202;11;Mitte;1100416.0;2021;10;16;1;2;0;1;1;1;0;0;0;0;0;0;798618,6268;5829344,35;13,40335406;52,53215748
217194;11;Lichtenberg;11300618.0;2021;10;12;7;3;5;2;0;1;1;0;0;0;0;0;802437,235;5828898,674;13,45907271;52,52605765
217192;11;Spandau;5300839.0;2021;11;18;2;2;0;1;2;1;0;0;0;0;0;0;789057,575;5829677,534;13,26309017;52,54029923
217190;11;Friedrichshain-Kreuzberg;2200210.0;2021;11;19;4;3;5;2;1;1;1;0;0;0;0;0;798694,6944;5824675,867;13,40028232;52,49026926
217180;11;Mitte;1100309.0;2021;11;16;2;2;0;1;2;1;0;0;0;0;0;1;797655,0577;5828602,989;13,38852716;52,52603913
217179;11;Pankow;3701556.0;2021;11;18;3;3;3;6;2;1;0;0;0;0;0;0;799786,8672;5829563,365;13,42072255;52,53347934
217177;11;Spandau;5200423.0;2021;10;17;6;3;5;3;0;1;1;0;0;0;0;0;781306,3797;5828364,29;13,14799212;52,53258105
217174;11;Marzahn-Hellersdorf;10400941.0;2021;11;12;3;2;5;3;0;1;1;0;0;0;0;0;812497,1962;5823775,403;13,60207584;52,47447473
217171;11;Friedrichshain-Kreuzberg;2300419.0;2021;10;18;6;3;1;5;2;1;1;0;0;0;0;0;801297,5236;5825870,992;13,43958283;52,4995511
217169;11;Charlottenburg-Wilmersdorf;4501149.0;2021;10;18;3;3;3;6;2;1;1;0;0;0;0;1;793664,751;5824474,311;13,32623648;52,49119157
217165;11;Tempelhof-Schoeneberg;7601340.0;2021;10;16;4;2;5;2;0;1;1;0;0;0;0;0;796157,5259;5815930,839;13,35526872;52,41325916
217162;11;Mitte;1300834.0;2021;11;8;4;3;5;2;0;1;1;0;0;0;0;0;798070,104;5829987,907;13,39586876;52,53822634
217161;11;Mitte;1100308.0;2021;11;15;7;3;1;5;0;1;1;0;0;0;0;0;797087,2695;5828994,557;13,38053237;52,52985879
217160;11;Neukoelln;8100415.0;2021;10;14;4;3;5;3;0;1;1;0;0;0;0;0;801499,7848;5823646,866;13,44054116;52,47950414
217159;11;Steglitz-Zehlendorf;6400839.0;2021;10;10;2;2;5;2;0;1;1;0;0;0;0;0;788218,6532;5818683,097;13,24124407;52,44217291
217158;11;Lichtenberg;11300723.0;2021;11;12;2;3;0;2;0;1;1;0;0;0;0;1;804348,1409;5828422,456;13,48671735;52,52072618
217157;11;Mitte;1100310.0;2021;11;11;4;3;0;1;0;1;0;0;0;0;0;0;798585,9528;5828098,874;13,40175543;52,52101142
217156;11;Steglitz-Zehlendorf;6200316.0;2021;11;10;6;2;4;6;0;1;0;0;0;0;0;1;796281,8255;5818009,698;13,35893197;52,4318274
217155;11;Neukoelln;8401244.0;2021;10;23;1;3;1;5;2;1;1;0;0;0;0;0;806025,1955;5815815,08;13,4997981;52,40679479
217154;11;Pankow;3200308.0;2021;10;16;4;3;2;6;0;1;0;0;0;1;0;0;800168,886;5836563,402;13,43267077;52,59601194
217152;11;Charlottenburg-Wilmersdorf;4200308.0;2021;11;15;3;3;5;3;0;1;1;0;0;0;0;1;790112,0989;5826844,859;13,2761239;52,51434363
217148;11;Friedrichshain-Kreuzberg;2100102.0;2021;11;19;2;3;5;3;2;1;1;0;0;0;0;0;798335,2046;5825631,103;13,39585879;52,49902832
217146;11;Marzahn-Hellersdorf;10400941.0;2021;11;15;3;3;5;3;0;1;1;0;0;0;0;0;812398,3351;5824300,767;13,60111714;52,47923918
217142;11;Marzahn-Hellersdorf;10400940.0;2021;11;16;2;3;5;2;2;1;1;0;0;0;0;1;812434,6437;5824757,683;13,60207818;52,48331294
217138;11;Mitte;1200522.0;2021;11;17;6;3;5;3;2;1;0;0;0;0;1;0;794351,8805;5828182,549;13,33960672;52,52406361
217133;11;Charlottenburg-Wilmersdorf;4501045.0;2021;11;19;2;3;6;4;2;1;0;1;0;0;0;1;793660,5533;5825394,14;13,3269857;52,49943968
217132;11;Pankow;3601243.0;2021;11;8;6;3;5;2;0;1;1;0;0;0;0;1;799498,024;5831776,17;13,41847201;52,55347237
217129;11;Friedrichshain-Kreuzberg;2400521.0;2021;10;11;3;3;3;6;0;1;1;0;0;0;0;0;800732,6699;5828441,542;13,43360957;52,52290318
217126;11;Spandau;5100105.0;2021;10;7;4;3;2;3;0;1;1;0;0;0;0;1;784556,2455;5831108,326;13,19812472;52,55549708
217123;11;Treptow-Koepenick;9100101.0;2021;11;11;4;3;5;3;0;1;0;0;1;0;0;0;802244,0871;5824856,767;13,45256449;52,48993715
217120;11;Tempelhof-Schoeneberg;7501135.0;2021;10;1;1;3;1;5;2;1;1;0;0;0;0;0;798605,0041;5817011,761;13,3921113;52,42161887
217119;11;Pankow;3601245.0;2021;11;9;4;3;5;3;0;1;1;0;0;0;0;0;800972,2937;5831228,348;13,43965445;52,54774954
217116;11;Treptow-Koepenick;9301227.0;2021;10;15;6;3;1;5;0;1;1;0;0;0;0;0;815736,0737;5814531,681;13,64087694;52,38978173
217115;11;Mitte;1400938.0;2021;10;8;6;2;5;3;0;1;1;0;0;0;0;0;793880,8666;5830059,636;13,33434381;52,54114469