object_id;federal_state;district;lor_2021;year_accident;month_accident;hour_accident;weekday;accident_category;accident_type;accident_subtype;light_conditions;accident_involving_bicycle;accident_involving_passenger_car;accident_involving_pedestrian;accident_involving_motorcycle;accident_involving_truck;accident_involving_other;road_condition;coordinates_1a;coordinates_2a;coordinates_1b;coordinates_2b
217113;11;Friedrichshain-Kreuzberg;2200209.0;2021;10;8;7;3;5;3;0;1;0;0;0;0;0;1;797742,0047;5824596,285;13,38622122;52,49007634
217112;11;Pankow;3400619.0;2021;10;16;6;3;5;3;0;1;1;0;0;0;0;0;795956,8804;5835567,551;13,36977934;52,58939386
217110;11;Charlottenburg-Wilmersdorf;4501043.0;2021;11;19;5;3;5;2;2;1;1;0;0;0;0;1;792836,033;5824337,245;13,31394509;52,49040801
217109;11;Mitte;1100416.0;2021;11;8;3;3;5;7;0;1;1;0;0;0;0;0;798708,6987;5830059,937;13,40532113;52,53852233
217107;11;Mitte;1300732.0;2021;10;20;5;3;5;2;2;1;0;0;0;0;1;0;797700,1045;5832902,061;13,39304236;52,56455017
217106;11;Friedrichshain-Kreuzberg;2500727.0;2021;10;14;3;3;0;1;0;1;0;0;0;0;0;0;802201,069;5828112,967;13,45488828;52,51914635
217105;11;Charlottenburg-Wilmersdorf;4300621.0;2021;11;10;2;3;1;5;0;1;0;0;0;0;1;0;791985,0407;5826791,059;13,30359868;52,51286188
217097;11;Neukoelln;8100310.0;2021;10;15;6;3;6;7;0;1;1;1;0;0;0;0;800793,0149;5825040,604;13,43142333;52,49238639
217094;11;Friedrichshain-Kreuzberg;2200209.0;2021;11;12;3;2;1;5;0;1;0;0;0;0;1;1;797505,4568;5824775,024;13,38290715;52,4918075
217092;11;Charlottenburg-Wilmersdorf;4501040.0;2021;10;11;7;3;5;7;0;1;1;0;0;0;0;0;792286,4812;5825909,342;13,30725375;52,50479605
217090;11;Marzahn-Hellersdorf;10200524.0;2021;10;8;2;3;5;3;0;1;1;0;0;0;0;0;813719,8281;5829973,3;13,62585628;52,52931276
217081;11;Reinickendorf;12200309.0;2021;11;23;2;3;5;3;2;1;1;0;0;0;0;0;793231,5531;5832405,496;13,32686885;52,56252391
217080;11;Tempelhof-Schoeneberg;7300618.0;2021;10;14;4;3;5;3;0;1;1;0;0;0;0;0;794418,6757;5822074,367;13,33518949;52,46927124
217075;11;Pankow;3601348.0;2021;10;15;1;3;5;7;0;1;0;0;0;0;0;0;799907,4955;5830645,501;13,42347227;52,54311252
217074;11;Treptow-Koepenick;9301227.0;2021;10;18;4;3;5;3;2;1;1;0;0;0;0;1;815060,8409;5815053,335;13,63147753;52,39484495
217071;11;Marzahn-Hellersdorf;10400835.0;2021;10;12;5;3;5;3;0;1;1;0;0;0;0;0;812828,5734;5828985,475;13,61183172;52,520973
217070;11;Lichtenberg;11300723.0;2021;10;18;5;2;0;1;0;1;0;0;0;0;0;1;805207,4482;5828548,621;13,49945868;52,52137667
217064;11;Pankow;3400828.0;2021;10;10;5;3;1;5;0;1;1;0;0;0;0;0;799945,4728;5832575,008;13,42577367;52,56038635
217062;11;Lichtenberg;11200514.0;2021;11;8;2;3;2;6;0;1;0;0;0;0;0;0;803500,043;5830163,722;13,47584562;52,53680533
217058;11;Treptow-Koepenick;9200510.0;2021;11;17;7;3;5;3;2;1;1;0;0;0;0;1;806410,9663;5822970,362;13,51201073;52,47070783
217057;11;Treptow-Koepenick;9501939.0;2021;10;19;5;3;1;5;2;1;1;0;0;0;0;0;810710,8401;5821398,156;13,5736468;52,45418988
217047;11;Charlottenburg-Wilmersdorf;4300619.0;2021;10;16;2;3;5;2;0;1;1;0;0;0;0;0;792763,989;5827029,207;13,31525387;52,51457927
217043;11;Friedrichshain-Kreuzberg;2500833.0;2021;11;10;1;3;0;1;0;1;0;0;0;0;0;1;802390,8684;5827079,315;13,45673769;52,50977655
217042;11;Mitte;1100309.0;2021;11;10;2;3;5;3;0;1;1;0;0;0;0;1;798245,6345;5828939,305;13,39750825;52,52873101
217037;11;Treptow-Koepenick;9200819.0;2021;11;17;3;3;5;2;1;1;1;0;0;0;0;0;810495,4327;5820304,004;13,56946997;52,44450685
217036;11;Mitte;1100308.0;2021;11;8;5;3;2;6;0;1;1;0;0;0;0;1;796934,616;5828135,29;13,37752135;52,52223958
217035;11;Mitte;1200628.0;2021;10;19;7;3;1;5;2;1;1;0;0;0;0;0;796297,4808;5828240,272;13,36825168;52,52352723
217034;11;Pankow;3400619.0;2021;10;7;4;3;0;2;0;1;1;0;0;0;0;1;795367,463;5835565,85;13,36110256;52,58969898
217031;11;Tempelhof-Schoeneberg;7501133.0;2021;11;8;3;3;0;2;0;1;1;0;0;0;0;1;797908,8313;5818355,008;13,3831005;52,43403915
217028;11;Pankow;3500934.0;2021;11;18;6;3;1;5;1;1;1;0;0;0;0;0;800511,3184;5831788,055;13,43338326;52,55302078
217027;11;Marzahn-Hellersdorf;10400941.0;2021;11;12;2;2;5;3;0;1;1;0;0;0;0;1;812566,4968;5824277,355;13,60356326;52,47893317
217026;11;Pankow;3400620.0;2021;11;6;5;3;5;3;2;1;1;0;0;0;0;0;797411,7617;5833971,81;13,38976021;52,57429667
217023;11;Mitte;1100310.0;2021;10;15;4;3;0;2;0;1;1;0;0;0;0;0;799492,8929;5828852,927;13,41576152;52,52727298
217022;11;Lichtenberg;11300722.0;2021;10;14;2;3;5;2;0;1;1;0;0;0;0;0;803738,6371;5828638,533;13,47795918;52,52300265
217018;11;Lichtenberg;11200513.0;2021;10;17;2;3;5;2;0;1;1;0;0;0;0;0;803853,4647;5830396,553;13,48125326;52,53869518
217017;11;Neukoelln;8100417.0;2021;10;13;5;2;5;3;0;1;1;0;0;0;0;1;802074,3311;5822683,037;13,44810258;52,47054774
217015;11;Treptow-Koepenick;9501737.0;2021;11;7;4;3;1;5;0;1;1;0;0;0;0;1;815059,2731;5821052,942;13,6371038;52,44860768
217014;11;Mitte;1300834.0;2021;10;9;5;3;0;2;0;1;1;0;0;0;0;0;798351,5399;5830138,989;13,40014167;52,53942658
217013;11;Charlottenburg-Wilmersdorf;4501152.0;2021;10;13;4;3;0;7;0;1;0;0;0;1;0;1;793965,4876;5824887,998;13,33101817;52,49473819
217008;11;Charlottenburg-Wilmersdorf;4400729.0;2021;10;17;4;3;0;1;0;1;0;0;0;0;0;0;789341,7147;5822872,843;13,26135261;52,47914255
217006;11;Reinickendorf;12500824.0;2021;11;15;7;3;5;2;0;1;1;0;0;0;0;1;790208,55;5835827,334;13,28539402;52,59482019
217005;11;Marzahn-Hellersdorf;10100208.0;2021;11;19;4;3;2;7;2;1;1;0;0;0;0;1;809066,3797;5832252,283;13,55959809;52,55239434
217002;11;Pankow;3501038.0;2021;10;20;4;3;5;7;2;1;1;0;0;0;0;0;803004,6805;5832010,834;13,47024945;52,55363618
217001;11;Friedrichshain-Kreuzberg;2100106.0;2021;10;17;1;3;5;2;0;1;1;0;0;0;0;0;799071,9435;5825610,953;13,40666144;52,49844446
216999;11;Charlottenburg-Wilmersdorf;4300621.0;2021;11;10;4;3;1;5;0;1;1;0;0;0;0;0;792086,9019;5826762,902;13,3050707;52,51255492
216995;11;Treptow-Koepenick;9100407.0;2021;11;10;6;2;0;7;0;1;0;0;0;0;0;0;805933,7771;5820317,184;13,50257624;52,44719625
216982;11;Neukoelln;8300934.0;2021;11;20;6;3;0;2;2;1;1;0;0;0;0;0;803155,4197;5818426,131;13,46010575;52,43179426
216981;11;Mitte;1100205.0;2021;11;19;1;3;5;2;2;1;1;0;0;0;0;1;796952,633;5826789,541;13,37658503;52,51016658
216979;11;Marzahn-Hellersdorf;10400836.0;2021;10;11;2;3;5;3;0;1;1;0;0;0;0;0;811155,1;5827124,658;13,58550709;52,50525497
216974;11;Treptow-Koepenick;9501737.0;2021;10;16;2;3;5;3;0;1;1;0;0;0;0;0;815033,2326;5821296,513;13,6369516;52,45080528
216972;11;Mitte;1200519.0;2021;11;12;4;3;0;5;0;1;1;0;0;0;0;1;793857,2091;5829136,377;13,33317954;52,53288097
216971;11;Marzahn-Hellersdorf;10200421.0;2021;11;15;5;3;5;2;0;1;1;0;0;0;0;0;812063,1643;5830615,118;13,60211684;52,536015
216970;11;Friedrichshain-Kreuzberg;2300315.0;2021;10;12;6;3;5;2;0;1;1;0;0;0;0;0;800461,8925;5825774,294;13,42722266;52,49914508
216969;11;Mitte;1100416.0;2021;10;7;3;3;5;3;0;1;1;0;0;0;0;0;798590,4818;5829516,136;13,40309469;52,53371271
216965;11;Friedrichshain-Kreuzberg;2300315.0;2021;10;17;4;3;5;3;0;1;0;0;0;0;1;0;800597,6807;5826214,523;13,42961433;52,50301622
216964;11;Treptow-Koepenick;9100101.0;2021;10;15;4;3;1;5;0;1;1;0;0;0;0;0;801668,9235;5824894,733;13,44415345;52,49059558
216958;11;Mitte;1200624.0;2021;11;18;4;3;5;2;2;1;1;0;0;0;0;0;795668,8498;5829732,424;13,36034021;52,5372443
216946;11;Steglitz-Zehlendorf;6100101.0;2021;11;16;2;3;1;5;1;1;1;0;0;0;0;0;793230,167;5820597,14;13,3164454;52,45666755
216945;11;Friedrichshain-Kreuzberg;2100106.0;2021;10;19;7;3;5;2;2;1;1;0;0;0;0;0;798578,3304;5825563,167;13,39936879;52,4982864
216943;11;Treptow-Koepenick;9501939.0;2021;10;9;2;3;5;2;0;1;0;0;0;0;1;0;810936,7101;5821596,922;13,57714515;52,4558427
216941;11;Tempelhof-Schoeneberg;7601341.0;2021;11;13;5;3;5;2;0;1;0;0;0;0;1;0;798077,2823;5814312,488;13,3819707;52,39771026
216939;11;Lichtenberg;11300722.0;2021;10;17;3;3;5;2;0;1;1;0;0;0;0;0;804253,6095;5827663,143;13,48463403;52,51397351
216938;11;Treptow-Koepenick;9501940.0;2021;10;21;5;3;5;2;2;1;0;0;0;0;1;1;811170,2551;5821573,338;13,58054915;52,45549845
216931;11;Steglitz-Zehlendorf;6300524.0;2021;11;15;2;3;5;2;0;1;0;0;0;1;0;1;787536,9182;5817032,408;13,22982201;52,42773211
216928;11;Tempelhof-Schoeneberg;7400822.0;2021;10;3;1;3;5;3;2;1;1;0;0;0;0;0;796418,1847;5820706,298;13,363324;52,45592642
216927;11;Mitte;1100312.0;2021;10;19;5;2;4;6;2;1;1;0;0;0;1;0;799468,9296;5826591,191;13,41337354;52,50701314
216925;11;Charlottenburg-Wilmersdorf;4501153.0;2021;11;17;3;3;5;2;2;1;1;0;0;0;0;0;793883,9112;5823108,59;13,32825099;52,47883054
216921;11;Mitte;1100309.0;2021;10;8;4;3;5;3;0;1;1;0;0;0;0;0;797948,6778;5828786,066;13,39300642;52,5275198
216908;11;Mitte;1300733.0;2021;10;9;6;3;0;1;0;1;0;0;0;0;0;0;797189,7327;5831917,16;13,384653;52,55600058
216906;11;Charlottenburg-Wilmersdorf;4300623.0;2021;10;17;3;3;1;5;0;1;1;0;0;0;0;0;791950,7527;5826452,004;13,30279742;52,50984068
216905;11;Lichtenberg;11400931.0;2021;10;19;2;3;6;4;1;1;0;1;0;0;0;1;805678,5726;5827215,643;13,50515629;52,50916616
216904;11;Charlottenburg-Wilmersdorf;4200206.0;2021;10;17;7;2;5;3;1;1;1;0;0;0;0;0;787834,8322;5825830,603;13,24178119;52,50645689
216899;11;Mitte;1100206.0;2021;10;23;7;3;5;3;2;1;1;0;0;0;0;0;797882,3012;5828175,552;13,39148401;52,52208359
216895;11;Charlottenburg-Wilmersdorf;4501149.0;2021;11;9;5;3;5;7;0;1;0;0;0;0;1;0;793461,2992;5824570,633;13,32333336;52,49216447
216894;11;Charlottenburg-Wilmersdorf;4501042.0;2021;11;14;7;3;0;5;0;1;0;0;0;0;1;1;793581,9981;5825453,983;13,32588455;52,50001841
216890;11;Charlottenburg-Wilmersdorf;4501041.0;2021;10;14;5;3;5;2;0;1;1;0;0;0;0;0;793508,594;5825732,312;13,32505162;52,50255299
216888;11;Charlottenburg-Wilmersdorf;4300620.0;2021;10;19;2;3;5;3;1;1;1;0;0;0;0;1;794161,275;5826991,393;13,33575209;52,51348847
216885;11;Neukoelln;8100311.0;2021;11;19;5;3;5;2;2;1;1;0;0;0;0;1;800648,4708;5824399,048;13,42872195;52,48671554
216884;11;Mitte;1100309.0;2021;10;18;6;3;1;5;1;1;0;0;0;0;1;0;798981,8662;5828819,329;13,40822092;52,52725232
216878;11;Mitte;1100309.0;2021;10;20;4;3;5;2;2;1;0;1;0;0;1;0;797942,056;5828782,642;13,39290603;52,52749272
216873;11;Spandau;5200630.0;2021;10;13;7;3;5;3;0;1;1;0;0;0;0;0;784504,1331;5827381,094;13,19416659;52,52210589
216866;11;Mitte;1401048.0;2021;10;14;5;3;5;2;0;1;1;0;0;0;0;0;795297,9049;5831409,834;13,35637821;52,55248195
216865;11;Pankow;3601347.0;2021;10;8;5;3;1;5;0;1;1;0;0;0;0;1;799490,6145;5830409,636;13,41713075;52,54122768
216862;11;Mitte;1401045.0;2021;11;10;2;3;0;1;0;1;0;0;0;0;0;1;796441,6708;5831935,327;13,37366753;52,55657113
216859;11;Pankow;3601245.0;2021;10;20;7;3;5;2;2;1;1;0;0;0;0;0;800193,0477;5830930,861;13,42792824;52,54551304
216858;11;Tempelhof-Schoeneberg;7100206.0;2021;10;14;4;3;5;2;0;1;0;0;0;0;1;0;796555,8954;5824856,211;13,36903454;52,49305197
216856;11;Marzahn-Hellersdorf;10100313.0;2021;11;6;2;2;5;2;1;1;1;0;0;0;0;0;808514,3391;5831162,12;13,55046922;52,54293752
216851;11;Mitte;1100309.0;2021;11;22;6;3;1;5;2;1;1;0;0;0;0;0;798556,2446;5828956,995;13,40208927;52,52871956
216849;11;Pankow;3701660.0;2021;10;12;6;3;1;7;0;1;1;0;0;0;0;0;800807,3501;5829515,752;13,4356788;52,53249035
216841;11;Charlottenburg-Wilmersdorf;4501043.0;2021;10;17;3;3;5;2;0;1;1;0;0;0;0;0;792939,0802;5825266,704;13,31627577;52,49868503
216840;11;Neukoelln;8100206.0;2021;11;14;2;3;5;3;0;1;0;0;0;0;1;1;800699,3132;5823542,353;13,42869573;52,47900869
216835;11;Pankow;3601245.0;2021;11;17;2;3;5;2;2;1;0;0;0;1;0;1;800191,135;5830951,57;13,42791883;52,54569971
216834;11;Mitte;1300731.0;2021;11;21;3;3;1;5;2;1;1;0;0;0;0;1;797409,8288;5833146,425;13,38899162;52,56689922
216833;11;Charlottenburg-Wilmersdorf;4300518.0;2021;11;6;6;3;1;5;1;1;1;0;0;0;0;1;791424,4864;5828733,681;13,29706399;52,53057703
216828;11;Friedrichshain-Kreuzberg;2200208.0;2021;11;14;5;3;5;2;0;1;1;0;0;0;0;1;797909,8182;5825272,649;13,38929028;52,4960476
216827;11;Mitte;1100309.0;2021;10;11;7;3;0;1;0;1;0;0;0;0;0;0;798500,4491;5828387,033;13,40075759;52,52364119
216826;11;Friedrichshain-Kreuzberg;2300316.0;2021;10;16;6;3;5;3;0;1;1;0;0;0;0;0;800733,9316;5826517,516;13,43188928;52,50565695
216823;11;Marzahn-Hellersdorf;10300734.0;2021;10;17;2;3;5;2;1;1;1;0;0;0;0;0;808798,212;5826345,182;13,55017018;52,49960842
216817;11;Friedrichshain-Kreuzberg;2100104.0;2021;11;12;4;3;5;2;0;1;0;0;1;0;0;0;799189,005;5826254,487;13,4089589;52,50414866
216813;11;Neukoelln;8100102.0;2021;11;8;2;3;3;6;0;1;1;0;0;0;0;0;800541,3602;5823354,37;13,42620752;52,47741067
216812;11;Steglitz-Zehlendorf;6100207.0;2021;11;12;4;3;5;3;0;1;0;0;1;0;0;0;793560,7826;5819655,66;13,32046957;52,44805
216810;11;Tempelhof-Schoeneberg;7501029.0;2021;10;16;2;3;0;2;0;1;1;0;0;0;0;0;797565,8782;5818730,979;13,37840534;52,43759604
216809;11;Friedrichshain-Kreuzberg;2500726.0;2021;10;19;3;3;0;2;1;1;1;0;0;0;0;1;801961,4864;5828236,66;13,45148034;52,52038771
216805;11;Reinickendorf;12500824.0;2021;10;23;5;3;0;1;2;1;0;0;0;0;0;0;791243,2034;5835513,001;13,30034921;52,59144918
216803;11;Neukoelln;8100103.0;2021;11;18;1;3;1;5;2;1;1;0;0;0;0;1;800677,0196;5822974,958;13,42785691;52,4739352
216802;11;Mitte;1401048.0;2021;11;21;5;3;5;3;2;1;0;0;0;0;1;1;795185,7576;5831355,917;13,35468102;52,55205942
216798;11;Treptow-Koepenick;9200819.0;2021;10;22;4;3;5;2;2;1;1;0;0;0;0;0;809791,5175;5820491,161;13,55931983;52,44658336
216795;11;Tempelhof-Schoeneberg;7300619.0;2021;11;11;7;3;2;2;0;1;1;0;0;0;0;0;795418,4409;5820974,111;13,34889069;52,45886847
216794;11;Neukoelln;8100209.0;2021;11;15;7;3;2;3;0;1;1;0;0;0;0;0;801577,8823;5822298,004;13,44046812;52,46737088
216783;11;Pankow;3601449.0;2021;10;16;5;3;5;2;1;1;1;0;0;0;0;0;801077,4765;5830447,998;13,44049365;52,54069706
216781;11;Tempelhof-Schoeneberg;7400824.0;2021;10;10;2;3;1;5;0;1;1;0;0;0;0;0;797841,6307;5822041,686;13,38540244;52,46712292
216780;11;Marzahn-Hellersdorf;10300731.0;2021;10;9;6;3;5;7;0;1;0;0;0;0;0;0;809642,9517;5829666,425;13,56566499;52,52889357
216777;11;Mitte;1100312.0;2021;11;9;3;3;5;3;0;1;0;0;1;0;0;0;798918,0203;5826697,14;13,40537584;52,50826494
216776;11;Lichtenberg;11400927.0;2021;10;19;7;3;0;7;2;1;0;0;0;0;0;0;803664,0395;5826382,315;13,47480431;52,50282232
216775;11;Friedrichshain-Kreuzberg;2300316.0;2021;10;13;5;3;5;2;0;1;1;0;0;0;0;0;801473,0178;5826030,28;13,44230446;52,5008819
216772;11;Friedrichshain-Kreuzberg;2200213.0;2021;11;16;5;3;0;3;0;1;1;0;0;0;0;0;800012,4825;5824708,459;13,41966232;52,48983879
216767;11;Charlottenburg-Wilmersdorf;4501041.0;2021;10;16;6;3;5;7;0;1;1;0;0;0;0;1;792839,9838;5825508,654;13,31503289;52,50090722
216765;11;Mitte;1100206.0;2021;10;16;6;3;2;2;0;1;1;0;0;0;0;0;797404,9666;5827566,596;13,38392496;52,51688557
216759;11;Friedrichshain-Kreuzberg;2400625.0;2021;10;13;3;3;1;5;0;1;1;0;0;0;0;0;801311,1747;5826466,869;13,44032249;52,50488452
216757;11;Pankow;3501038.0;2021;11;13;2;3;5;3;0;1;1;0;0;0;0;0;803407,2083;5831677,995;13,47586414;52,55042898
216756;11;Marzahn-Hellersdorf;10300733.0;2021;10;7;4;3;0;1;0;1;0;0;0;0;0;0;809003,675;5826683,035;13,55350079;52,50251989
216753;11;Reinickendorf;12100102.0;2021;11;15;7;3;1;5;0;1;1;0;0;0;0;0;796116,499;5833292,703;13,37009652;52,56891547
216751;11;Pankow;3400619.0;2021;11;6;6;2;5;2;2;1;0;0;0;0;1;1;795961,8571;5835565,521;13,36985077;52,58937295
216747;11;Tempelhof-Schoeneberg;7300516.0;2021;11;15;4;3;6;7;0;1;0;1;0;0;0;0;793960,9836;5821818,031;13,32824523;52,46721977
216742;11;Mitte;1100416.0;2021;10;14;4;2;1;5;0;1;0;0;0;0;1;0;798562,8706;5829228,789;13,40243074;52,53115218
216741;11;Charlottenburg-Wilmersdorf;4500937.0;2021;10;13;3;3;2;6;0;1;0;0;0;0;0;0;791392,526;5825036,44;13,29335649;52,49744872
216739;11;Lichtenberg;11501340.0;2021;11;14;3;2;3;6;0;1;0;0;0;1;0;1;807347,0071;5825133,567;13,52774151;52,489569
216738;11;Steglitz-Zehlendorf;6300634.0;2021;10;10;4;2;5;2;0;1;1;0;0;0;0;0;791690,8589;5818804,158;13,29228978;52,44141714
216737;11;Treptow-Koepenick;9200715.0;2021;10;17;4;3;5;2;1;1;0;0;0;0;1;0;807882,9003;5818476,61;13,52947007;52,42960666
216733;11;Pankow;3601451.0;2021;11;7;4;3;1;5;0;1;1;0;0;0;0;0;800890,6203;5829942,04;13,4372886;52,53626528
216730;11;Reinickendorf;12200307.0;2021;10;13;5;3;0;6;0;1;1;0;0;0;0;0;793506,0966;5833965,537;13,3322879;52,57636079
216728;11;Friedrichshain-Kreuzberg;2500830.0;2021;11;13;2;3;0;1;0;1;0;0;1;0;0;1;802475,8278;5827408,817;13,45828519;52,51268276
216726;11;Reinickendorf;12500825.0;2021;11;14;6;3;5;2;0;1;1;0;0;0;0;0;792277,6702;5835009,213;13,31513214;52,58637805
216725;11;Mitte;1300733.0;2021;10;17;7;3;5;2;0;1;1;0;0;0;0;0;797707,1837;5831731,061;13,39209606;52,55404984
216724;11;Mitte;1100312.0;2021;10;9;5;3;0;7;0;1;0;0;0;0;0;0;799703,3891;5827271,027;13,41742984;52,51297807
216721;11;Mitte;1100312.0;2021;10;16;4;3;0;1;0;1;1;0;0;0;0;0;799238,2336;5827184,51;13,41051805;52,51245795
216719;11;Treptow-Koepenick;9200510.0;2021;10;12;6;3;5;2;0;1;1;0;0;0;0;0;806607,2126;5822049,731;13,51404492;52,46234673
216718;11;Pankow;3501037.0;2021;11;7;2;3;5;2;0;1;1;0;0;0;0;1;802207,9477;5832985,692;13,45942158;52,56281635
216717;11;Mitte;1100310.0;2021;11;16;5;3;5;2;1;1;0;0;0;0;1;1;799109,5697;5828466,018;13,40977994;52,52401536
216716;11;Lichtenberg;11400927.0;2021;11;7;3;3;5;3;0;1;1;0;0;0;0;0;803619,6314;5826582,287;13,47433443;52,50463933
216714;11;Spandau;5100209.0;2021;10;14;5;3;4;6;0;1;0;0;0;0;1;0;783626,6873;5830180,311;13,18365776;52,5476613
216709;11;Pankow;3400830.0;2021;10;15;2;3;4;6;0;1;0;0;0;0;0;0;800014,8695;5833422,202;13,42756038;52,56794173
216704;11;Neukoelln;8100104.0;2021;10;21;6;3;3;6;2;1;1;0;0;0;0;1;800900,9467;5822401,95;13,43062699;52,46867582
216702;11;Charlottenburg-Wilmersdorf;4501041.0;2021;11;11;3;3;2;6;0;1;1;0;0;0;0;0;793014,0169;5825575,151;13,3176479;52,50140992
216701;11;Spandau;5100104.0;2021;11;18;5;3;5;7;1;1;1;0;0;0;0;1;785216,7949;5831829,623;13,20846131;52,56161857
216700;11;Mitte;1300835.0;2021;10;9;7;3;1;6;0;1;1;0;0;0;1;0;797121,6921;5829928,1;13,38187285;52,53820816
216697;11;Tempelhof-Schoeneberg;7200307.0;2021;11;16;1;3;0;6;2;1;0;0;0;0;0;1;794950,6772;5824641,212;13,34526929;52,49199442
216693;11;Mitte;1100101.0;2021;11;18;2;3;5;2;2;1;1;0;0;0;0;1;795258,3068;5826614,093;13,35153634;52,50951353
216692;11;Charlottenburg-Wilmersdorf;4300624.0;2021;11;14;5;3;2;6;0;1;1;0;0;0;0;0;792931,0804;5826747,175;13,31746088;52,51196124
216689;11;Lichtenberg;11200513.0;2021;11;7;6;3;5;3;1;1;1;0;0;0;0;0;804727,1298;5831202,469;13,49483432;52,54543035
216688;11;Lichtenberg;11200411.0;2021;10;17;5;2;5;3;0;1;1;0;0;0;0;0;805607,4635;5831775,939;13,50830363;52,55007688
216684;11;Reinickendorf;12500930.0;2021;11;5;3;3;5;2;2;1;1;0;0;0;0;1;792857,8355;5835156,672;13,32380143;52,58738793
216679;11;Lichtenberg;11200411.0;2021;10;5;3;3;5;3;2;1;1;0;0;0;0;0;805842,2526;5831854,626;13,51182803;52,55065032
216678;11;Neukoelln;8100417.0;2021;11;16;2;3;6;2;0;1;0;1;0;1;0;0;802575,9132;5823076,939;13,45582152;52,47380072
216676;11;Mitte;1401046.0;2021;10;9;4;3;5;3;0;1;1;0;0;0;0;0;795216,8019;5830200,132;13,35411019;52,54168197
216673;11;Mitte;1200520.0;2021;11;11;3;3;2;3;0;1;1;0;0;0;0;1;794238,6755;5828867,179;13,3385488;52,53026199
216672;11;Steglitz-Zehlendorf;6400842.0;2021;11;14;6;3;6;4;0;1;0;1;0;0;0;0;789858,5129;5819874,835;13,26633684;52,45199047
216663;11;Lichtenberg;11501238.0;2021;11;9;4;3;5;3;0;1;1;0;0;0;0;0;804409,1663;5825663,873;13,48509138;52,49596802
216656;11;Neukoelln;8100208.0;2021;11;17;4;2;0;4;2;1;0;1;0;0;0;0;801148,3834;5822855,622;13,43466805;52,47260589
216654;11;Tempelhof-Schoeneberg;7601339.0;2021;10;12;6;3;5;2;0;1;1;0;0;0;0;0;795799,8707;5816024,836;13,3501086;52,41429517
216652;11;Steglitz-Zehlendorf;6400735.0;2021;10;15;1;3;5;7;0;1;1;0;0;0;0;0;780397,4982;5816677,716;13,12479917;52,42825754
216648;11;Mitte;1100310.0;2021;10;16;3;3;6;4;0;1;0;1;0;0;0;1;799179,9906;5827748,823;13,41016975;52,51754814
216647;11;Treptow-Koepenick;9100101.0;2021;10;9;5;3;5;3;0;1;0;0;0;0;0;0;801416,4212;5824802,363;13,4403622;52,48990713
216642;11;Charlottenburg-Wilmersdorf;4500937.0;2021;10;12;6;3;1;5;0;1;1;0;0;0;0;0;790908,6126;5825037,954;13,28624956;52,49772046
216641;11;Mitte;1100310.0;2021;11;9;3;2;5;3;0;1;0;0;0;0;1;1;799230,0732;5828937,485;13,41197506;52,52817524
216636;11;Reinickendorf;12601235.0;2021;10;7;3;3;5;2;2;1;1;0;0;0;0;0;795280,9343;5836353,89;13,36053154;52,59680995
216634;11;Mitte;1300730.0;2021;11;8;5;3;0;2;0;1;1;0;0;0;0;0;796220,4654;5832199,576;13,37065005;52,55906021
216633;11;Mitte;1100313.0;2021;11;19;1;3;5;2;2;1;1;0;0;0;0;1;799969,9895;5826933,14;13,42104211;52,50980291
216627;11;Neukoelln;8100209.0;2021;10;15;2;3;5;2;0;1;1;0;0;0;0;0;801719,2083;5822127,913;13,44238844;52,46576829
216626;11;Neukoelln;8100104.0;2021;10;13;6;3;4;6;0;1;0;0;0;0;1;0;800225,5666;5822383,837;13,42069821;52,46888503
216625;11;Spandau;5300737.0;2021;11;8;4;3;5;3;0;1;1;0;0;0;0;0;787583,068;5829933,474;13,24163029;52,54337407
216624;11;Marzahn-Hellersdorf;10400938.0;2021;11;9;5;3;5;3;0;1;0;0;0;0;1;0;813629,8441;5829140,4;13,62374866;52,52190103
216620;11;Mitte;1300835.0;2021;10;8;2;3;5;2;0;1;1;0;0;0;0;0;797774,2035;5829746,023;13,39130208;52,53621992
216619;11;Mitte;1300835.0;2021;11;8;2;3;5;2;0;1;1;0;0;0;0;0;797418,1723;5830530,983;13,38677104;52,54345054
216618;11;Charlottenburg-Wilmersdorf;4300517.0;2021;10;15;4;3;5;3;0;1;1;0;0;0;0;0;791712,4075;5828471,092;13,301066;52,52806897
216616;11;Mitte;1401043.0;2021;11;18;7;3;0;1;2;1;0;0;0;0;0;0;795831,9193;5830975,652;13,36384461;52,54830015
216615;11;Mitte;1401047.0;2021;11;9;3;3;5;3;0;1;1;0;0;0;0;1;795353,8292;5830378,598;13,35628351;52,54320751