object_id;federal_state;district;lor_2021;year_accident;month_accident;hour_accident;weekday;accident_category;accident_type;accident_subtype;light_conditions;accident_involving_bicycle;accident_involving_passenger_car;accident_involving_pedestrian;accident_involving_motorcycle;accident_involving_truck;accident_involving_other;road_condition;coordinates_1a;coordinates_2a;coordinates_1b;coordinates_2b
216608;11;Lichtenberg;11300722.0;2021;10;7;4;3;5;2;0;1;1;0;0;0;0;0;803886,8349;5827888,421;13,47945155;52,51619707
216607;11;Friedrichshain-Kreuzberg;2400623.0;2021;11;11;5;3;5;2;0;1;1;0;0;0;0;0;801068,6989;5827113,233;13,43734543;52,51081187
216604;11;Pankow;3400721.0;2021;10;15;5;3;1;5;0;1;1;0;0;0;0;1;798259,97;5833397,704;13,40172322;52,56868647
216603;11;Mitte;1100312.0;2021;10;15;2;3;1;5;0;1;1;0;0;0;0;0;799712,4594;5827312,969;13,41760087;52,51334903
216598;11;Pankow;3400724.0;2021;10;12;7;3;2;6;0;1;1;0;0;0;0;0;800002,2602;5834961,477;13,42876759;52,58174554
216594;11;Charlottenburg-Wilmersdorf;4501149.0;2021;11;13;7;3;5;2;0;1;1;0;0;0;0;0;793453,1353;5824404,532;13,32306717;52,49067983
216593;11;Treptow-Koepenick;9200715.0;2021;11;9;2;3;5;3;0;1;1;0;0;0;0;1;809308,7729;5818515,674;13,5504115;52,42915252
216590;11;Spandau;5400944.0;2021;10;8;7;3;7;7;0;1;0;0;0;0;0;0;781504,2149;5819762,596;13,1436323;52,45535062
216588;11;Spandau;5100209.0;2021;11;20;3;3;5;3;2;1;1;0;0;0;0;1;782816,8934;5830408,905;13,17194199;52,55013197
216583;11;Pankow;3300412.0;2021;11;10;5;3;1;5;0;1;1;0;0;0;0;0;802844,9702;5838284,528;13,47363336;52,60995417
216582;11;Steglitz-Zehlendorf;6400844.0;2021;11;7;3;3;1;5;0;1;1;0;0;0;0;1;792415,541;5821550,262;13,30532563;52,46564862
216581;11;Steglitz-Zehlendorf;6300528.0;2021;10;10;4;3;5;3;0;1;1;0;0;0;0;0;788955,3974;5816391,083;13,25007242;52,42123494
216576;11;Neukoelln;8100417.0;2021;11;17;3;3;1;5;1;1;0;0;0;0;1;0;802259,5954;5823029,504;13,45113562;52,47355068
216575;11;Mitte;1300834.0;2021;10;15;7;3;6;4;0;1;0;1;0;0;0;0;797694,797;5830704,218;13,39099336;52,5448523
216574;11;Treptow-Koepenick;9200716.0;2021;10;14;4;2;0;3;0;1;1;0;0;0;0;0;809225,1386;5819304,099;13,54991445;52,43626561
216572;11;Pankow;3501037.0;2021;10;15;1;3;2;1;0;1;0;0;0;0;0;0;802284,9262;5833102,527;13,46066018;52,5638208
216570;11;Pankow;3601142.0;2021;11;18;5;3;5;2;2;1;0;0;1;0;0;1;799182,821;5831110,198;13,4132368;52,54767621
216568;11;Friedrichshain-Kreuzberg;2500830.0;2021;10;20;4;3;5;2;2;1;1;0;0;0;0;0;802435,142;5827419,528;13,45769721;52,51280133
216566;11;Mitte;1401049.0;2021;11;9;4;3;5;3;0;1;1;0;0;0;0;1;795963,617;5831986,757;13,36668252;52,55729216
216562;11;Treptow-Koepenick;9200717.0;2021;10;21;1;3;5;2;2;1;1;0;0;0;0;1;809598,3906;5818911,171;13,55502377;52,43253311
216555;11;Mitte;1100310.0;2021;10;7;3;3;5;3;0;1;1;0;0;0;0;0;799495,5852;5828134,949;13,41515451;52,52083594
216553;11;Steglitz-Zehlendorf;6100206.0;2021;11;11;7;2;5;7;0;1;1;0;0;0;0;0;794865,5692;5819702,531;13,33965441;52,44776802
216550;11;Friedrichshain-Kreuzberg;2300315.0;2021;11;18;7;3;5;3;2;1;1;0;0;0;0;1;800678,1981;5825795,319;13,43041849;52,4992144
216549;11;Lichtenberg;11200411.0;2021;11;22;2;2;6;6;2;1;0;1;0;0;0;1;805605,2246;5831213,828;13,50775348;52,54504034
216546;11;Friedrichshain-Kreuzberg;2100101.0;2021;10;17;6;3;5;2;0;1;0;0;0;0;1;1;797665,6338;5826298,123;13,38662062;52,505373
216542;11;Steglitz-Zehlendorf;6100207.0;2021;11;16;5;2;5;3;1;1;1;0;0;0;0;1;794082,2019;5820369,672;13,32874848;52,45417061
216539;11;Reinickendorf;12400619.0;2021;10;17;3;2;4;6;0;1;0;0;0;0;0;0;789537,3747;5836087,287;13,27574038;52,59750842
216538;11;Tempelhof-Schoeneberg;7200307.0;2021;10;21;2;3;5;3;2;1;1;0;0;0;0;1;794530,5715;5824651,844;13,33910891;52,49231657
216531;11;Mitte;1200629.0;2021;11;12;7;3;5;2;0;1;1;0;0;0;0;0;794497,2645;5827802,455;13,34140687;52,52057782
216529;11;Treptow-Koepenick;9501941.0;2021;10;19;7;3;4;6;2;1;0;0;0;0;0;0;812074,8367;5821030,198;13,59331104;52,4501155
216525;11;Treptow-Koepenick;9200512.0;2021;10;18;4;3;5;2;1;1;1;0;0;0;0;0;808150,6809;5821877,506;13,53653258;52,45993509
216523;11;Pankow;3400724.0;2021;11;8;3;2;5;2;0;1;1;0;0;0;0;1;800027,0981;5834546,18;13,42875718;52,57800946
216517;11;Mitte;1300732.0;2021;11;17;3;3;0;3;1;1;1;0;0;0;0;0;797591,9365;5832772,584;13,39133514;52,56344871
216515;11;Charlottenburg-Wilmersdorf;4501146.0;2021;10;11;5;3;3;6;0;1;1;0;0;0;0;0;793309,5801;5823814,716;13,32043979;52,48546949
216513;11;Marzahn-Hellersdorf;10200422.0;2021;10;14;1;3;5;3;0;1;0;0;0;0;0;0;812448,0358;5831418,542;13,6085282;52,54299402
216508;11;Mitte;1200519.0;2021;11;0;6;3;0;7;2;1;0;0;0;0;0;1;793913,8261;5828577,902;13,33351806;52,52784405
216505;11;Pankow;3701554.0;2021;10;13;7;2;6;4;0;1;0;1;0;0;0;0;799026,9657;5829786,052;13,40975334;52,53589281
216503;11;Pankow;3601346.0;2021;11;17;2;3;2;6;2;1;1;0;0;0;1;1;799423,2596;5831054,606;13,41672193;52,54704581
216502;11;Charlottenburg-Wilmersdorf;4501147.0;2021;11;9;6;3;6;4;0;1;0;1;0;0;0;1;793376,4889;5824125,938;13,32169626;52,48822353
216497;11;Tempelhof-Schoeneberg;7100206.0;2021;11;13;2;3;1;5;0;1;1;0;0;0;0;1;796831,8052;5824298,087;13,37258938;52,48789897
216491;11;Neukoelln;8100209.0;2021;11;16;4;3;5;2;0;1;1;0;0;0;0;0;801290,6271;5822290,201;13,43624528;52,46745943
216484;11;Treptow-Koepenick;9200510.0;2021;11;10;7;3;5;3;0;1;1;0;0;0;0;0;806552,0436;5822297,33;13,51346283;52,46459675
216482;11;Reinickendorf;12100205.0;2021;10;7;5;3;5;3;0;1;0;0;0;0;1;1;794804,5494;5834234,427;13,35163281;52,57806933
216480;11;Charlottenburg-Wilmersdorf;4300412.0;2021;10;5;1;2;5;3;2;1;1;0;0;0;0;0;791660,735;5827541,028;13,29949078;52,51975876
216470;11;Mitte;1100207.0;2021;11;11;2;3;5;3;0;1;1;0;0;0;0;0;797864,9741;5826764,483;13,38996617;52,50944457
216469;11;Spandau;5200629.0;2021;10;15;3;2;1;5;0;1;0;0;0;0;1;1;784471,9725;5828460,572;13,19461744;52,53180133
216466;11;Treptow-Koepenick;9501939.0;2021;11;14;3;3;6;4;0;1;0;1;0;0;0;1;811030,0237;5821829,475;13,57873063;52,45787365
216465;11;Mitte;1400940.0;2021;11;18;6;3;3;6;1;1;1;0;0;0;0;1;795022,1672;5832177,86;13,35300578;52,55951608
216463;11;Spandau;5100208.0;2021;10;16;6;3;3;1;0;1;1;0;0;0;0;1;781678,7671;5830480,223;13,15526165;52,5513612
216461;11;Treptow-Koepenick;9200510.0;2021;11;15;4;3;6;4;0;1;0;1;0;0;0;0;806595,0403;5822109,026;13,51392078;52,46288498
216459;11;Pankow;3601451.0;2021;10;9;6;3;1;5;0;1;1;0;0;0;0;0;801048,258;5829879,775;13,43954933;52,53562014
216456;11;Neukoelln;8100104.0;2021;10;11;4;3;1;5;0;1;1;0;0;1;0;0;800782,4092;5822704,381;13,4291599;52,47145189
216451;11;Charlottenburg-Wilmersdorf;4200203.0;2021;11;13;7;3;5;3;0;1;1;0;0;0;0;0;788310,7919;5826875,737;13,2496798;52,51557566
216447;11;Steglitz-Zehlendorf;6200421.0;2021;10;15;7;3;1;1;0;1;1;0;0;0;0;1;793946,9837;5818443,335;13,32506945;52,43697443
216445;11;Neukoelln;8100417.0;2021;11;14;6;3;5;3;0;1;1;0;0;0;0;0;802020,0114;5822909,205;13,44751009;52,47260494
216444;11;Pankow;3200205.0;2021;10;18;7;3;5;2;1;1;1;0;0;0;0;0;798198,357;5835280,402;13,40251027;52,58559586
216442;11;Lichtenberg;11300721.0;2021;11;13;5;3;5;3;0;1;1;0;0;0;0;0;804919,7201;5829937,537;13,49650479;52,53398574
216440;11;Pankow;3601453.0;2021;10;10;5;3;5;3;0;1;1;0;0;0;0;0;802881,6657;5828633,522;13,4653622;52,52343443
216439;11;Friedrichshain-Kreuzberg;2300417.0;2021;10;19;5;3;5;3;1;1;1;0;0;0;0;1;800510,645;5825448,053;13,42764435;52,49619403
216436;11;Treptow-Koepenick;9200613.0;2021;11;16;5;3;5;3;1;1;1;0;0;0;0;1;805824,7548;5821876,437;13,50240504;52,46123204
216433;11;Steglitz-Zehlendorf;6100206.0;2021;10;18;5;2;5;3;2;1;1;0;0;0;0;0;794238,0953;5819389,236;13,33017236;52,44529752
216432;11;Mitte;1401046.0;2021;10;15;3;3;5;7;0;1;1;0;0;0;0;0;795050,835;5829941,619;13,35144046;52,53945451
216431;11;Mitte;1100312.0;2021;11;15;2;3;1;5;0;1;1;0;0;0;0;1;799147,793;5826948,686;13,40897735;52,51039374
216426;11;Marzahn-Hellersdorf;10100311.0;2021;10;14;5;3;5;2;0;1;1;0;0;0;0;0;807203,9153;5829146,089;13,52934344;52,52561018
216425;11;Mitte;1100416.0;2021;10;9;6;3;5;3;0;1;1;0;0;0;0;0;798755,9685;5829618,285;13,40561898;52,53453765
216423;11;Mitte;1300733.0;2021;10;16;6;2;6;7;0;1;0;1;0;0;0;0;797282,0498;5831910,379;13,3860046;52,55588942
216422;11;Pankow;3601244.0;2021;11;10;3;3;5;3;0;1;1;0;0;0;0;0;800084,3778;5831671,474;13,42699977;52,55221122
216420;11;Mitte;1100206.0;2021;11;13;4;3;5;2;0;1;1;0;0;0;0;0;798034,5078;5827395,429;13,39302184;52,51500761
216414;11;Mitte;1100102.0;2021;10;17;1;3;5;2;0;1;1;0;0;0;0;0;796117,8949;5826716,957;13,36425665;52,50996969
216411;11;Charlottenburg-Wilmersdorf;4501042.0;2021;11;9;3;3;0;7;0;1;0;0;0;0;0;0;794246,2492;5826080,785;13,33619566;52,50527957
216408;11;Lichtenberg;11401136.0;2021;10;9;1;3;5;2;0;1;1;0;0;0;0;0;805888,9095;5825854,825;13,5069958;52,49685213
216403;11;Tempelhof-Schoeneberg;7601236.0;2021;10;11;4;3;5;2;0;1;1;0;0;0;0;0;796517,6104;5816370,495;13,36093695;52,41700543
216401;11;Charlottenburg-Wilmersdorf;4501149.0;2021;11;17;5;3;1;5;2;1;1;0;0;0;0;1;793683,0007;5824444,585;13,3264783;52,49091527
216398;11;Tempelhof-Schoeneberg;7501133.0;2021;10;10;4;3;5;2;0;1;1;0;0;0;0;0;797864,2274;5818822,378;13,38286278;52,43825294
216395;11;Lichtenberg;11200512.0;2021;11;9;7;3;0;1;0;1;0;0;0;0;0;1;803066,2957;5830638,516;13,46990318;52,54130217
216394;11;Friedrichshain-Kreuzberg;2200208.0;2021;11;14;4;3;4;6;0;1;0;0;0;0;0;0;797780,6663;5824941,871;13,3870978;52,49315304
216390;11;Reinickendorf;12500930.0;2021;10;11;2;3;5;2;0;1;1;0;0;0;0;0;792341,5262;5834069,251;13,31524287;52,5779174
216388;11;Marzahn-Hellersdorf;10200526.0;2021;11;13;4;3;2;6;0;1;1;0;0;0;0;0;812041,4078;5830308,574;13,60150933;52,53328047
216386;11;Pankow;3400722.0;2021;10;16;2;2;5;7;0;1;1;0;0;0;0;0;798659,2472;5833891,303;13,40804131;52,57289193
216385;11;Mitte;1100313.0;2021;9;7;4;3;3;6;0;1;1;0;0;0;0;0;800470,5651;5826677,472;13,42816503;52,50723579
216383;11;Charlottenburg-Wilmersdorf;4400835.0;2021;9;7;3;3;5;2;0;1;0;0;0;0;1;0;792983,2153;5822380,533;13,31438708;52,47278767
216382;11;Mitte;1100103.0;2021;9;20;2;3;1;5;1;1;1;0;0;0;0;0;795807,8734;5825682,91;13,35878309;52,50086854
216381;11;Mitte;1401048.0;2021;9;12;6;3;6;7;0;1;0;1;0;0;0;0;795215,493;5831127,977;13,35491565;52,55000002
216380;11;Charlottenburg-Wilmersdorf;4501153.0;2021;9;16;4;3;0;1;0;1;0;0;0;0;0;0;793861,7066;5823208,941;13,32801343;52,4797421
216378;11;Friedrichshain-Kreuzberg;2300316.0;2021;8;14;6;3;5;2;0;1;1;0;0;0;0;0;800743,2511;5826526,047;13,43203388;52,50572828
216377;11;Charlottenburg-Wilmersdorf;4400832.0;2021;9;15;2;3;1;5;0;1;1;0;0;0;0;0;791343,9004;5822414,572;13,29035045;52,47396967
216375;11;Neukoelln;8100312.0;2021;9;16;7;3;3;6;0;1;0;0;0;0;1;0;801153,9972;5824103,709;13,43587758;52,48378974
216374;11;Steglitz-Zehlendorf;6200423.0;2021;10;14;6;3;5;2;0;1;1;0;0;0;0;0;793370,8957;5816219,837;13,3146688;52,41735055
216372;11;Friedrichshain-Kreuzberg;2200210.0;2021;9;14;3;2;5;3;0;1;0;0;0;0;1;0;798988,7915;5824762,965;13,40467912;52,49088898
216370;11;Marzahn-Hellersdorf;10100316.0;2021;8;13;3;3;5;2;0;1;1;0;0;0;0;0;810051,5781;5831661,128;13,57353036;52,54653685
216368;11;Spandau;5100316.0;2021;9;8;5;3;6;4;0;1;0;1;0;0;0;0;783966,6029;5829270,093;13,18787902;52,53932311
216367;11;Pankow;3400619.0;2021;9;17;3;3;5;2;0;1;1;0;0;0;0;0;795817,8747;5835211,417;13,36741544;52,58627711
216366;11;Mitte;1200623.0;2021;9;17;7;3;5;7;0;1;1;0;0;0;0;0;795291,2922;5828737,182;13,35390555;52,52852749
216364;11;Mitte;1300835.0;2021;9;19;7;3;3;7;1;1;0;0;0;0;0;0;797726,6677;5830159,291;13,39097358;52,53995031
216362;11;Mitte;1200626.0;2021;9;9;5;2;3;5;0;1;0;0;1;0;0;0;794896,2855;5828295,176;13,34770763;52,52477906
216359;11;Pankow;3300411.0;2021;9;12;4;3;4;6;0;1;0;0;0;0;0;0;803752,3255;5839284,523;13,48791037;52,61841028
216353;11;Steglitz-Zehlendorf;6400737.0;2021;9;7;3;2;5;3;0;1;1;0;0;0;0;0;786291,9431;5817653,391;13,21209329;52,43395276
216352;11;Charlottenburg-Wilmersdorf;4300412.0;2021;9;10;5;3;3;6;0;1;0;0;1;0;0;0;790955,9003;5827408,634;13,28901639;52,51894838
216348;11;Friedrichshain-Kreuzberg;2200210.0;2021;9;15;6;3;5;2;0;1;1;0;0;0;0;1;798483,5327;5825209,721;13,39765976;52,49517007
216346;11;Friedrichshain-Kreuzberg;2200210.0;2021;9;6;5;3;4;6;0;1;0;0;0;0;0;1;798894,2043;5825094,68;13,40358771;52,49391415
216341;11;Friedrichshain-Kreuzberg;2500834.0;2021;9;12;1;2;5;2;0;1;1;0;0;0;0;0;802013,7122;5826918,946;13,45105177;52,50854809
216339;11;Charlottenburg-Wilmersdorf;4400830.0;2021;9;13;6;3;0;1;0;1;0;0;0;0;0;0;791679,1252;5823565,835;13,29627901;52,48411178
216337;11;Treptow-Koepenick;9502042.0;2021;9;16;3;3;5;3;0;1;1;0;0;0;0;0;811372,1659;5822557,225;13,58442868;52,46420055
216336;11;Friedrichshain-Kreuzberg;2400625.0;2021;9;16;3;3;5;2;0;1;1;0;0;0;0;0;801748,401;5826252,945;13,44655082;52,50272547
216335;11;Friedrichshain-Kreuzberg;2500835.0;2021;9;18;3;3;1;5;1;1;1;0;0;0;0;0;802628,7294;5826117,366;13,45935746;52,50102276
216334;11;Friedrichshain-Kreuzberg;2400623.0;2021;8;15;2;2;5;3;0;1;1;0;0;0;0;1;800279,0341;5827621,859;13,42620357;52,5158061
216327;11;Pankow;3601141.0;2021;8;17;3;3;5;2;0;1;0;0;0;0;1;0;799248,2708;5831804,026;13,41482442;52,55385933
216326;11;Pankow;3400619.0;2021;9;14;1;3;5;2;0;1;1;0;0;0;0;0;796025,183;5835715,12;13,37091649;52,59067948
216322;11;Treptow-Koepenick;9100409.0;2021;9;7;4;3;5;2;0;1;1;0;0;0;0;0;807230,1369;5819787,277;13,52110381;52,44172019
216319;11;Treptow-Koepenick;9501939.0;2021;8;17;3;3;6;4;0;1;0;1;0;0;0;0;811049,8965;5821871,508;13,57906133;52,45823902
216317;11;Spandau;5300737.0;2021;9;14;4;3;0;3;0;1;1;0;0;0;0;0;787034,593;5829473,197;13,23316704;52,53953665
216315;11;Mitte;1300733.0;2021;9;19;1;3;5;2;1;1;1;0;0;0;0;0;797158,9651;5831919,41;13,38420252;52,55603754
216313;11;Lichtenberg;11501340.0;2021;9;21;2;2;1;5;2;1;1;0;0;0;0;0;808139,851;5825647,411;13,53985684;52,49372715
216312;11;Mitte;1100310.0;2021;9;15;5;3;0;7;0;1;0;0;0;0;0;0;799200,7972;5827692,941;13,41042522;52,51703583
216311;11;Charlottenburg-Wilmersdorf;4501042.0;2021;9;17;1;3;5;2;0;1;0;0;0;0;1;0;794276,8984;5826064,398;13,33663144;52,50511614
216310;11;Friedrichshain-Kreuzberg;2400625.0;2021;8;14;6;2;3;6;0;1;0;0;0;0;0;0;801685,0902;5826128,488;13,44550817;52,50164496
216309;11;Pankow;3601245.0;2021;9;6;5;3;5;2;0;1;0;0;0;0;1;0;800146,0809;5830861,071;13,42717465;52,54491337
216308;11;Charlottenburg-Wilmersdorf;4400830.0;2021;9;15;6;2;5;2;0;1;1;0;0;0;0;0;792349,4406;5823119,114;13,30573041;52,47974851
216306;11;Reinickendorf;12400617.0;2021;9;14;4;3;0;7;0;1;1;0;0;0;0;0;786085,1305;5837657,066;13,22626806;52,61340966
216305;11;Friedrichshain-Kreuzberg;2100106.0;2021;8;10;6;3;2;2;0;1;0;0;0;1;0;1;798586,6454;5825559,38;13,39948752;52,49824791
216304;11;Tempelhof-Schoeneberg;7300619.0;2021;8;11;4;3;5;2;0;1;1;0;0;0;0;0;795412,8491;5822242,8;13,34993167;52,47024444
216297;11;Treptow-Koepenick;9200715.0;2021;9;8;3;3;5;2;0;1;1;0;0;0;0;0;808669,8751;5818583,083;13,54110662;52,43011745
216295;11;Steglitz-Zehlendorf;6200423.0;2021;8;19;3;3;3;6;2;1;1;0;0;0;0;0;794254,9212;5815041,529;13,32659443;52,40631284
216294;11;Mitte;1300733.0;2021;9;10;2;3;6;7;0;1;0;1;0;0;0;0;797405,6984;5831868,311;13,38778537;52,55544482
216293;11;Marzahn-Hellersdorf;10200423.0;2021;9;15;5;3;3;6;0;1;1;0;0;0;0;0;814203,0189;5831041,455;13,6339654;52,53860595
216291;11;Steglitz-Zehlendorf;6400735.0;2021;8;14;7;2;5;3;0;1;0;0;0;0;0;0;782022,9803;5815658,589;13,14778386;52,41828377
216287;11;Neukoelln;8100105.0;2021;9;21;4;3;5;2;2;1;1;0;0;0;0;1;801038,5171;5821949,04;13,43223748;52,46454045
216284;11;Pankow;3400620.0;2021;9;2;7;2;5;3;2;1;1;0;0;0;0;0;797411,7617;5833971,81;13,38976021;52,57429667
216283;11;Mitte;1300834.0;2021;9;16;5;3;5;2;0;1;1;0;0;0;0;0;798080,7656;5830002,285;13,39603839;52,53834939
216278;11;Steglitz-Zehlendorf;6200317.0;2021;9;18;3;3;5;3;1;1;1;0;0;0;0;0;796703,6099;5817503,185;13,36466838;52,42705831
216274;11;Charlottenburg-Wilmersdorf;4501045.0;2021;9;12;7;3;5;7;0;1;1;0;0;0;0;0;793533,818;5824898,886;13,32468763;52,49506812
216271;11;Neukoelln;8100415.0;2021;8;21;1;3;4;6;2;1;1;0;0;0;0;1;801643,3086;5823756,571;13,44274735;52,4804082
216267;11;Treptow-Koepenick;9301126.0;2021;9;9;7;3;2;6;0;1;0;0;0;0;0;1;811025,7763;5818097,153;13,57519493;52,42442854
216264;11;Steglitz-Zehlendorf;6200421.0;2021;10;6;6;3;3;6;2;1;1;0;0;0;0;0;793195,8862;5816473,098;13,31232472;52,41971477
216262;11;Friedrichshain-Kreuzberg;2500830.0;2021;9;17;3;3;5;3;0;1;0;0;0;0;0;0;802422,8863;5827425,496;13,45752259;52,51286161
216261;11;Steglitz-Zehlendorf;6100205.0;2021;9;7;3;3;5;3;0;1;1;0;0;0;0;0;795775,6129;5819929,295;13,35320676;52,44930924
216259;11;Lichtenberg;11401034.0;2021;9;10;6;3;1;5;0;1;1;0;0;0;0;0;806878,2252;5827031,143;13,52260721;52,50683915
216256;11;Charlottenburg-Wilmersdorf;4400835.0;2021;9;9;7;3;0;6;0;1;0;0;0;0;1;1;793088,5232;5822047,281;13,31564025;52,46974367
216255;11;Reinickendorf;12500929.0;2021;9;14;4;3;5;3;0;1;1;0;0;0;0;0;794728,5576;5838692,389;13,35448267;52,61807207
216252;11;Treptow-Koepenick;9501838.0;2021;9;15;4;3;3;6;0;1;0;0;1;0;0;0;818403,8672;5820637,604;13,68575658;52,4429488
216251;11;Tempelhof-Schoeneberg;7300517.0;2021;9;16;5;3;5;7;0;1;1;0;0;0;0;0;794210,3147;5822753,666;13,33273013;52,47547308
216250;11;Neukoelln;8100313.0;2021;9;15;4;3;5;3;0;1;1;0;0;0;0;1;801748,3872;5824286,206;13,44476932;52,48509734
216246;11;Charlottenburg-Wilmersdorf;4300414.0;2021;9;17;6;3;5;2;1;1;1;0;0;0;0;0;790847,7681;5826735,521;13,28683884;52,51297162
216244;11;Steglitz-Zehlendorf;6100103.0;2021;9;20;3;3;0;3;1;1;0;0;0;0;0;0;793894,3449;5820976,41;13,32652596;52,45971082
216242;11;Mitte;1401048.0;2021;9;14;5;2;5;2;0;1;1;0;0;0;0;0;795595,3939;5831749,545;13,36105558;52,55536577
216238;11;Mitte;1300836.0;2021;9;7;6;3;5;7;0;1;0;0;0;0;1;0;796472,9599;5830876,023;13,37318181;52,5470586
216230;11;Mitte;1300836.0;2021;8;8;2;3;2;6;0;1;0;0;0;0;1;0;796511,8198;5830921,011;13,37379338;52,54744072
216229;11;Marzahn-Hellersdorf;10300734.0;2021;9;13;6;2;5;2;0;1;1;0;0;0;0;0;809565,608;5826554,818;13,5616338;52,50105236
216228;11;Charlottenburg-Wilmersdorf;4300623.0;2021;9;17;4;3;0;6;0;1;0;0;0;0;1;0;792432,6152;5826118,344;13,30958422;52,5065914
216222;11;Spandau;5300839.0;2021;9;20;6;3;1;5;1;1;1;0;0;0;0;0;789106,0197;5829729,792;13,26384797;52,54074203
216221;11;Tempelhof-Schoeneberg;7200413.0;2021;9;18;4;3;3;6;0;1;1;0;0;0;0;0;796035,1332;5823592,755;13,36026426;52,48200883
216219;11;Pankow;3400830.0;2021;9;18;2;3;0;7;0;1;0;0;0;0;0;0;799589,1986;5833109,215;13,4210161;52,56537076
216217;11;Pankow;3300516.0;2021;8;20;3;2;0;4;1;1;0;1;0;0;0;0;800760,6959;5833324,147;13,43844237;52,56665132
216216;11;Charlottenburg-Wilmersdorf;4501042.0;2021;9;19;5;3;4;2;1;1;0;0;1;0;0;0;793940,1997;5826070,528;13,33169048;52,50535259
216212;11;Friedrichshain-Kreuzberg;2300316.0;2021;9;9;4;3;5;3;0;1;1;0;0;0;0;0;801132,5899;5826287,746;13,43753732;52,50337759
216210;11;Pankow;3200308.0;2021;8;7;5;3;5;3;0;1;1;0;0;0;0;1;799695,4417;5837328,577;13,42639461;52,60313147
216209;11;Marzahn-Hellersdorf;10200629.0;2021;8;18;3;3;3;6;0;1;0;0;0;0;1;0;810635,2473;5829345,17;13,57994549;52,52545017
216207;11;Treptow-Koepenick;9501736.0;2021;9;16;3;3;5;3;0;1;1;0;0;0;0;0;813361,8117;5821568,062;13,61269165;52,45419925
216203;11;Pankow;3601140.0;2021;8;17;2;2;3;6;0;1;0;0;0;0;0;0;798280,66;5831806,905;13,40059764;52,55441591
216202;11;Steglitz-Zehlendorf;6100209.0;2021;9;18;6;3;5;2;0;1;1;0;0;0;0;1;794207,6605;5821448,59;13,33154029;52,46377512
216196;11;Treptow-Koepenick;9200512.0;2021;9;18;2;3;1;5;1;1;0;0;0;1;0;0;808136,6434;5821907,879;13,53635466;52,4602152
216193;11;Charlottenburg-Wilmersdorf;4501153.0;2021;10;8;6;3;5;2;0;1;1;0;0;0;0;0;793946,456;5823427,345;13,3294503;52,48165438
216192;11;Tempelhof-Schoeneberg;7400721.0;2021;9;11;3;2;1;5;0;1;1;0;0;0;0;0;797631,4251;5822573,834;13,38279195;52,47200761
216191;11;Friedrichshain-Kreuzberg;2200209.0;2021;9;8;3;3;5;2;0;1;1;0;0;0;0;0;797766,6742;5824734,759;13,38670722;52,49130415
216189;11;Charlottenburg-Wilmersdorf;4300623.0;2021;8;8;3;3;0;7;0;1;0;0;0;0;0;0;792413,7066;5826199,135;13,30937738;52,5073258
216188;11;Mitte;1100312.0;2021;9;9;6;3;5;2;0;1;1;0;0;0;0;0;799690,906;5827213,304;13,41719446;52,51246753
216184;11;Tempelhof-Schoeneberg;7200307.0;2021;8;23;3;3;1;5;2;1;1;0;0;0;0;1;794968,3059;5824007,645;13,34496739;52,48630538
216182;11;Charlottenburg-Wilmersdorf;4501042.0;2021;9;11;7;3;0;2;0;1;1;0;0;0;0;1;793933,6545;5825893,172;13,33143775;52,50376622
216176;11;Pankow;3200309.0;2021;8;16;5;3;5;3;0;1;1;0;0;0;0;1;800140,946;5838356,546;13,43388545;52,61209951
216174;11;Mitte;1200517.0;2021;9;16;6;3;3;6;0;1;1;0;0;0;0;0;793505,2017;5829116,331;13,32798729;52,53289094
216173;11;Friedrichshain-Kreuzberg;2100101.0;2021;9;8;5;3;5;2;0;1;1;0;0;0;0;0;797806,8756;5825928,591;13,38836492;52,50198352
216169;11;Steglitz-Zehlendorf;6400842.0;2021;9;10;2;3;6;7;0;1;0;1;0;0;0;0;790027,3768;5819347,194;13,26835665;52,44717044
216168;11;Charlottenburg-Wilmersdorf;4200309.0;2021;9;15;1;3;0;6;0;1;1;0;0;0;0;0;788986,124;5826984,317;13,25969859;52,51619169
216166;11;Spandau;5100207.0;2021;9;7;5;3;5;3;0;1;1;0;0;0;0;0;780789,3617;5829935,052;13,14171765;52,54693211
216165;11;Steglitz-Zehlendorf;6300527.0;2021;9;13;6;3;1;5;0;1;1;0;0;0;0;0;790721,2694;5817745,944;13,27714495;52,43244635
216164;11;Neukoelln;8100310.0;2021;9;18;4;3;0;5;1;1;1;0;0;0;0;1;800604,9944;5825125,316;13,42873874;52,49324927
216161;11;Steglitz-Zehlendorf;6400844.0;2021;9;15;5;3;0;3;0;1;0;0;0;0;1;0;790742,6728;5820755,204;13,28007774;52,45941357