object_id;federal_state;district;lor_2021;year_accident;month_accident;hour_accident;weekday;accident_category;accident_type;accident_subtype;light_conditions;accident_involving_bicycle;accident_involving_passenger_car;accident_involving_pedestrian;accident_involving_motorcycle;accident_involving_truck;accident_involving_other;road_condition;coordinates_1a;coordinates_2a;coordinates_1b;coordinates_2b
216160;11;Treptow-Koepenick;9301126.0;2021;8;8;4;3;5;2;0;1;0;0;0;1;0;0;809956,6809;5817907,555;13,55934701;52,42333599
216159;11;Mitte;1200520.0;2021;9;15;1;3;5;2;0;1;1;0;0;0;0;0;794589,4144;5828438,806;13,34332475;52,52623249
216156;11;Spandau;5300840.0;2021;9;7;4;3;5;2;0;1;1;0;0;0;0;0;789406,1144;5828678,141;13,2673447;52,53115448
216153;11;Lichtenberg;11200513.0;2021;9;14;2;3;0;6;0;1;1;0;0;0;0;0;804559,9065;5831027,752;13,49221577;52,54395796
216152;11;Charlottenburg-Wilmersdorf;4501042.0;2021;8;14;3;2;3;6;0;1;1;0;0;0;0;0;793876,3709;5825868,385;13,33057436;52,50357487
216151;11;Treptow-Koepenick;9200613.0;2021;9;15;6;3;6;4;0;1;0;1;0;0;0;1;806999,4632;5821158,102;13,51898049;52,45413549
216150;11;Pankow;3601449.0;2021;9;16;4;3;6;3;0;1;0;1;0;0;0;0;801104,7596;5830758,894;13,4411765;52,54346857
216147;11;Pankow;3601449.0;2021;9;7;2;3;6;4;0;1;0;1;0;0;0;0;801137,7077;5830739,404;13,44164322;52,54327567
216145;11;Charlottenburg-Wilmersdorf;4200311.0;2021;8;9;3;3;5;2;0;1;1;0;0;0;0;0;790399,9756;5827140,906;13,28061261;52,51684452
216142;11;Charlottenburg-Wilmersdorf;4200308.0;2021;9;17;3;3;5;2;0;1;0;0;1;0;0;0;789286,0223;5827512,987;13,26456558;52,52077235
216141;11;Tempelhof-Schoeneberg;7400928.0;2021;9;15;4;3;5;2;0;1;1;0;0;0;0;0;799980,3963;5821330,088;13,41615268;52,45957439
216139;11;Reinickendorf;12400617.0;2021;8;15;5;2;8;1;0;1;0;0;0;0;0;1;786030,3493;5837665,872;13,2254688;52,61351744
216138;11;Charlottenburg-Wilmersdorf;4400831.0;2021;8;19;3;3;5;2;1;1;1;0;0;0;0;0;790740,7881;5822657,903;13,28170806;52,47647253
216129;11;Mitte;1100310.0;2021;9;18;5;3;2;6;0;1;0;0;0;0;0;0;799539,3081;5828217,565;13,41587139;52,52155245
216127;11;Mitte;1100415.0;2021;9;19;4;3;1;5;1;1;1;0;0;0;0;1;798457,0761;5829126,076;13,40078355;52,53028943
216126;11;Friedrichshain-Kreuzberg;2200208.0;2021;8;6;6;3;5;2;0;1;1;0;0;0;0;1;797847,0431;5824925,485;13,38805794;52,49296994
216122;11;Steglitz-Zehlendorf;6400841.0;2021;9;14;3;3;2;6;0;1;1;0;0;0;0;0;789688,6477;5818446,898;13,262606;52,43927852
216121;11;Tempelhof-Schoeneberg;7300517.0;2021;9;14;2;3;3;5;0;1;1;0;0;0;0;0;794318,4868;5822317,164;13,33393304;52,47150179
216119;11;Mitte;1100311.0;2021;9;18;2;2;5;3;0;1;0;0;0;0;1;0;799661,7439;5827617,169;13,41712972;52,51610358
216118;11;Pankow;3601245.0;2021;9;16;2;3;5;3;0;1;1;0;0;0;0;0;801160,8655;5831110,539;13,44232016;52,54658939
216113;11;Mitte;1100309.0;2021;9;7;4;3;1;5;0;1;1;0;0;0;0;0;797857,6497;5828537,31;13,39144575;52,52533976
216112;11;Mitte;1100310.0;2021;9;11;1;3;5;2;0;1;1;0;0;0;0;0;799223,5735;5828466,357;13,4114556;52,52395585
216111;11;Pankow;3300516.0;2021;8;11;7;3;5;3;0;1;1;0;0;0;0;0;801110,1926;5834987,746;13,44509383;52,58136901
216103;11;Steglitz-Zehlendorf;6400839.0;2021;9;17;4;3;6;7;0;1;0;1;0;0;0;0;789380,6342;5818128,605;13,25781178;52,43658795
216102;11;Mitte;1200520.0;2021;9;10;3;3;5;2;0;1;1;0;0;0;0;0;794440,9161;5829321,684;13,34192413;52,53422712
216101;11;Charlottenburg-Wilmersdorf;4501040.0;2021;9;16;7;3;0;2;0;1;1;0;0;0;0;1;792718,9983;5825391,082;13,3131523;52,49991813
216099;11;Lichtenberg;11300620.0;2021;9;15;2;3;5;3;0;1;1;0;0;0;0;0;803973,5827;5829085,377;13,48181985;52,52687663
216096;11;Mitte;1100309.0;2021;9;1;6;3;5;3;2;1;1;0;0;0;0;0;797943,4495;5828779,418;13,39292362;52,52746306
216095;11;Lichtenberg;11501341.0;2021;9;10;7;3;5;2;0;1;1;0;0;0;0;1;807202,9908;5823907,448;13,5244972;52,47866138
216089;11;Marzahn-Hellersdorf;10100311.0;2021;9;14;5;2;5;3;0;1;1;0;0;0;0;0;807001,2525;5830429,675;13,52755094;52,53722791
216085;11;Lichtenberg;11200515.0;2021;9;15;3;3;5;3;0;1;1;0;0;0;0;0;806106,803;5830164,905;13,5141606;52,5353581
216084;11;Tempelhof-Schoeneberg;7100205.0;2021;8;16;3;2;6;4;0;1;0;1;0;0;0;0;796428,8465;5824892,037;13,36720057;52,49344213
216082;11;Treptow-Koepenick;9100408.0;2021;9;17;4;3;0;2;0;1;1;0;0;0;0;0;806497,7268;5820066,651;13,51061844;52,44463503
216078;11;Tempelhof-Schoeneberg;7100206.0;2021;9;16;7;3;1;5;1;1;1;0;0;0;0;1;796616,735;5824313,856;13,36944526;52,48815722
216074;11;Friedrichshain-Kreuzberg;2100102.0;2021;9;9;5;3;1;5;0;1;1;0;0;0;0;0;797934,1829;5826382,82;13,39064133;52,50598564
216072;11;Pankow;3400828.0;2021;9;15;4;3;5;3;0;1;1;0;0;0;0;1;799827,6528;5832098,665;13,42361052;52,55618163
216071;11;Mitte;1200519.0;2021;9;8;3;3;5;3;0;1;0;0;0;0;1;0;794013,591;5829169,067;13,33550727;52,53308969
216069;11;Treptow-Koepenick;9200510.0;2021;8;13;3;3;0;2;0;1;1;0;0;0;0;0;806413,0312;5822980,694;13,51205052;52,47079927
216068;11;Charlottenburg-Wilmersdorf;4300412.0;2021;9;14;6;3;5;2;0;1;0;0;0;0;1;0;790794,2534;5827391,504;13,28662581;52,51888103
216067;11;Steglitz-Zehlendorf;6100206.0;2021;9;17;5;3;0;7;0;1;0;0;0;0;0;0;795099,914;5819450,369;13,34286986;52,4453811
216066;11;Pankow;3701658.0;2021;9;11;2;3;6;7;0;1;0;1;0;0;0;0;799943,0858;5829971,726;13,42338726;52,53705367
216065;11;Mitte;1400938.0;2021;9;17;7;3;6;7;0;1;0;1;0;0;0;0;794668,7989;5831155,104;13,34690033;52,5505392
216064;11;Neukoelln;8100310.0;2021;8;12;3;2;5;2;0;1;1;0;0;0;0;0;800982,8862;5824768,888;13,43396607;52,48984627
216063;11;Marzahn-Hellersdorf;10200524.0;2021;9;9;2;3;5;3;0;1;1;0;0;0;0;0;813262,2283;5830369,392;13,61950597;52,53312524
216051;11;Steglitz-Zehlendorf;6200317.0;2021;9;14;4;3;5;3;0;1;1;0;0;0;0;0;796783,526;5817868,054;13,36616408;52,43028573
216050;11;Charlottenburg-Wilmersdorf;4501153.0;2021;9;8;3;3;5;3;0;1;0;0;0;0;0;0;794185,3095;5823228,407;13,33278185;52,47974237
216048;11;Charlottenburg-Wilmersdorf;4501045.0;2021;9;10;3;3;1;5;0;1;1;0;0;0;0;0;793474,5909;5824856,861;13,3237807;52,49472324
216047;11;Friedrichshain-Kreuzberg;2300316.0;2021;9;10;3;3;4;6;0;1;0;0;0;0;0;0;800698,5333;5826439,767;13,43129909;52,50497957
216044;11;Treptow-Koepenick;9200510.0;2021;9;19;1;3;1;5;1;1;1;0;0;0;0;0;806586,0048;5822155,444;13,51383083;52,46330606
216041;11;Reinickendorf;12100101.0;2021;8;12;7;3;5;2;0;1;1;0;0;0;0;0;795770,041;5832572,284;13,36435733;52,562646
216039;11;Reinickendorf;12200412.0;2021;9;15;1;3;5;3;0;1;1;0;0;0;0;0;790676,4586;5834314,547;13,29095513;52,58100842
216030;11;Mitte;1100207.0;2021;8;3;6;2;0;1;2;1;0;0;0;0;0;1;798309,232;5826981,135;13,39668694;52,51114382
216029;11;Friedrichshain-Kreuzberg;2500833.0;2021;9;19;2;3;0;1;0;1;0;0;0;0;0;0;802386,3775;5827080,926;13,45667318;52,50979348
216028;11;Treptow-Koepenick;9200613.0;2021;9;8;7;2;5;3;0;1;1;0;0;0;0;1;805794,606;5821825,33;13,50191585;52,46079086
216027;11;Friedrichshain-Kreuzberg;2100105.0;2021;9;16;6;3;5;3;0;1;0;0;1;0;0;0;799814,8809;5825748,444;13,41769667;52,49926921
216017;11;Treptow-Koepenick;9502043.0;2021;8;6;2;3;2;6;1;1;1;0;0;0;0;1;810583,0167;5822176,11;13,57249541;52,46123425
216012;11;Tempelhof-Schoeneberg;7601341.0;2021;9;18;2;3;2;6;0;1;1;0;0;0;0;0;796542,1285;5814369,881;13,35952461;52,39905806
216006;11;Charlottenburg-Wilmersdorf;4300414.0;2021;9;11;6;3;1;5;0;1;1;0;0;0;1;0;791550,856;5826698,052;13,29713727;52,51226035
216002;11;Mitte;1100308.0;2021;8;9;3;3;2;6;0;1;1;0;0;0;0;0;797598,4638;5828437,143;13,387547;52,52458342
216001;11;Spandau;5300839.0;2021;9;18;6;3;0;1;0;1;0;0;0;0;0;0;788720,3624;5830528,368;13,25887139;52,54810598
216000;11;Marzahn-Hellersdorf;10300731.0;2021;9;7;5;3;5;2;0;1;1;0;0;0;0;0;809655,0861;5830269,153;13,56640471;52,53428807
215998;11;Tempelhof-Schoeneberg;7300517.0;2021;9;17;2;2;5;3;0;1;1;0;0;0;0;0;794247,2716;5822046,585;13,33264897;52,46911454
215995;11;Steglitz-Zehlendorf;6400735.0;2021;9;14;1;3;3;6;0;1;1;0;0;0;0;0;779479,4458;5815580,909;13,11041554;52,41889208
215993;11;Treptow-Koepenick;9502043.0;2021;9;7;6;3;5;3;0;1;0;0;0;0;0;0;810855,5168;5822503,436;13,57679818;52,46401266
215990;11;Spandau;5100316.0;2021;9;14;6;2;5;3;0;1;1;0;0;0;0;0;784966,0055;5829500,898;13,20277294;52,54087076
215989;11;Spandau;5300840.0;2021;9;15;5;3;5;2;0;1;1;0;0;0;0;0;789214,0861;5829280,646;13,26504603;52,536658
215983;11;Mitte;1100205.0;2021;9;9;2;3;5;2;0;1;1;0;0;0;0;0;797152,151;5826447,791;13,37921118;52,50699452
215979;11;Tempelhof-Schoeneberg;7400823.0;2021;8;13;2;3;5;3;0;1;1;0;0;0;0;1;797358,934;5821918,607;13,37820812;52,46628256
215978;11;Pankow;3500934.0;2021;9;12;6;3;5;3;0;1;1;0;0;0;0;0;800688,4116;5831584,178;13,43580274;52,55109566
215976;11;Mitte;1300835.0;2021;9;6;5;3;5;2;0;1;1;0;0;0;0;1;797636,4572;5829558,167;13,38910896;52,53461128
215974;11;Mitte;1100205.0;2021;10;19;6;3;5;2;2;1;1;0;0;0;0;0;796970,1737;5826731,366;13,37679083;52,50963555
215971;11;Lichtenberg;11501238.0;2021;9;16;7;3;6;7;0;1;0;1;0;0;0;1;803809,8967;5826178,903;13,47676097;52,500918
215970;11;Mitte;1100416.0;2021;9;17;5;3;0;1;0;1;0;0;0;0;0;0;798787,7051;5829682,631;13,40614333;52,53509702
215969;11;Friedrichshain-Kreuzberg;2100101.0;2021;9;16;6;3;5;3;0;1;0;0;0;0;1;0;797588,4115;5825938,605;13,38516491;52,50219247
215965;11;Reinickendorf;12601236.0;2021;9;10;4;2;5;3;0;1;1;0;0;0;0;1;794421,8442;5836081,869;13,34764295;52,59483732
215964;11;Mitte;1100205.0;2021;8;7;3;3;0;5;0;1;0;0;0;0;0;0;797469,137;5826804,17;13,38418632;52,5100163
215963;11;Mitte;1100206.0;2021;9;14;6;3;0;1;0;1;0;0;0;0;0;0;797998,2365;5827858,711;13,39290386;52,51918017
215962;11;Neukoelln;8100313.0;2021;9;18;3;3;5;3;0;1;1;0;0;0;0;0;801400,4962;5824764,401;13,44009403;52,48957565
215959;11;Steglitz-Zehlendorf;6100206.0;2021;9;21;7;3;5;3;2;1;1;0;0;0;0;0;794553,8898;5820101,498;13,3354334;52,45151258
215955;11;Steglitz-Zehlendorf;6200312.0;2021;9;15;4;3;5;3;0;1;1;0;0;0;0;1;794825,3299;5819323,626;13,33872966;52,44439304
215954;11;Pankow;3200309.0;2021;9;7;4;3;5;3;0;1;1;0;0;0;0;1;800169,3355;5837955,587;13,43393973;52,60849
215952;11;Mitte;1200628.0;2021;8;12;3;3;5;2;0;1;1;0;0;0;0;0;795702,3048;5828178,286;13,35944965;52,52329469
215951;11;Charlottenburg-Wilmersdorf;4300619.0;2021;9;12;7;3;5;2;0;1;1;0;0;0;0;0;792137,8441;5827327,315;13,30631479;52,51758748
215950;11;Lichtenberg;11200512.0;2021;9;16;5;3;2;6;0;1;1;0;0;0;0;0;804754,0822;5831383,255;13,49539643;52,54703556
215949;11;Marzahn-Hellersdorf;10300731.0;2021;9;7;3;3;5;3;0;1;1;0;0;0;0;0;809125,9875;5829716,522;13,5581152;52,52963589
215947;11;Spandau;5100104.0;2021;9;20;4;3;1;5;0;1;1;0;0;0;0;0;785909,6582;5831405,973;13,21828964;52,55745686
215946;11;Friedrichshain-Kreuzberg;2100103.0;2021;9;15;2;3;3;6;0;1;1;0;0;0;0;0;798499,4882;5826515,881;13,39906486;52,50686936
215943;11;Mitte;1200522.0;2021;9;8;5;3;5;2;0;1;0;0;1;0;0;0;794569,5675;5828335,377;13,34294142;52,52531604
215941;11;Tempelhof-Schoeneberg;7400824.0;2021;9;18;4;3;0;3;0;1;1;0;0;0;0;1;797866,5012;5822039,121;13,38576518;52,46708637
215937;11;Pankow;3601142.0;2021;8;9;6;3;5;5;0;1;0;0;0;0;1;0;798836,0504;5831038,373;13,40807343;52,54722273
215936;11;Pankow;3500932.0;2021;9;18;5;3;5;2;0;1;1;0;0;0;0;0;802071,861;5832782,109;13,45723475;52,56106718
215934;11;Mitte;1300836.0;2021;9;7;4;3;5;3;0;1;0;0;0;0;1;0;796656,8481;5830467,81;13,37552111;52,54329931
215932;11;Tempelhof-Schoeneberg;7501029.0;2021;8;11;5;3;0;3;0;1;0;0;0;0;1;1;797196,7633;5818621,285;13,37289381;52,43681343
215931;11;Steglitz-Zehlendorf;6300526.0;2021;8;20;3;2;0;6;2;1;0;0;0;0;1;0;788904,1467;5817938,186;13,25065735;52,43513265
215929;11;Reinickendorf;12200412.0;2021;8;14;2;3;0;1;0;1;0;0;0;0;0;1;791331,9561;5834176,406;13,30048053;52,57941944
215927;11;Steglitz-Zehlendorf;6100204.0;2021;9;22;2;3;2;6;2;1;1;0;0;0;0;0;795533,2602;5820019,635;13,34973093;52,45025014
215925;11;Neukoelln;8100419.0;2021;9;6;4;3;5;3;0;1;0;0;0;0;0;0;802133,4239;5824453,614;13,4505741;52,48638491
215923;11;Mitte;1300836.0;2021;9;13;2;3;5;2;0;1;1;0;0;0;0;0;796719,8918;5830449,515;13,37643168;52,54310099
215921;11;Spandau;5100317.0;2021;9;7;5;3;0;5;0;1;1;0;0;0;0;0;787109,3941;5828148,311;13,23312243;52,52761887
215920;11;Friedrichshain-Kreuzberg;2300315.0;2021;9;21;6;3;5;3;2;1;0;0;1;0;0;0;800728,9386;5825799,655;13,43116763;52,49922531
215918;11;Mitte;1100101.0;2021;9;14;6;2;0;1;0;1;0;0;0;0;0;0;794585,8599;5826132,739;13,34123075;52,50556204
215914;11;Pankow;3200309.0;2021;9;12;1;3;1;5;0;1;1;0;0;0;0;0;800102,5607;5837591,221;13,43262618;52,60526102
215913;11;Charlottenburg-Wilmersdorf;4300623.0;2021;9;13;6;3;5;2;0;1;1;0;0;0;0;0;792403,0289;5826104,758;13,30913761;52,50648547
215911;11;Tempelhof-Schoeneberg;7100103.0;2021;9;13;3;2;5;2;0;1;1;0;0;0;0;0;795868,3742;5824961,151;13,35903066;52,49436577
215910;11;Steglitz-Zehlendorf;6100102.0;2021;9;18;3;3;3;6;0;1;1;0;0;0;0;0;793861,3821;5820916,52;13,32598949;52,45919166
215903;11;Steglitz-Zehlendorf;6300526.0;2021;8;7;7;3;1;5;0;1;1;0;0;0;0;0;789353,6841;5817321,357;13,2567178;52,42936486
215901;11;Friedrichshain-Kreuzberg;2200210.0;2021;9;11;1;3;5;2;0;1;1;0;0;0;0;0;798323,013;5825486,253;13,39554999;52,49773659
215900;11;Tempelhof-Schoeneberg;7100102.0;2021;8;16;3;3;5;3;0;1;0;0;0;0;0;0;795205,621;5825643,222;13,34990143;52,50083891
215899;11;Reinickendorf;12200515.0;2021;9;16;6;3;5;3;0;1;1;0;0;0;0;0;790143,5499;5834499,569;13,28327425;52,58295157
215896;11;Friedrichshain-Kreuzberg;2400521.0;2021;9;16;3;3;5;3;0;1;1;0;0;0;0;0;801204,4453;5828639,191;13,44072113;52,52441433
215894;11;Charlottenburg-Wilmersdorf;4300624.0;2021;8;11;5;3;2;6;0;1;1;0;0;0;0;1;793291,0901;5826150,295;13,32222467;52,506417
215893;11;Charlottenburg-Wilmersdorf;4300621.0;2021;8;11;3;3;5;3;0;1;0;0;0;0;0;0;791946,4784;5826863,357;13,30309548;52,51353067
215890;11;Steglitz-Zehlendorf;6300633.0;2021;9;16;2;3;1;5;0;1;1;0;0;0;0;0;792554,7885;5818359,11;13,30457421;52,43696582
215886;11;Pankow;3400620.0;2021;8;22;7;3;5;2;2;1;1;0;0;0;0;0;797017,9507;5833776,32;13,38379102;52,5727594
215885;11;Lichtenberg;11400929.0;2021;9;16;5;3;2;6;0;1;1;0;0;0;0;0;805396,4456;5827196,582;13,5009947;52,50915332
215884;11;Friedrichshain-Kreuzberg;2200210.0;2021;9;13;6;3;5;2;0;1;1;0;0;0;0;0;798173,0024;5824840,936;13,39276918;52,4920341
215879;11;Neukoelln;8200832.0;2021;8;18;4;2;1;5;0;1;1;0;0;0;0;0;801571,7152;5817485,843;13,43603403;52,42424148
215876;11;Tempelhof-Schoeneberg;7200412.0;2021;9;17;3;3;1;7;0;1;0;0;0;0;0;0;796338,0783;5822926,753;13,36412037;52,47587438
215870;11;Friedrichshain-Kreuzberg;2500833.0;2021;9;21;5;3;5;2;2;1;1;0;0;0;0;0;802065,394;5827160,95;13,45203057;52,51068857
215869;11;Friedrichshain-Kreuzberg;2500835.0;2021;9;17;6;2;3;6;0;1;1;0;0;0;0;0;803095,1526;5826043,962;13,46614092;52,50010599
215867;11;Tempelhof-Schoeneberg;7200308.0;2021;8;12;2;3;5;3;0;1;1;0;0;0;0;1;794938,0349;5823924,453;13,34444927;52,48557597
215857;11;Steglitz-Zehlendorf;6100208.0;2021;8;16;3;3;1;5;0;1;1;0;0;0;0;0;794766,7152;5820387,292;13,3388084;52,45395986
215853;11;Steglitz-Zehlendorf;6300633.0;2021;8;16;5;3;5;2;0;1;0;0;0;0;1;0;793261,9826;5819096,397;13,31559464;52,4431967
215852;11;Charlottenburg-Wilmersdorf;4300623.0;2021;9;15;2;3;5;2;0;1;1;0;0;0;0;0;792183,1699;5826124,532;13,30592485;52,50678052
215850;11;Mitte;1401046.0;2021;8;15;3;3;1;5;0;1;1;0;0;0;0;0;795123,8347;5829971,852;13,35254055;52,53968599
215843;11;Tempelhof-Schoeneberg;7100102.0;2021;9;13;6;3;5;3;0;1;1;0;0;0;0;0;795437,8864;5825668,384;13,35333549;52,50093877
215842;11;Steglitz-Zehlendorf;6200316.0;2021;9;13;6;3;6;4;0;1;0;1;0;0;0;0;796335,4962;5818002,004;13,35971228;52,43172936
215840;11;Reinickendorf;12100205.0;2021;9;10;2;3;1;5;0;1;0;0;0;0;1;0;795149,3741;5833221,164;13,35580492;52,56879943
215839;11;Charlottenburg-Wilmersdorf;4501041.0;2021;9;8;3;3;5;2;0;1;1;0;0;0;0;0;792954,77;5825360,476;13,31658872;52,49951724
215835;11;Steglitz-Zehlendorf;6200313.0;2021;9;8;4;3;5;2;0;1;1;0;0;0;0;0;795244,0322;5818330,624;13,34399496;52,43526542
215834;11;Mitte;1100311.0;2021;8;13;7;3;2;2;0;1;1;0;0;0;0;0;799986,9967;5827428,483;13,42173845;52,51423351
215830;11;Mitte;1100206.0;2021;9;16;6;3;3;6;0;1;1;0;0;0;0;0;797724,4673;5827676,062;13,38871754;52,51769248
215827;11;Mitte;1200623.0;2021;9;13;4;3;6;7;0;1;0;1;0;0;0;0;794621,639;5829031,55;13,34432364;52,53152861
215825;11;Tempelhof-Schoeneberg;7300517.0;2021;8;10;5;3;5;3;0;1;0;0;0;0;0;0;793967,4966;5822388,059;13,3288431;52,47232632
215824;11;Friedrichshain-Kreuzberg;2400522.0;2021;8;15;3;3;4;3;0;1;1;0;0;0;0;0;801823,1697;5827935,46;13,44917471;52,51776462
215822;11;Charlottenburg-Wilmersdorf;4500938.0;2021;9;14;3;3;1;5;0;1;1;0;0;0;0;0;791677,341;5824849,183;13,29737614;52,49561784
215820;11;Marzahn-Hellersdorf;10100206.0;2021;9;11;7;3;0;1;0;1;0;0;0;0;0;0;809337,8189;5832718,38;13,56402307;52,55641722
215819;11;Spandau;5300736.0;2021;9;15;4;3;5;2;0;1;1;0;0;0;0;0;786375,7896;5829163,72;13,22321304;52,53710861
215817;11;Neukoelln;8100419.0;2021;8;20;7;3;1;6;2;1;1;0;0;0;0;0;802329,4281;5823952,484;13,45299738;52,48178476
215816;11;Marzahn-Hellersdorf;10400940.0;2021;9;15;4;3;6;6;0;1;0;1;0;0;0;0;812367,3387;5823893,468;13,60028072;52,47560701
215806;11;Friedrichshain-Kreuzberg;2200213.0;2021;9;7;2;3;5;3;0;1;1;0;0;0;0;0;800129,6505;5825064,404;13,42170342;52,49296487
215805;11;Mitte;1100415.0;2021;9;21;4;3;0;7;2;1;0;0;0;0;0;0;798294,836;5829369,21;13,39861713;52,5325576
215801;11;Mitte;1100308.0;2021;9;20;5;3;5;2;2;1;1;0;0;0;0;0;797013,5855;5828942,561;13,3794029;52,52943285
215797;11;Reinickendorf;12601032.0;2021;8;11;6;3;5;3;0;1;1;0;0;0;0;0;792829,5938;5837488,474;13,32544792;52,60830639
215796;11;Friedrichshain-Kreuzberg;2300419.0;2021;8;16;4;3;5;3;0;1;0;0;0;0;1;0;801582,7343;5825948,423;13,44384176;52,50008758
215792;11;Lichtenberg;11300620.0;2021;9;17;3;3;6;4;0;1;0;1;0;0;0;0;804068,1005;5829294,661;13,48340019;52,52869965
215790;11;Lichtenberg;11400927.0;2021;9;17;3;3;0;1;0;1;0;0;0;0;0;0;803702,6334;5826262,734;13,47526209;52,50172907
215789;11;Neukoelln;8200727.0;2021;8;14;3;3;1;5;0;1;1;0;0;0;0;0;802487,3171;5819133,519;13,45094871;52,43850452
215788;11;Tempelhof-Schoeneberg;7200308.0;2021;9;13;6;3;3;6;0;1;1;0;0;0;0;0;794995,0872;5823849,401;13,34522061;52,48487236
215787;11;Treptow-Koepenick;9401635.0;2021;9;16;4;3;5;3;0;1;1;0;0;0;0;0;817688,0899;5817868,371;13,67263039;52,4185517
215786;11;Tempelhof-Schoeneberg;7100206.0;2021;8;15;2;3;5;2;0;1;1;0;0;0;0;1;796684,919;5824820,069;13,37089721;52,49265788
215785;11;Tempelhof-Schoeneberg;7100205.0;2021;8;9;6;3;5;2;0;1;1;0;0;0;0;0;795997,5287;5824957,257;13,36092405;52,49426084
215782;11;Charlottenburg-Wilmersdorf;4501153.0;2021;8;10;3;3;5;2;0;1;1;0;0;0;0;0;794304,8849;5823922,579;13,33515032;52,48590083
215780;11;Pankow;3601142.0;2021;8;11;6;3;5;2;0;1;1;0;0;0;0;0;799174,1051;5831109,92;13,41310839;52,54767851
215779;11;Pankow;3300411.0;2021;9;18;5;3;5;3;0;1;1;0;0;0;0;0;803911,631;5839149,555;13,49013221;52,61711157
215777;11;Charlottenburg-Wilmersdorf;4501149.0;2021;9;10;4;3;5;3;0;1;1;0;0;1;0;0;793454,6647;5824435,084;13,32311654;52,49095289
215774;11;Lichtenberg;11200512.0;2021;8;19;3;2;0;1;0;1;0;0;0;0;0;0;802956,5629;5830960,89;13,46858408;52,54425256
215760;11;Treptow-Koepenick;9200819.0;2021;8;20;4;3;0;1;1;1;0;0;0;0;0;1;810193,6351;5820396,801;13,56512996;52,44550976
215757;11;Spandau;5100316.0;2021;9;7;4;3;5;3;0;1;0;0;0;0;1;0;784041,7452;5829678,071;13,1893328;52,54294191
215755;11;Friedrichshain-Kreuzberg;2500835.0;2021;8;12;5;3;1;5;0;1;1;0;0;0;0;1;803105,6156;5826268,331;13,4664988;52,50211117
215750;11;Friedrichshain-Kreuzberg;2400623.0;2021;9;18;2;2;1;5;0;1;1;0;0;0;0;0;800526,5663;5826891,541;13,42918093;52,50912371
215748;11;Charlottenburg-Wilmersdorf;4400729.0;2021;9;13;1;3;3;6;0;1;1;0;0;0;0;0;790537,5684;5822329,23;13,27843801;52,47363408
215747;11;Charlottenburg-Wilmersdorf;4300518.0;2021;8;13;7;3;5;2;0;1;1;0;0;0;0;0;792082,8941;5828107,967;13,3061928;52,52461527
215742;11;Friedrichshain-Kreuzberg;2300316.0;2021;8;8;6;3;5;2;0;1;1;0;0;0;0;1;800805,4978;5826158,115;13,43261582;52,50239609
215740;11;Neukoelln;8100419.0;2021;9;7;6;3;0;3;0;1;1;0;0;0;0;0;802531,9637;5824214,906;13,45620886;52,48402469
215737;11;Mitte;1100309.0;2021;9;7;6;3;5;3;0;1;1;0;0;0;0;0;798289,4723;5828776,949;13,3980069;52,52725172
215731;11;Charlottenburg-Wilmersdorf;4300415.0;2021;8;17;1;3;5;2;0;1;1;0;0;0;0;0;790670,2885;5825991,934;13,28358151;52,50639994
215729;11;Friedrichshain-Kreuzberg;2200212.0;2021;9;10;7;3;5;2;0;1;1;0;0;0;0;0;799655,0612;5824508,486;13,41423411;52,48824263
215728;11;Mitte;1100308.0;2021;9;13;4;3;5;3;0;1;1;0;0;0;0;0;796675,7268;5828757,288;13,37427171;52,52795606
215727;11;Treptow-Koepenick;9200510.0;2021;9;14;5;3;5;2;0;1;1;0;0;0;0;0;806444,043;5822259,434;13,51184327;52,46431769
215723;11;Mitte;1200520.0;2021;9;16;7;3;5;2;0;1;0;0;0;0;1;0;794596,508;5828438,937;13,34342912;52,52622983
215720;11;Steglitz-Zehlendorf;6200313.0;2021;9;9;4;2;5;3;0;1;1;0;0;0;0;0;795399,1332;5818197,674;13,3461524;52,43398986
215718;11;Steglitz-Zehlendorf;6100210.0;2021;8;11;2;3;5;2;0;1;1;0;0;0;0;1;795120,6569;5821249,254;13,34476392;52,46149585
215714;11;Friedrichshain-Kreuzberg;2500835.0;2021;8;6;6;3;5;2;0;1;0;0;1;0;0;1;803094,4675;5826040,346;13,46612757;52,50007396
215711;11;Tempelhof-Schoeneberg;7300516.0;2021;8;15;3;3;6;4;0;1;0;1;0;0;0;0;794040,0063;5821644,198;13,32925196;52,46561891
215708;11;Friedrichshain-Kreuzberg;2500836.0;2021;9;14;5;3;5;2;0;1;1;0;0;0;0;0;803505,399;5825370,999;13,4715528;52,49384635