object_id;federal_state;district;lor_2021;year_accident;month_accident;hour_accident;weekday;accident_category;accident_type;accident_subtype;light_conditions;accident_involving_bicycle;accident_involving_passenger_car;accident_involving_pedestrian;accident_involving_motorcycle;accident_involving_truck;accident_involving_other;road_condition;coordinates_1a;coordinates_2a;coordinates_1b;coordinates_2b
215700;11;Pankow;3500936.0;2021;9;9;3;3;4;5;0;1;0;0;0;1;0;0;802335,1675;5831466,426;13,45990894;52,54912878
215699;11;Mitte;1401045.0;2021;9;14;2;3;5;2;0;1;0;0;0;0;1;0;796671,4229;5831918,789;13,37703173;52,55629778
215698;11;Tempelhof-Schoeneberg;7601236.0;2021;9;14;5;3;5;3;0;1;1;0;0;0;0;0;795880,9394;5816209,662;13,35146048;52,4159082
215695;11;Lichtenberg;11501340.0;2021;8;22;7;3;2;6;2;1;1;0;0;0;0;0;807249,9459;5824254,302;13,52550602;52,48174353
215693;11;Mitte;1200628.0;2021;9;9;6;3;5;3;0;1;1;0;0;0;0;0;795687,442;5828074,518;13,35913896;52,52237256
215691;11;Neukoelln;8200726.0;2021;9;14;5;3;5;3;0;1;1;0;0;0;0;0;801910,8346;5820631,091;13,44384702;52,45224614
215689;11;Friedrichshain-Kreuzberg;2300316.0;2021;8;7;3;2;0;5;0;1;1;0;0;0;0;0;800889,6001;5826435,543;13,4341018;52,50483638
215688;11;Friedrichshain-Kreuzberg;2500834.0;2021;9;18;1;3;6;7;0;1;0;1;0;0;0;0;803147,0123;5826717,864;13,46751607;52,50611727
215685;11;Steglitz-Zehlendorf;6400841.0;2021;9;18;3;3;5;3;0;1;1;0;0;0;0;0;789578,9527;5818883,219;13,26137484;52,44324841
215680;11;Friedrichshain-Kreuzberg;2300314.0;2021;9;18;6;3;1;5;0;1;1;0;0;0;0;1;799863,3358;5825996,111;13,41863134;52,50146255
215679;11;Tempelhof-Schoeneberg;7300516.0;2021;9;16;1;3;1;5;0;1;1;0;0;0;0;0;793808,4505;5821795,793;13,32598672;52,46710247
215672;11;Steglitz-Zehlendorf;6400841.0;2021;8;11;3;3;1;1;0;1;1;0;0;0;0;0;789619,0827;5818159,081;13,26133607;52,43673497
215671;11;Pankow;3400721.0;2021;9;20;6;3;0;2;2;1;1;0;0;0;0;0;798218,1897;5833454,14;13,40115935;52,56921523
215670;11;Neukoelln;8100419.0;2021;10;18;6;3;5;3;0;1;0;0;0;0;1;0;802212,7021;5824182,058;13,45149188;52,48390706
215669;11;Treptow-Koepenick;9100407.0;2021;9;15;3;2;5;2;0;1;1;0;0;0;0;0;805987,4038;5821178,632;13,50415202;52,45488695
215660;11;Tempelhof-Schoeneberg;7601544.0;2021;9;17;7;3;1;5;2;1;1;0;0;0;0;1;799818,488;5813100,075;13,4064013;52,38589214
215658;11;Steglitz-Zehlendorf;6300524.0;2021;9;14;4;3;5;3;0;1;1;0;0;0;0;1;787550,8324;5817300,933;13,23025699;52,43013234
215656;11;Friedrichshain-Kreuzberg;2300419.0;2021;9;22;7;3;5;7;2;1;1;0;0;0;0;0;801588,4958;5825947,476;13,44392552;52,50007591
215651;11;Friedrichshain-Kreuzberg;2200212.0;2021;10;21;6;3;0;1;2;1;0;0;0;0;0;0;800163,0505;5824427,578;13,42162027;52,48723836
215650;11;Friedrichshain-Kreuzberg;2200210.0;2021;9;18;3;3;2;6;1;1;1;0;0;1;0;0;798446,0088;5825240,039;13,39713584;52,49546236
215648;11;Pankow;3701556.0;2021;9;12;3;3;0;1;0;1;0;0;0;0;0;1;799275,1943;5829032,456;13,41272369;52,52900174
215646;11;Tempelhof-Schoeneberg;7100204.0;2021;9;8;6;3;1;5;0;1;1;0;0;0;0;0;795181,949;5824475,553;13,34851902;52,49038439
215644;11;Marzahn-Hellersdorf;10400941.0;2021;9;13;2;3;5;3;0;1;1;0;0;0;0;0;813469,0202;5824907,02;13,61740103;52,48405837
215643;11;Mitte;1200522.0;2021;9;20;7;3;5;3;2;1;1;0;0;0;0;1;793977,8726;5828199,666;13,33412504;52,52441884
215642;11;Neukoelln;8100310.0;2021;8;15;3;3;3;6;0;1;1;0;0;0;0;0;800640,7882;5825109,042;13,42924969;52,49308369
215639;11;Neukoelln;8100419.0;2021;8;11;6;3;1;5;0;1;1;0;0;0;0;0;801952,5535;5824356,908;13,44783091;52,48561819
215638;11;Mitte;1300836.0;2021;9;18;5;3;5;3;0;1;0;0;0;0;0;0;795886,9642;5830604,113;13,36432302;52,54493977
215635;11;Spandau;5100210.0;2021;9;19;4;3;6;4;1;1;0;1;0;0;0;1;783800,3349;5830587,674;13,1865599;52,55122332
215633;11;Mitte;1200626.0;2021;8;12;3;3;5;3;0;1;1;0;0;0;0;0;794996,0065;5828280,005;13,34915977;52,52458911
215629;11;Mitte;1100309.0;2021;9;9;7;3;1;5;0;1;1;0;0;0;0;1;798953,564;5828442,329;13,40746605;52,52388858
215627;11;Lichtenberg;11401137.0;2021;9;13;2;3;2;2;0;1;1;0;0;0;0;0;806769,8482;5825585,814;13,51968411;52,49394677
215626;11;Mitte;1100312.0;2021;9;9;5;3;5;2;0;1;1;0;0;0;0;0;799003,1296;5827242,828;13,40711636;52,51310962
215623;11;Tempelhof-Schoeneberg;7501134.0;2021;9;7;5;3;1;5;0;1;1;0;0;0;0;0;799130,4277;5817238,32;13,40001749;52,42336276
215621;11;Mitte;1300733.0;2021;9;13;5;2;1;5;0;1;1;0;0;0;0;0;797099,4895;5831419,317;13,38288028;52,55158726
215615;11;Pankow;3500936.0;2021;9;9;4;3;0;7;0;1;0;0;0;0;0;0;802279,3153;5831443,248;13,45906665;52,54895203
215610;11;Neukoelln;8100209.0;2021;8;16;3;3;2;3;0;1;1;0;0;0;0;0;801569,3496;5822310,614;13,44035429;52,46748862
215608;11;Charlottenburg-Wilmersdorf;4300622.0;2021;9;8;5;3;5;2;0;1;1;0;0;0;0;0;792997,698;5826961,114;13,31862808;52,51384334
215605;11;Friedrichshain-Kreuzberg;2100102.0;2021;9;14;2;2;1;5;0;1;0;0;0;0;1;0;797775,2466;5826440,176;13,38835786;52,50658653
215604;11;Tempelhof-Schoeneberg;7300516.0;2021;9;12;1;3;1;5;0;1;1;0;0;0;0;0;794078,6982;5822042,602;13,330171;52,4691696
215603;11;Pankow;3100103.0;2021;8;7;3;2;5;3;0;1;1;0;0;0;0;1;804436,8459;5840691,497;13,49928577;52,63063692
215600;11;Mitte;1300835.0;2021;9;16;3;3;5;2;0;1;1;0;0;0;0;0;797157,8218;5829878,553;13,38235968;52,53774433
215597;11;Lichtenberg;11401137.0;2021;8;16;5;3;5;3;0;1;1;0;0;0;0;0;806829,6444;5826249,948;13,52117385;52,49986526
215596;11;Spandau;5100314.0;2021;8;17;3;3;1;5;0;1;1;0;0;0;0;0;785318,1595;5830260,397;13,20860381;52,54749604
215593;11;Spandau;5100208.0;2021;9;5;3;3;5;3;1;1;1;0;0;0;0;0;781263,8775;5830777,911;13,14941096;52,55424483
215588;11;Mitte;1100312.0;2021;8;21;7;3;5;2;2;1;1;0;0;0;0;0;798859,618;5826649,156;13,40447481;52,50786683
215586;11;Friedrichshain-Kreuzberg;2300419.0;2021;9;17;5;3;4;6;0;1;0;0;0;0;0;0;801614,4788;5826002,796;13,44435723;52,50055739
215585;11;Mitte;1100308.0;2021;9;8;4;3;3;2;0;1;1;0;0;0;0;1;796956,2731;5828907,607;13,3785293;52,52915075
215584;11;Treptow-Koepenick;9401329.0;2021;9;12;4;3;5;3;0;1;1;0;0;0;0;1;812185,3578;5818669,319;13,59272702;52,42889567
215583;11;Friedrichshain-Kreuzberg;2400521.0;2021;8;6;6;2;0;1;0;1;0;0;0;0;0;1;800743,123;5828488,466;13,43380561;52,523318
215577;11;Mitte;1100309.0;2021;8;17;2;3;6;4;0;1;0;1;0;0;0;0;797904,4026;5828763,173;13,39233519;52,52733878
215574;11;Marzahn-Hellersdorf;10100314.0;2021;9;14;7;3;5;3;0;1;0;0;0;0;0;0;808810,5634;5830591,498;13,55429308;52,53765597
215573;11;Treptow-Koepenick;9100101.0;2021;9;9;4;3;0;1;0;1;0;0;0;0;0;0;802460,9567;5824637,034;13,45554943;52,48784757
215569;11;Charlottenburg-Wilmersdorf;4300414.0;2021;9;16;5;3;1;5;0;1;1;0;0;0;0;0;791849,0464;5826699,583;13,30152016;52,5121146
215568;11;Mitte;1300732.0;2021;9;7;5;3;0;2;0;1;0;0;0;0;1;0;797567,928;5832754,624;13,39096588;52,56330085
215564;11;Charlottenburg-Wilmersdorf;4200207.0;2021;8;12;3;3;1;5;0;1;1;0;0;0;0;0;789145,8859;5825171,762;13,26047195;52,4998569
215562;11;Friedrichshain-Kreuzberg;2300419.0;2021;9;17;5;2;0;7;0;1;0;0;0;0;0;0;801512,9365;5826000,498;13,44286379;52,50059291
215561;11;Pankow;3500936.0;2021;9;13;4;3;1;5;0;1;1;0;0;0;0;0;802411,9755;5831109,493;13,46071324;52,545887
215559;11;Marzahn-Hellersdorf;10200421.0;2021;9;17;4;3;5;3;0;1;1;0;0;0;0;0;812469,4854;5830971,191;13,60842276;52,538973
215557;11;Friedrichshain-Kreuzberg;2100102.0;2021;9;4;1;3;5;3;2;1;1;0;0;0;0;0;798353,8784;5825559,863;13,39606925;52,49837954
215555;11;Neukoelln;8100310.0;2021;9;16;5;3;2;6;0;1;0;0;0;0;1;0;800582,4846;5825135,55;13,42841742;52,4933534
215551;11;Pankow;3500936.0;2021;8;14;6;3;1;5;0;1;1;0;0;0;0;1;802121,8657;5831293,835;13,45661575;52,5477002
215549;11;Mitte;1100415.0;2021;9;14;7;3;5;2;0;1;1;0;0;0;0;0;798111,9523;5829342,855;13,39590535;52,53242141
215546;11;Friedrichshain-Kreuzberg;2300315.0;2021;9;17;4;3;5;3;0;1;1;0;0;0;0;0;800401,3436;5825790,454;13,42634795;52,49932326
215542;11;Mitte;1100207.0;2021;8;17;2;3;5;2;0;1;0;0;0;0;0;0;798771,2571;5827481,151;13,40392366;52,51537291
215539;11;Friedrichshain-Kreuzberg;2500831.0;2021;8;9;2;3;5;3;0;1;1;0;0;0;0;1;803269,2986;5827427,392;13,46995871;52,51240868
215538;11;Neukoelln;8100310.0;2021;8;11;6;3;5;3;0;1;1;0;0;0;0;0;800572,4382;5825151,906;13,42828464;52,49350553
215537;11;Charlottenburg-Wilmersdorf;4300623.0;2021;9;17;2;3;2;7;0;1;1;0;0;0;0;0;792189,3627;5826485,487;13,30633268;52,51001309
215535;11;Reinickendorf;12200515.0;2021;8;9;3;3;3;6;0;1;0;0;1;0;0;0;790296,5815;5835428,541;13,28634046;52,59119807
215533;11;Treptow-Koepenick;9200819.0;2021;10;14;6;3;0;1;0;1;0;0;0;0;0;0;810713,5117;5818933,722;13,57139456;52,432103
215532;11;Charlottenburg-Wilmersdorf;4501150.0;2021;9;18;3;3;5;2;0;1;1;0;0;0;0;0;793433,0921;5823941,657;13,32236525;52,4865411
215527;11;Steglitz-Zehlendorf;6400844.0;2021;9;19;6;3;1;1;1;1;1;0;0;0;0;0;791728,8151;5821503,98;13,29520518;52,46560081
215525;11;Charlottenburg-Wilmersdorf;4200311.0;2021;9;16;3;3;0;1;0;1;0;0;0;0;0;0;790522,5907;5826320,044;13,28169787;52,50942013
215515;11;Pankow;3701657.0;2021;8;14;4;3;5;3;0;1;0;0;1;0;0;0;800247,5713;5830320,578;13,42817829;52,54001286
215514;11;Treptow-Koepenick;9200715.0;2021;9;7;6;3;5;2;0;1;1;0;0;0;0;0;809067,0814;5818190,767;13,54656777;52,42637728
215502;11;Steglitz-Zehlendorf;6400737.0;2021;8;13;7;2;2;7;0;1;1;0;0;0;0;0;784596,4544;5819979,04;13,18920194;52,45568991
215501;11;Neukoelln;8100209.0;2021;8;16;4;3;5;2;0;1;1;0;0;0;0;0;801751,64;5822052,833;13,44279651;52,46507742
215500;11;Friedrichshain-Kreuzberg;2200209.0;2021;9;1;7;2;5;2;2;1;1;0;0;0;0;0;797749,362;5824034,295;13,38582718;52,48503473
215496;11;Tempelhof-Schoeneberg;7400824.0;2021;9;9;3;3;1;5;0;1;1;0;0;0;0;0;797643,121;5822027,194;13,38247596;52,46710119
215495;11;Neukoelln;8100312.0;2021;8;13;2;3;1;5;0;1;1;0;0;0;0;1;801397,2357;5824483,336;13,43979197;52,48705821
215492;11;Steglitz-Zehlendorf;6100204.0;2021;9;7;3;3;1;5;0;1;1;0;0;0;0;0;795433,6077;5820410,519;13,34861458;52,45380803
215488;11;Mitte;1100207.0;2021;9;13;2;3;5;2;0;1;1;0;0;0;0;0;798610,1478;5827019,675;13,40114241;52,51132464
215486;11;Mitte;1401047.0;2021;9;15;5;3;6;7;0;1;0;1;0;0;0;0;795534,3425;5830039,296;13,35863576;52,54006808
215484;11;Pankow;3400826.0;2021;9;12;5;3;5;3;0;1;1;0;0;0;0;0;798683,8247;5832810,671;13,40742984;52,56319222
215481;11;Reinickendorf;12200411.0;2021;8;16;4;3;1;5;0;1;1;0;0;0;0;0;792523,3988;5832685,023;13,31669819;52,56541068
215480;11;Mitte;1100313.0;2021;9;14;7;3;5;3;0;1;1;0;0;0;0;0;799718,6083;5827023,775;13,41743077;52,51075348
215479;11;Friedrichshain-Kreuzberg;2500831.0;2021;9;18;6;3;0;6;1;1;1;0;0;0;0;0;802748,9213;5827330,425;13,46222583;52,51182864
215475;11;Charlottenburg-Wilmersdorf;4300414.0;2021;9;9;2;3;5;2;0;1;1;0;0;0;0;0;790960,923;5826753,914;13,28851765;52,51307615
215474;11;Mitte;1300732.0;2021;8;14;2;3;5;3;0;1;1;0;0;0;0;0;797684,9363;5832851,302;13,3927737;52,56410348
215471;11;Mitte;1200624.0;2021;8;12;2;3;5;2;0;1;0;0;0;1;0;1;795659,7685;5829734,084;13,36020818;52,53726411
215470;11;Mitte;1100102.0;2021;8;15;5;2;5;3;0;1;1;0;0;0;0;0;796672,7125;5827943,545;13,37350147;52,52066335
215469;11;Charlottenburg-Wilmersdorf;4300623.0;2021;9;16;2;3;6;4;0;1;0;1;0;0;0;0;792250,4932;5826112,956;13,30690379;52,50664069
215467;11;Mitte;1100414.0;2021;8;19;3;3;1;5;1;1;1;0;0;0;0;0;797470,6179;5829367,662;13,3865007;52,53299416
215466;11;Neukoelln;8100208.0;2021;9;14;7;2;1;5;0;1;1;0;0;0;0;0;801268,5488;5822888,737;13,43646173;52,47283644
215464;11;Charlottenburg-Wilmersdorf;4501042.0;2021;8;12;5;3;1;5;0;1;1;0;0;0;0;0;793664,3022;5825645,147;13,32726211;52,50168783
215461;11;Mitte;1300834.0;2021;8;5;5;3;2;2;1;1;1;0;0;0;0;1;798070,4796;5829988,116;13,39587447;52,53822801
215460;11;Treptow-Koepenick;9301025.0;2021;8;17;3;3;5;3;0;1;1;0;0;0;0;0;811033,1487;5816261,134;13,57359682;52,40797058
215459;11;Mitte;1200521.0;2021;9;15;6;3;6;4;0;1;0;1;0;0;0;0;793696,563;5828321,927;13,33009854;52,52566646
215455;11;Mitte;1100415.0;2021;9;18;4;3;2;2;0;1;1;0;0;0;0;0;798302,0477;5829371,984;13,39872563;52,53257852
215453;11;Marzahn-Hellersdorf;10200627.0;2021;9;17;1;3;5;5;0;1;1;0;0;0;0;0;811240,7629;5829823,014;13,58928927;52,52938698
215446;11;Neukoelln;8401242.0;2021;8;14;4;3;5;3;0;1;1;0;0;0;0;0;804477,4808;5816942,338;13,47814138;52,41776108
215444;11;Steglitz-Zehlendorf;6100205.0;2021;9;12;6;3;6;4;0;1;0;1;0;0;0;0;795527,5911;5819724,093;13,34938628;52,44760386
215443;11;Charlottenburg-Wilmersdorf;4400830.0;2021;9;12;3;3;5;3;0;1;1;0;0;0;0;0;791425,6762;5822994,053;13,29205741;52,47912109
215439;11;Pankow;3200309.0;2021;9;10;3;3;1;5;0;1;1;0;0;0;0;1;800080,5522;5837505,652;13,43222459;52,6045062
215438;11;Friedrichshain-Kreuzberg;2400625.0;2021;8;12;1;3;3;6;0;1;0;0;0;0;0;0;801682,1551;5826124,234;13,44546121;52,50160845
215433;11;Charlottenburg-Wilmersdorf;4500937.0;2021;9;14;6;2;5;2;0;1;0;0;0;0;1;0;791585,2661;5825097,929;13,29624147;52,49789702
215432;11;Treptow-Koepenick;9200512.0;2021;8;15;7;3;1;5;0;1;1;0;0;0;0;0;808858,8161;5821625,19;13,54668859;52,45727412
215431;11;Lichtenberg;11300721.0;2021;8;7;4;2;0;1;0;1;0;0;0;0;0;0;805162,1898;5829815,865;13,49995669;52,53275957
215428;11;Treptow-Koepenick;9100306.0;2021;8;5;3;3;5;2;1;1;0;0;0;0;1;1;804941,3071;5820719,675;13,48838575;52,45135807
215425;11;Charlottenburg-Wilmersdorf;4501152.0;2021;9;14;3;3;5;2;0;1;1;0;0;0;0;0;793981,2214;5824712,988;13,33109482;52,49316084
215424;11;Mitte;1100308.0;2021;9;8;4;3;5;3;0;1;1;0;0;0;0;0;796973,9569;5828731,015;13,37863148;52,52755817
215421;11;Spandau;5100210.0;2021;9;7;6;3;5;2;0;1;1;0;0;0;0;0;783977,359;5830083,677;13,18873272;52,54661218
215419;11;Reinickendorf;12100204.0;2021;8;7;6;3;5;3;0;1;1;0;0;0;0;1;795068,1269;5832799,665;13,35423472;52,56506512
215416;11;Lichtenberg;11300722.0;2021;9;10;4;3;1;5;0;1;1;0;0;0;0;0;803692,8655;5828331,037;13,47700586;52,52027214
215413;11;Friedrichshain-Kreuzberg;2100103.0;2021;9;15;4;3;5;3;0;1;1;0;0;0;0;0;798418,3425;5825770,503;13,39720479;52,50023241
215411;11;Neukoelln;8301037.0;2021;9;15;4;3;5;3;0;1;1;0;0;0;0;1;804710,5436;5817746,817;13,48229043;52,42484176
215410;11;Pankow;3300516.0;2021;9;15;4;3;5;3;0;1;1;0;0;0;0;1;801037,4979;5833767,268;13,44291606;52,57047005
215406;11;Reinickendorf;12500825.0;2021;9;15;4;3;2;2;0;1;0;0;0;0;1;0;791259,9722;5834950,014;13,30010109;52,58639318
215405;11;Steglitz-Zehlendorf;6200313.0;2021;9;15;3;3;1;5;0;1;1;0;0;0;0;0;795441,5991;5818538,65;13,34707658;52,43702357
215402;11;Treptow-Koepenick;9301025.0;2021;8;15;6;3;5;3;0;1;1;0;0;0;0;0;810981,654;5814213,408;13,57094157;52,38964869
215400;11;Mitte;1200625.0;2021;9;10;7;3;5;2;0;1;1;0;0;0;0;1;794775,1383;5828918,037;13,34647932;52,53042807
215396;11;Mitte;1400938.0;2021;9;17;5;3;1;5;0;1;1;0;0;0;0;0;794692,872;5831440,553;13,3475077;52,55308501
215395;11;Friedrichshain-Kreuzberg;2400625.0;2021;9;16;5;3;5;2;0;1;1;0;0;0;0;0;801750,0383;5826253,006;13,44657492;52,50272511
215391;11;Pankow;3400725.0;2021;8;13;3;3;5;2;0;1;1;0;0;0;0;0;798825,9107;5834942,454;13,41144072;52,58222236
215387;11;Pankow;3601243.0;2021;9;6;2;3;5;3;0;1;1;0;0;0;0;0;799824,8966;5831539,347;13,42306486;52,55116982
215386;11;Treptow-Koepenick;9100408.0;2021;9;15;5;3;5;2;0;1;1;0;0;0;0;0;806254,8273;5819253,499;13,50631064;52,43748328
215383;11;Neukoelln;8100208.0;2021;9;11;1;3;1;5;0;1;1;0;0;0;0;0;801192,1182;5822660,217;13,43513356;52,4708303
215381;11;Friedrichshain-Kreuzberg;2200209.0;2021;9;23;5;3;4;6;2;1;0;0;0;0;1;0;797272,6225;5824612,488;13,37934287;52,49047739
215377;11;Mitte;1300733.0;2021;8;17;6;3;5;2;0;1;1;0;0;0;0;0;797080,2853;5831450,461;13,38262574;52,5518769
215371;11;Friedrichshain-Kreuzberg;2400521.0;2021;9;14;2;3;5;2;0;1;0;0;0;0;1;0;800718,2645;5827875,413;13,43288609;52,51783677
215370;11;Pankow;3200205.0;2021;8;9;2;3;0;2;0;1;0;0;1;0;0;1;797408,5892;5835086,319;13,39071347;52,58428849
215362;11;Mitte;1100309.0;2021;8;18;7;2;6;2;0;1;0;1;0;0;0;1;798616,7386;5828406,353;13,40248388;52,52375068
215361;11;Pankow;3400725.0;2021;9;7;2;3;2;3;0;1;1;0;0;0;0;0;798830,5249;5834933,544;13,41150058;52,58213996
215360;11;Treptow-Koepenick;9401329.0;2021;9;10;1;3;5;3;0;1;1;0;0;0;0;0;816404,338;5817588,216;13,65355155;52,41678492
215359;11;Neukoelln;8200831.0;2021;8;9;3;3;0;2;0;1;1;0;0;0;0;1;799610,1448;5816426,278;13,40632409;52,4158214
215358;11;Tempelhof-Schoeneberg;7300619.0;2021;9;15;6;3;3;6;0;1;1;0;0;0;0;0;795906,1726;5820836,333;13,35592602;52,45736953
215356;11;Steglitz-Zehlendorf;6300632.0;2021;9;15;3;3;5;2;0;1;1;0;0;0;0;0;792232,5529;5816671,323;13,2983725;52,42200711
215354;11;Mitte;1100416.0;2021;9;12;3;2;0;1;0;1;0;0;0;0;0;1;798775,0263;5829656,913;13,40593384;52,53487344
215352;11;Neukoelln;8401139.0;2021;9;18;6;3;3;6;0;1;1;0;0;0;0;0;803466,6678;5818614,696;13,46484097;52,43331181
215351;11;Steglitz-Zehlendorf;6300633.0;2021;9;8;3;3;5;2;0;1;1;0;0;0;0;0;793263,4669;5819084,918;13,31560634;52,443093
215349;11;Mitte;1100416.0;2021;9;9;4;3;5;2;0;1;1;0;0;0;0;0;798676,818;5829457,174;13,40431076;52,5331369
215347;11;Lichtenberg;11100206.0;2021;9;12;7;3;1;5;0;1;1;0;0;0;0;0;805530,7961;5834367,188;13,50956223;52,57334332
215344;11;Mitte;1100103.0;2021;9;7;5;3;5;3;0;1;1;0;0;0;0;0;795782,6566;5825768,986;13,35848914;52,50165381
215343;11;Reinickendorf;12100205.0;2021;9;14;3;3;5;3;0;1;1;0;0;0;0;0;794528,06;5833159,316;13,34660939;52,56858154
215339;11;Reinickendorf;12100205.0;2021;9;20;7;3;2;6;2;1;1;0;0;0;0;0;794832,9081;5833523,993;13,35141838;52,57168553
215336;11;Treptow-Koepenick;9200510.0;2021;9;18;7;3;5;2;0;1;1;0;0;0;0;1;806606,7131;5822046,621;13,51403473;52,46231914
215335;11;Neukoelln;8100206.0;2021;9;23;4;3;1;5;2;1;1;0;0;0;0;0;800549,5947;5823758,515;13,42669268;52,48102865
215333;11;Charlottenburg-Wilmersdorf;4300518.0;2021;9;8;1;2;5;3;0;1;1;0;0;0;0;0;792682,3417;5828137,691;13,31502943;52,52456027
215325;11;Spandau;5200528.0;2021;9;7;2;3;5;2;0;1;1;0;0;0;0;0;783645,4151;5825890,001;13,18027282;52,50918382
215320;11;Friedrichshain-Kreuzberg;2200209.0;2021;9;16;2;3;0;2;0;1;1;0;0;0;0;0;797749,362;5824034,295;13,38582718;52,48503473
215317;11;Friedrichshain-Kreuzberg;2200210.0;2021;9;9;2;3;5;3;0;1;0;0;0;0;1;0;799030,9882;5824724,537;13,40526428;52,49052142
215316;11;Mitte;1100206.0;2021;8;8;3;3;5;2;0;1;1;0;0;0;0;0;797760,3637;5827453,055;13,38904542;52,51567389
215314;11;Steglitz-Zehlendorf;6100102.0;2021;9;20;4;2;5;2;1;1;0;0;1;0;0;0;793736,9987;5820563,08;13,32385312;52,45609006
215312;11;Pankow;3601142.0;2021;9;9;4;3;0;2;0;1;1;0;0;0;0;0;799136,325;5830601,517;13,41209503;52,5431422
215308;11;Charlottenburg-Wilmersdorf;4300518.0;2021;9;9;6;3;5;3;0;1;1;0;0;0;0;0;792459,6341;5827986,008;13,31162276;52,52331999
215306;11;Neukoelln;8100312.0;2021;9;20;4;3;1;5;2;1;1;0;0;0;0;1;801397,9843;5823939,718;13,43931144;52,48218523
215305;11;Mitte;1100308.0;2021;9;14;5;3;5;2;0;1;1;0;0;0;0;0;796372,6547;5829441,851;13,37042758;52,53425731
215304;11;Lichtenberg;11300722.0;2021;8;17;5;3;0;1;0;1;0;0;0;0;0;1;803852,2022;5828356,063;13,47936984;52,52040768
215297;11;Neukoelln;8100417.0;2021;9;8;3;3;5;2;0;1;1;0;0;0;0;0;802489,755;5823165,467;13,45463718;52,47464192
215296;11;Pankow;3400721.0;2021;9;18;2;3;1;5;1;1;1;0;0;0;0;0;798026,0671;5833398,159;13,39828275;52,56881866
215294;11;Mitte;1200628.0;2021;9;12;6;2;5;2;0;1;1;0;0;0;0;0;795704,2147;5828178,002;13,35947746;52,5232911
215292;11;Friedrichshain-Kreuzberg;2200210.0;2021;9;2;5;2;0;7;2;1;0;0;0;0;0;1;798583,7839;5825147,584;13,39907638;52,49455826
215288;11;Treptow-Koepenick;9300920.0;2021;9;16;2;3;5;2;0;1;1;0;0;0;0;0;807697,6704;5817815,323;13,52614594;52,42378425
215285;11;Charlottenburg-Wilmersdorf;4501149.0;2021;9;10;6;3;5;2;0;1;1;0;0;0;0;0;793483,0773;5824039,788;13,32318568;52,48739394
215283;11;Spandau;5100211.0;2021;9;17;3;3;5;2;0;1;1;0;0;0;0;0;781904,4675;5829560,757;13,15780108;52,5430001
215280;11;Neukoelln;8100520.0;2021;8;17;2;3;5;3;0;1;1;0;0;0;0;0;803151,4103;5822964,606;13,46416645;52,47247479
215277;11;Mitte;1300835.0;2021;9;6;3;3;0;2;0;1;1;0;0;0;0;0;797764,0978;5829743,991;13,3911517;52,53620723
215276;11;Steglitz-Zehlendorf;6200313.0;2021;9;14;6;2;5;3;0;1;1;0;0;0;0;1;794984,656;5818414,391;13,34026451;52,43615629
215271;11;Charlottenburg-Wilmersdorf;4501043.0;2021;9;16;5;3;5;2;0;1;1;0;0;0;0;0;792588,358;5824842,484;13,31075136;52,49507015
215270;11;Tempelhof-Schoeneberg;7100102.0;2021;9;23;5;3;1;5;2;1;1;0;0;0;0;0;795288,529;5825172,99;13,35070236;52,49657876
215269;11;Neukoelln;8300935.0;2021;9;7;4;3;0;2;0;1;1;0;0;0;0;0;802306,8278;5817840,181;13,44713225;52,42701187
215265;11;Charlottenburg-Wilmersdorf;4300623.0;2021;9;21;6;2;4;6;2;1;0;0;0;0;1;0;792432,5249;5826118,347;13,30958289;52,50659147
215261;11;Mitte;1401045.0;2021;9;13;5;3;6;7;0;1;0;1;0;0;0;0;796879,124;5831554,601;13,37976069;52,55292007
215256;11;Charlottenburg-Wilmersdorf;4300622.0;2021;9;9;6;3;6;4;0;1;0;1;0;0;0;0;793493,6309;5826491,772;13,32550135;52,50936927
215254;11;Steglitz-Zehlendorf;6400840.0;2021;9;12;5;2;6;7;0;1;1;1;0;0;0;0;789273,6321;5819768,781;13,25766214;52,45134948
215252;11;Steglitz-Zehlendorf;6200313.0;2021;8;16;4;2;4;6;0;1;0;0;0;0;1;0;795325,9907;5818490,934;13,3453387;52,43665826
215250;11;Treptow-Koepenick;8100521.0;2021;9;14;5;3;5;3;0;1;1;0;0;0;0;0;804107,2908;5821880,153;13,47720769;52,46222378
215248;11;Steglitz-Zehlendorf;6200421.0;2021;9;20;2;3;5;2;1;1;0;0;0;0;1;0;793462,3502;5817168,214;13,31684156;52,42580352
215244;11;Lichtenberg;11300620.0;2021;9;15;6;2;5;2;0;1;0;0;0;1;0;1;803521,8757;5829743,09;13,4757824;52,53302318