object_id;federal_state;district;lor_2021;year_accident;month_accident;hour_accident;weekday;accident_category;accident_type;accident_subtype;light_conditions;accident_involving_bicycle;accident_involving_passenger_car;accident_involving_pedestrian;accident_involving_motorcycle;accident_involving_truck;accident_involving_other;road_condition;coordinates_1a;coordinates_2a;coordinates_1b;coordinates_2b
214804;11;Lichtenberg;11200410.0;2021;7;5;6;3;5;3;0;1;1;0;0;0;0;0;805138,8363;5832559,169;13,50213355;52,55735916
214801;11;Neukoelln;8100310.0;2021;8;12;3;3;5;2;0;1;0;0;0;0;1;0;800982,3482;5824769,19;13,43395844;52,48984928
214795;11;Mitte;1100103.0;2021;8;21;3;2;5;3;1;1;1;0;0;0;0;0;795408,2282;5825817,631;13,35303224;52,50229271
214794;11;Mitte;1100416.0;2021;8;22;7;3;5;2;2;1;1;0;0;0;0;1;798586,4258;5829511,122;13,40303057;52,53366999
214792;11;Neukoelln;8100102.0;2021;7;21;6;3;5;2;2;1;1;0;0;0;0;0;800392,0847;5823330,056;13,4239943;52,47727486
214791;11;Treptow-Koepenick;9200715.0;2021;8;13;4;3;0;2;0;1;1;0;0;0;0;0;809337,736;5818509,287;13,55083023;52,42907889
214790;11;Reinickendorf;12100103.0;2021;7;5;4;3;5;3;1;1;1;0;0;0;0;0;795574,0225;5833235,859;13,36206523;52,56870076
214789;11;Charlottenburg-Wilmersdorf;4300415.0;2021;7;18;6;3;5;3;0;1;1;0;0;0;0;0;791187,2685;5826044,288;13,29122279;52,5065936
214785;11;Treptow-Koepenick;9501940.0;2021;8;12;1;2;3;6;0;1;1;0;0;0;0;0;811993,4113;5821531,453;13,59258499;52,4546539
214784;11;Friedrichshain-Kreuzberg;2100101.0;2021;7;10;4;3;5;3;0;1;0;0;1;0;0;0;797353,0618;5825743,723;13,38153388;52,50057387
214783;11;Lichtenberg;11501341.0;2021;8;15;2;2;5;2;0;1;1;0;0;0;0;0;807180,0434;5823769,567;13,52403337;52,47743857
214782;11;Neukoelln;8100206.0;2021;7;0;6;2;1;6;2;1;1;1;0;0;0;0;800373,783;5824153,99;13,42446792;52,48467019
214781;11;Lichtenberg;11400928.0;2021;7;17;6;3;0;2;0;1;1;0;0;0;0;0;804460,8961;5826383,059;13,48650844;52,50238496
214780;11;Friedrichshain-Kreuzberg;2300314.0;2021;7;19;2;3;1;5;0;1;1;0;0;0;0;0;799931,1208;5825970,203;13,41960362;52,50119306
214779;11;Treptow-Koepenick;9100203.0;2021;8;6;6;3;5;2;1;1;1;0;0;0;0;0;803786,4292;5823284,969;13,47377849;52,47499338
214776;11;Mitte;1100309.0;2021;8;19;6;3;0;3;0;1;1;0;0;0;0;0;798651,3968;5828813,734;13,40335907;52,5273833
214773;11;Pankow;3300412.0;2021;7;16;4;3;0;3;0;1;1;0;0;0;0;0;802758,3297;5839056,652;13,47306435;52,61692268
214769;11;Charlottenburg-Wilmersdorf;4300621.0;2021;7;19;7;3;5;3;0;1;1;0;0;0;0;0;792382,7152;5826902,768;13,30954019;52,5136503
214768;11;Mitte;1100310.0;2021;8;21;6;3;0;1;2;1;0;0;0;0;0;0;799202,5751;5828255,35;13,41095719;52,52207601
214765;11;Mitte;1100308.0;2021;7;17;2;3;1;5;0;1;1;0;0;0;0;0;797534,5084;5828334,467;13,38651523;52,52369796
214764;11;Lichtenberg;11300620.0;2021;7;16;5;3;5;2;0;1;1;0;0;0;0;1;803556,2679;5829757,193;13,47630075;52,53313042
214762;11;Mitte;1400942.0;2021;8;21;4;2;1;5;2;1;1;0;0;0;0;0;794693,229;5830792,712;13,346938;52,54727743
214760;11;Neukoelln;8100313.0;2021;7;20;4;3;1;5;0;1;1;0;0;0;0;0;801834,6903;5824422,394;13,44615973;52,48627032
214758;11;Friedrichshain-Kreuzberg;2400625.0;2021;8;12;4;3;3;6;0;1;0;0;0;0;0;0;801530,7417;5827226,335;13,44423554;52,51157041
214757;11;Lichtenberg;11100204.0;2021;8;7;2;3;3;6;0;1;1;0;0;0;0;0;806883,7981;5832600,773;13,52783069;52,55675155
214747;11;Treptow-Koepenick;9200510.0;2021;7;15;3;3;5;2;0;1;1;0;0;0;0;0;806229,3141;5822177,306;13,50861704;52,463702
214746;11;Spandau;5200630.0;2021;8;13;5;3;5;2;0;1;1;0;0;0;0;0;783351,623;5827673,65;13,17747471;52,52532918
214744;11;Friedrichshain-Kreuzberg;2500833.0;2021;8;19;2;2;0;1;0;1;0;0;0;0;0;1;802385,0489;5827081,402;13,4566541;52,50979849
214740;11;Mitte;1200628.0;2021;7;15;2;3;0;1;0;1;0;0;0;0;0;0;796322,2394;5828075,798;13,368469;52,52203943
214739;11;Mitte;1100308.0;2021;7;11;2;3;2;6;0;1;1;0;0;0;0;0;797574,1935;5828584,204;13,38732191;52,52591489
214738;11;Treptow-Koepenick;9200614.0;2021;8;17;6;3;7;7;0;1;0;0;0;0;0;0;807396,8215;5820682,829;13,52437232;52,44965267
214737;11;Reinickendorf;12200411.0;2021;8;17;1;2;0;7;0;1;0;0;0;0;0;1;793044,6888;5832193,79;13,32393309;52,56072668
214730;11;Mitte;1100313.0;2021;7;22;4;2;5;2;2;1;1;0;0;0;0;0;799884,1766;5826481,38;13,41937449;52,50580077
214724;11;Neukoelln;8200726.0;2021;8;22;6;2;5;3;2;1;0;0;0;0;1;1;801403,0868;5820237,134;13,43604229;52,44899516
214722;11;Friedrichshain-Kreuzberg;2200210.0;2021;8;9;6;3;5;3;0;1;1;0;0;0;0;0;798538,0411;5825351,279;13,39858715;52,49640915
214715;11;Treptow-Koepenick;9401432.0;2021;8;11;2;3;0;3;0;1;1;0;0;0;0;0;812357,3913;5820086,344;13,59657295;52,44149595
214713;11;Mitte;1100309.0;2021;8;14;6;3;5;3;0;1;1;0;0;0;0;0;798252,4922;5829020,169;13,39768158;52,52945209
214711;11;Mitte;1400937.0;2021;8;18;6;3;3;6;0;1;0;0;0;0;0;0;792149,0993;5831134,843;13,30982716;52,55171485
214709;11;Reinickendorf;12100101.0;2021;7;17;6;3;5;3;0;1;1;0;0;0;0;0;796683,4053;5833002,302;13,37817668;52,56600369
214708;11;Friedrichshain-Kreuzberg;2500833.0;2021;8;9;4;2;5;2;0;1;1;0;0;0;0;0;802469,1577;5827053,415;13,45786422;52,50950102
214706;11;Pankow;3300516.0;2021;7;15;7;3;6;4;0;1;0;1;0;0;0;0;800475,1117;5832369,901;13,43337752;52,55825595
214704;11;Reinickendorf;12200515.0;2021;8;17;3;3;1;5;0;1;1;0;0;0;0;0;789676,2529;5835211,762;13,27701929;52,58958538
214702;11;Friedrichshain-Kreuzberg;2200213.0;2021;8;16;7;3;5;2;0;1;1;0;0;0;0;0;799514,9924;5824907,613;13,41253614;52,49189708
214701;11;Steglitz-Zehlendorf;6100209.0;2021;7;19;3;2;0;1;0;1;0;0;0;0;0;0;794735,172;5821357,251;13,33920187;52,46267204
214699;11;Steglitz-Zehlendorf;6400844.0;2021;8;21;7;3;5;2;2;1;1;0;0;0;0;1;791444,979;5820645,556;13,29028936;52,45805649
214698;11;Friedrichshain-Kreuzberg;2500830.0;2021;7;15;7;3;5;2;0;1;1;0;0;0;0;0;802145,725;5827550,494;13,45356431;52,51413556
214696;11;Friedrichshain-Kreuzberg;2400522.0;2021;8;9;5;3;5;2;0;1;1;0;0;0;0;0;801632,1305;5827909,542;13,44634432;52,51763801
214695;11;Friedrichshain-Kreuzberg;2100106.0;2021;7;15;5;3;0;7;0;1;0;0;0;0;0;0;798922,7265;5825587,141;13,4044485;52,49831277
214694;11;Spandau;5400942.0;2021;8;12;6;3;5;3;0;1;1;0;0;0;0;0;782489,483;5820626,738;13,15882492;52,46259064
214693;11;Marzahn-Hellersdorf;10200629.0;2021;8;18;4;3;3;6;0;1;0;0;1;0;0;0;810808,5758;5828827,65;13,58200854;52,5207137
214692;11;Neukoelln;8100206.0;2021;8;18;4;3;5;2;0;1;1;0;0;0;0;0;800436,4689;5823707,391;13,42498582;52,48063265
214691;11;Steglitz-Zehlendorf;6100210.0;2021;7;17;7;3;5;2;0;1;0;0;0;0;1;0;795063,4096;5821308,554;13,34397618;52,46205835
214690;11;Pankow;3500933.0;2021;8;16;2;3;2;1;0;1;1;0;0;0;0;0;801620,1672;5831816,38;13,44971409;52,55266176
214689;11;Steglitz-Zehlendorf;6100209.0;2021;7;18;5;2;3;6;0;1;0;0;0;0;0;0;794256,4767;5821459,696;13,33226656;52,46384839
214686;11;Spandau;5100206.0;2021;7;12;1;3;5;3;0;1;1;0;0;0;0;0;781900,4016;5831955,904;13,15977524;52,56447809
214684;11;Lichtenberg;11400929.0;2021;8;16;2;3;6;4;0;1;0;1;0;0;0;0;805121,0662;5826992,037;13,49676221;52,50747419
214683;11;Friedrichshain-Kreuzberg;2200209.0;2021;8;14;6;3;5;2;0;1;1;0;0;0;0;0;797016,7033;5823990,284;13,37503017;52,48503927
214682;11;Reinickendorf;12601236.0;2021;7;12;2;2;5;3;0;1;1;0;0;0;0;0;794169,2838;5836201,028;13,34403097;52,59604216
214680;11;Mitte;1100205.0;2021;7;11;4;3;5;2;0;1;1;0;0;0;0;0;796957,709;5826730,693;13,3766071;52,50963631
214679;11;Charlottenburg-Wilmersdorf;4300619.0;2021;7;15;5;3;1;5;0;1;1;0;0;0;0;0;792862,8166;5827403,97;13,31703594;52,51788582
214678;11;Mitte;1100309.0;2021;8;13;4;3;3;6;0;1;1;0;0;0;0;0;797808,7788;5828429,484;13,39063096;52,52439993
214669;11;Reinickendorf;12200310.0;2021;7;11;5;3;0;2;0;1;1;0;0;0;0;0;792192,4199;5832949,413;13,31206194;52,56795857
214668;11;Charlottenburg-Wilmersdorf;4501042.0;2021;7;13;6;2;2;6;0;1;1;0;0;0;0;0;794148,0592;5825851,471;13,33455058;52,50327685
214667;11;Pankow;3400830.0;2021;8;7;4;3;1;5;0;1;1;0;0;0;0;0;799541,3954;5833247,183;13,42043753;52,56663371
214666;11;Friedrichshain-Kreuzberg;2400521.0;2021;7;12;4;3;5;3;0;1;0;0;0;0;0;0;800770,0287;5828490,77;13,43420307;52,52332382
214664;11;Steglitz-Zehlendorf;6400841.0;2021;8;12;4;3;5;3;0;1;1;0;0;0;0;0;790010,4401;5819155,033;13,26794133;52,44545663
214659;11;Mitte;1300733.0;2021;8;16;1;3;5;3;0;1;0;0;0;0;1;0;797652,551;5831689,994;13,39125581;52,55371159
214652;11;Treptow-Koepenick;9200715.0;2021;7;14;5;3;5;2;0;1;1;0;0;0;0;0;808983,2062;5818111,209;13,54526465;52,42571165
214651;11;Mitte;1100207.0;2021;8;13;5;3;5;3;0;1;1;0;0;0;0;0;798898,209;5827349,037;13,40567026;52,51411913
214646;11;Spandau;5100211.0;2021;8;16;3;2;0;7;0;1;1;0;0;0;0;0;781900,9682;5829548,242;13,157739;52,5428897
214643;11;Charlottenburg-Wilmersdorf;4300518.0;2021;8;9;5;3;5;7;0;1;1;0;0;0;0;0;792671,2954;5827808,767;13,31457762;52,52161751
214640;11;Mitte;1100205.0;2021;8;17;4;3;5;2;0;1;1;0;0;0;0;0;797050,7992;5826550,944;13,37781432;52,50797437
214639;11;Friedrichshain-Kreuzberg;2200213.0;2021;8;18;3;3;5;7;0;1;0;0;0;0;1;0;800300,1887;5824577,491;13,42376896;52,48850668
214635;11;Friedrichshain-Kreuzberg;2500835.0;2021;7;20;7;3;5;2;0;1;1;0;0;0;0;0;802473,0508;5826374,695;13,45730475;52,50341551
214633;11;Neukoelln;8100415.0;2021;8;9;2;3;1;5;0;1;1;0;0;0;0;0;801246,3099;5823693,87;13,43686257;52,48006533
214629;11;Lichtenberg;11300722.0;2021;7;10;4;3;5;2;0;1;0;0;0;1;0;0;803811,7858;5827754,484;13,47822666;52,51503844
214624;11;Steglitz-Zehlendorf;6400737.0;2021;8;7;4;3;5;3;0;1;0;0;0;0;0;0;784241,8703;5815910,034;13,1805373;52,41939041
214623;11;Pankow;3400828.0;2021;7;8;2;3;5;2;0;1;1;0;0;0;0;0;799722,881;5832510,41;13,42244157;52,55992991
214620;11;Mitte;1100313.0;2021;7;21;3;3;0;2;2;1;1;0;0;0;0;0;800472,6856;5826682,945;13,42820112;52,50728368
214615;11;Steglitz-Zehlendorf;6400844.0;2021;8;8;4;2;5;2;0;1;1;0;0;0;0;0;791835,2215;5821376,206;13,29665531;52,46439849
214613;11;Mitte;1100102.0;2021;8;11;5;3;1;6;0;1;1;0;0;0;0;0;796111,109;5826639,456;13,364088;52,50927865
214612;11;Mitte;1100309.0;2021;8;13;5;3;5;2;0;1;1;0;0;0;0;0;798867,767;5828555,395;13,40630682;52,5249491
214604;11;Reinickendorf;12200515.0;2021;8;7;6;3;0;7;0;1;0;0;0;0;0;0;790609,8927;5834443,477;13,29008853;52,58219982
214598;11;Charlottenburg-Wilmersdorf;4400727.0;2021;8;13;3;2;5;2;0;1;1;0;0;0;0;0;791122,5998;5823173,218;13,28776378;52,48088897
214594;11;Pankow;3601243.0;2021;8;20;2;3;0;1;0;1;0;0;0;0;0;0;799862,895;5831584,993;13,42366483;52,55155803
214593;11;Marzahn-Hellersdorf;10100208.0;2021;8;13;7;3;5;3;0;1;1;0;0;0;0;0;809230,8588;5831992,501;13,56177434;52,54997292
214590;11;Reinickendorf;12500825.0;2021;7;17;5;3;5;2;0;1;1;0;0;0;0;1;792156,3111;5834913,11;13,3132612;52,58558172
214589;11;Charlottenburg-Wilmersdorf;4501148.0;2021;7;8;6;3;0;2;0;1;1;0;0;0;0;0;793328,4986;5823397,967;13,32035088;52,48172332
214586;11;Marzahn-Hellersdorf;10300734.0;2021;8;12;6;3;5;3;0;1;1;0;0;0;0;0;809576,8768;5825608,93;13,56092024;52,49256921
214583;11;Tempelhof-Schoeneberg;7200413.0;2021;7;16;4;3;0;3;0;1;1;0;0;0;0;0;795942,8561;5823774,308;13,35907057;52,48368633
214580;11;Neukoelln;8200623.0;2021;8;15;6;3;5;2;0;1;1;0;0;0;0;0;802800,5922;5820810,83;13,45706342;52,45336502
214577;11;Reinickendorf;12500927.0;2021;7;12;2;3;5;3;0;1;0;0;0;0;0;0;792754,1405;5836274,443;13,32326315;52,59746395
214572;11;Mitte;1100309.0;2021;8;16;2;3;5;2;0;1;0;0;0;0;1;0;798680,7464;5828664,115;13,40365602;52,5260261
214571;11;Charlottenburg-Wilmersdorf;4300412.0;2021;7;20;5;3;1;5;0;1;1;0;0;0;0;0;791622,9054;5827530,844;13,29892589;52,51968769
214570;11;Charlottenburg-Wilmersdorf;4500936.0;2021;8;16;4;2;5;3;0;1;1;0;0;0;0;0;792086,7129;5825777,003;13,30420282;52,50371665
214569;11;Friedrichshain-Kreuzberg;2100104.0;2021;8;21;3;3;5;3;2;1;1;0;0;0;0;0;799284,2209;5826218,753;13,4103254;52,50377613
214568;11;Mitte;1300836.0;2021;8;14;2;3;5;3;0;1;1;0;0;0;0;0;796541,0812;5830342,351;13,37370703;52,54223773
214567;11;Mitte;1100102.0;2021;8;9;7;3;5;3;0;1;1;0;0;0;0;0;796560,4901;5826867,607;13,37089335;52,51107969
214565;11;Charlottenburg-Wilmersdorf;4300412.0;2021;8;10;3;3;5;2;0;1;1;0;0;0;0;0;791666,0043;5827509,944;13,29954096;52,51947728
214564;11;Neukoelln;8100312.0;2021;8;12;1;3;1;5;0;1;1;0;0;0;0;0;801522,2144;5823981,407;13,44117297;52,48249032
214563;11;Spandau;5100104.0;2021;7;12;5;3;5;2;0;1;1;0;0;0;0;0;785669,4179;5831760,654;13,21506089;52,56076293
214559;11;Mitte;1100309.0;2021;8;17;5;3;1;5;0;1;1;0;0;0;0;0;798904,9961;5828632,617;13,40692335;52,52562087
214558;11;Friedrichshain-Kreuzberg;2400624.0;2021;7;22;7;2;1;5;2;1;1;0;0;0;0;0;802004,979;5827175,473;13,45115623;52,51085219
214556;11;Mitte;1100415.0;2021;8;10;3;3;5;3;0;1;1;0;0;0;0;0;798296,6679;5829369,914;13,39864469;52,53256291
214555;11;Treptow-Koepenick;9200717.0;2021;8;12;1;3;2;6;0;1;1;0;0;0;0;0;809448,3304;5818695,194;13,55262369;52,43068244
214554;11;Steglitz-Zehlendorf;6300632.0;2021;7;19;4;3;1;5;0;1;1;0;0;0;0;0;792081,9048;5817140,574;13,29657315;52,42629439
214549;11;Treptow-Koepenick;9100101.0;2021;8;10;6;3;5;2;0;1;0;0;0;1;0;0;802360,3822;5825339,234;13,4547099;52,49419712
214546;11;Friedrichshain-Kreuzberg;2400521.0;2021;7;8;2;2;5;2;0;1;0;0;0;0;1;0;800484,7835;5828469,214;13,42999194;52,52328788
214544;11;Friedrichshain-Kreuzberg;2400625.0;2021;7;10;4;3;3;6;0;1;0;0;0;0;0;0;801731,9069;5826196,335;13,44625726;52,50222719
214539;11;Spandau;5100316.0;2021;8;16;6;2;5;2;0;1;1;0;0;0;0;0;783781,1294;5829110,653;13,18501545;52,53799017
214538;11;Mitte;1100310.0;2021;8;7;2;3;1;7;0;1;1;0;0;0;0;0;799113,2614;5828861,606;13,41019002;52,52755919
214535;11;Mitte;1100416.0;2021;7;11;6;3;5;3;0;1;1;0;0;0;0;0;798528,2501;5830051,652;13,402661;52,53854694
214534;11;Mitte;1100310.0;2021;8;9;3;3;0;3;0;1;0;0;0;0;0;0;799097,8864;5828925,685;13,4100217;52,528142
214532;11;Neukoelln;8100105.0;2021;7;13;5;2;5;3;0;1;1;0;0;0;0;0;801173,8241;5821800,452;13,43408906;52,46313405
214531;11;Marzahn-Hellersdorf;10200627.0;2021;8;15;5;3;5;3;0;1;1;0;0;0;0;0;811307,1471;5829839,997;13,5902806;52,52950126
214528;11;Marzahn-Hellersdorf;10100311.0;2021;8;11;7;3;5;2;0;1;1;0;0;0;0;0;806351,5754;5830182,35;13,51777415;52,53537692
214527;11;Pankow;3601142.0;2021;7;18;4;3;5;2;0;1;1;0;0;0;0;0;799170,5119;5830744,165;13,41272611;52,54440205
214526;11;Steglitz-Zehlendorf;6300634.0;2021;8;11;3;3;3;6;0;1;1;0;0;0;0;0;792925,3759;5817732,448;13,30946113;52,43114954
214522;11;Mitte;1100308.0;2021;8;8;4;3;1;5;0;1;1;0;0;0;0;0;797553,8366;5828698,749;13,38712523;52,52695276
214518;11;Reinickendorf;12400617.0;2021;8;11;4;3;1;5;0;1;1;0;0;0;0;0;785873,0017;5838582,631;13,22394365;52,62181951
214516;11;Mitte;1100415.0;2021;7;18;7;3;4;6;0;1;0;0;0;0;1;0;797383,1888;5829151,575;13,38502226;52,53110491
214515;11;Pankow;3300516.0;2021;8;15;4;3;5;3;0;1;1;0;0;0;0;0;801165,8157;5833191,795;13,44428119;52,56524109
214511;11;Mitte;1300733.0;2021;7;15;3;3;2;6;0;1;1;0;0;0;0;0;797396,9831;5831239,294;13,38709376;52,54981124
214508;11;Spandau;5200528.0;2021;8;14;1;3;6;7;0;1;0;1;0;0;0;0;782638,962;5826825,329;13,16627721;52,51809275
214506;11;Friedrichshain-Kreuzberg;2500830.0;2021;7;18;7;3;5;2;0;1;1;0;0;0;0;0;802544,634;5827393,275;13,45928188;52,5125053
214505;11;Charlottenburg-Wilmersdorf;4500938.0;2021;8;17;5;3;5;2;0;1;1;0;0;0;0;0;791572,9432;5824602,589;13,29562688;52,49346292
214503;11;Charlottenburg-Wilmersdorf;4300412.0;2021;8;16;5;2;2;7;0;1;1;0;0;0;0;0;790790,5272;5827406,769;13,28658439;52,51901987
214501;11;Pankow;3601142.0;2021;8;8;5;3;5;2;0;1;1;0;0;0;0;0;798877,4168;5831047,155;13,40868956;52,54727876
214500;11;Lichtenberg;11300722.0;2021;8;14;3;3;5;2;0;1;1;0;0;0;0;0;804254,8493;5827660,041;13,4846494;52,51394501
214495;11;Tempelhof-Schoeneberg;7400826.0;2021;7;7;2;3;2;6;0;1;1;0;0;0;0;0;796375,887;5819730,898;13,36183777;52,44720568
214494;11;Neukoelln;8100521.0;2021;8;18;6;3;5;3;0;1;1;0;0;0;0;0;802952,9866;5822470,626;13,46080555;52,46815734
214493;11;Reinickendorf;12500825.0;2021;8;9;2;3;1;5;0;1;1;0;0;0;0;0;791828,5708;5834818,999;13,30835459;52,58491395
214492;11;Tempelhof-Schoeneberg;7601341.0;2021;8;18;6;3;0;1;0;1;0;0;0;0;0;1;798091,2792;5814994,03;13,38278229;52,403812
214491;11;Mitte;1100416.0;2021;7;16;2;3;5;3;0;1;0;0;0;0;0;0;798573,7064;5829253,97;13,40261263;52,53137195
214490;11;Friedrichshain-Kreuzberg;2100104.0;2021;8;16;4;3;3;6;0;1;0;0;1;0;0;0;799280,7385;5826124,754;13,41018976;52,50293548
214488;11;Mitte;1100312.0;2021;7;8;5;3;5;2;0;1;1;0;0;0;0;0;799517,7026;5826714,166;13,41420065;52,50808865
214487;11;Mitte;1300834.0;2021;8;17;4;3;6;7;0;1;0;1;0;0;0;0;797534,7214;5830997,827;13,3889028;52,54757158
214486;11;Steglitz-Zehlendorf;6200313.0;2021;8;19;3;3;5;3;0;1;1;0;0;0;0;0;794988,2699;5818425,367;13,3403272;52,43625274
214484;11;Treptow-Koepenick;9200715.0;2021;7;8;2;3;5;2;0;1;0;0;0;0;1;0;807718,4983;5818728,525;13,52729145;52,43195686
214483;11;Friedrichshain-Kreuzberg;2400520.0;2021;8;7;2;3;5;2;0;1;1;0;0;0;0;0;800327,2834;5828827,183;13,42800076;52,52658323
214482;11;Friedrichshain-Kreuzberg;2500833.0;2021;8;14;7;3;5;2;0;1;1;0;0;0;0;0;802523,1333;5827271,42;13,45885525;52,51142505
214479;11;Mitte;2100104.0;2021;7;16;5;3;5;3;0;1;1;0;0;0;0;1;799366,1489;5826336,252;13,41163447;52,5047844
214477;11;Friedrichshain-Kreuzberg;2400623.0;2021;8;5;5;3;5;3;0;1;1;0;0;0;0;0;800357,801;5827846,593;13,42756374;52,51777709
214474;11;Steglitz-Zehlendorf;6400844.0;2021;8;17;4;2;5;2;0;1;1;0;0;0;0;0;792381,1402;5820930,835;13,30427805;52,46011395
214473;11;Tempelhof-Schoeneberg;7400928.0;2021;8;7;3;3;5;2;0;1;1;0;0;0;0;1;800259,2952;5821588,251;13,42047743;52,46173528
214469;11;Treptow-Koepenick;9200717.0;2021;8;7;3;3;5;3;0;1;1;0;0;0;0;0;809544,4352;5819798,764;13,55505453;52,44051813
214467;11;Friedrichshain-Kreuzberg;2300314.0;2021;7;13;7;3;3;6;0;1;0;0;0;0;1;0;800006,9656;5826250,754;13,42097037;52,50366607
214465;11;Mitte;1100309.0;2021;7;13;6;3;1;5;0;1;1;0;0;0;0;0;798963,0228;5828947,594;13,40805932;52,52841236
214463;11;Friedrichshain-Kreuzberg;2300417.0;2021;7;16;3;3;5;3;0;1;1;0;0;0;0;0;800293,6693;5825547,357;13,42454737;52,49720355
214462;11;Treptow-Koepenick;9100407.0;2021;8;15;5;3;5;3;0;1;1;0;0;0;0;0;806271,1494;5820979,232;13,50813187;52,45294093
214460;11;Friedrichshain-Kreuzberg;2200210.0;2021;8;6;2;3;5;2;0;1;1;0;0;0;0;0;798341,8459;5825498,698;13,39583774;52,49783785
214459;11;Mitte;1200520.0;2021;7;17;4;3;3;6;0;1;0;0;0;0;0;0;794564,49;5829157,656;13,34359534;52,53268995
214458;11;Friedrichshain-Kreuzberg;2200209.0;2021;8;17;1;3;5;2;0;1;0;0;1;0;0;0;797479,4993;5824554,786;13,38232934;52,48984746
214455;11;Friedrichshain-Kreuzberg;2300315.0;2021;8;5;2;3;2;6;0;1;1;0;0;0;0;0;800162,7743;5825745,641;13,42280368;52,49905285
214452;11;Spandau;5300736.0;2021;8;12;4;3;0;7;0;1;0;0;0;0;0;0;785942,775;5829214,827;13,21689012;52,5377942
214451;11;Friedrichshain-Kreuzberg;2200207.0;2021;7;17;4;3;5;2;0;1;1;0;0;0;0;0;797089,366;5824711,85;13,37674034;52,49146784
214449;11;Pankow;3400620.0;2021;8;10;3;2;5;3;0;1;1;0;0;0;0;1;797412,2295;5833971,557;13,38976687;52,57429414
214448;11;Tempelhof-Schoeneberg;7400823.0;2021;8;19;2;3;5;2;0;1;1;0;0;0;0;0;797351,362;5821922,428;13,37810039;52,46632094
214446;11;Neukoelln;8300934.0;2021;8;16;3;3;5;3;0;1;1;0;0;0;0;0;803997,8398;5818437,925;13,47246945;52,4314325
214445;11;Charlottenburg-Wilmersdorf;4500937.0;2021;8;15;1;2;2;6;0;1;1;0;0;0;0;0;790892,7401;5824753,122;13,28576766;52,49517539
214443;11;Tempelhof-Schoeneberg;7400824.0;2021;8;20;1;2;0;2;1;1;0;0;0;0;1;1;797842,7675;5822041,769;13,3854192;52,46712304
214442;11;Friedrichshain-Kreuzberg;2500728.0;2021;7;13;7;3;0;1;0;1;0;0;0;0;0;0;802899,4904;5827647,034;13,46472593;52,51458278
214441;11;Pankow;3200308.0;2021;7;9;1;3;2;6;0;1;1;0;0;0;0;0;800186,2116;5836565,627;13,43292781;52,59602231
214440;11;Charlottenburg-Wilmersdorf;4100101.0;2021;8;8;6;3;0;3;0;1;1;0;0;0;0;0;790966,852;5829720,672;13,29120086;52,5396698
214435;11;Charlottenburg-Wilmersdorf;4501042.0;2021;7;8;5;3;5;3;0;1;0;0;0;0;1;0;794092,6504;5826440,469;13,33425693;52,50858676
214432;11;Charlottenburg-Wilmersdorf;4500938.0;2021;7;11;3;3;0;2;0;1;0;0;1;0;0;0;791775,351;5824819,982;13,29879016;52,49530367
214429;11;Tempelhof-Schoeneberg;7300516.0;2021;8;0;6;3;5;7;2;1;1;0;0;0;0;0;793951,374;5822015,033;13,32827774;52,46899098
214428;11;Mitte;1100415.0;2021;7;18;2;3;3;6;0;1;0;0;0;0;0;0;798202,14;5829355,32;13,39724217;52,53248382
214427;11;Treptow-Koepenick;9200511.0;2021;8;16;3;3;5;2;0;1;1;0;0;0;0;0;807078,8845;5822532,972;13,5214103;52,46641281
214425;11;Mitte;1200520.0;2021;7;11;6;3;5;2;0;1;1;0;0;0;0;0;794414,6657;5829093,988;13,34133656;52,53220016
214423;11;Tempelhof-Schoeneberg;7601442.0;2021;8;8;4;3;5;2;0;1;0;0;0;1;0;0;798702,1755;5816032,368;13,39266186;52,41278668
214422;11;Marzahn-Hellersdorf;10200629.0;2021;7;3;5;2;0;1;2;1;0;0;0;0;0;0;810870,3158;5828597,999;13,58270096;52,51862051
214421;11;Charlottenburg-Wilmersdorf;4501045.0;2021;8;17;5;3;5;2;0;1;1;0;0;0;0;0;794385,6878;5824881,634;13,33718413;52,49445467
214419;11;Marzahn-Hellersdorf;10300734.0;2021;8;15;3;3;3;6;0;1;1;0;0;0;0;1;809729,3592;5826098,531;13,56361415;52,49687036
214418;11;Mitte;1100102.0;2021;7;20;7;2;5;3;0;1;1;0;0;0;0;0;795040,5381;5827226,715;13,34888003;52,51512306
214417;11;Steglitz-Zehlendorf;6100209.0;2021;8;18;1;3;5;2;0;1;1;0;0;0;0;0;794765,5828;5820909,168;13,33925251;52,45863881
214416;11;Tempelhof-Schoeneberg;7601340.0;2021;7;21;3;2;3;2;1;1;1;0;0;0;0;0;796637,7923;5815848,109;13,36223596;52,4122575