object_id;federal_state;district;lor_2021;year_accident;month_accident;hour_accident;weekday;accident_category;accident_type;accident_subtype;light_conditions;accident_involving_bicycle;accident_involving_passenger_car;accident_involving_pedestrian;accident_involving_motorcycle;accident_involving_truck;accident_involving_other;road_condition;coordinates_1a;coordinates_2a;coordinates_1b;coordinates_2b
214412;11;Lichtenberg;11300725.0;2021;8;18;5;3;4;5;0;1;1;0;0;0;0;0;805205,1431;5828075,723;13,49899096;52,51713964
214411;11;Pankow;3601450.0;2021;7;15;6;2;5;3;0;1;0;0;1;0;0;0;802657,2028;5829611,433;13,46295402;52,53232396
214410;11;Friedrichshain-Kreuzberg;2500835.0;2021;8;9;6;3;5;2;0;1;1;0;0;0;0;0;803017,1695;5825753,806;13,46473165;52,49754867
214409;11;Steglitz-Zehlendorf;6300631.0;2021;8;11;2;2;5;3;0;1;1;0;0;0;0;0;791641,0261;5816249,042;13,28933031;52,4185369
214407;11;Friedrichshain-Kreuzberg;2400521.0;2021;8;10;4;3;0;2;0;1;1;0;0;0;0;0;800684,7934;5828487,465;13,43294756;52,5233412
214406;11;Pankow;3400721.0;2021;8;9;2;3;1;5;0;1;1;0;0;0;0;0;797960,1991;5833176,144;13,39711436;52,56686466
214402;11;Pankow;3300517.0;2021;8;15;6;3;5;2;0;1;1;0;0;0;0;0;803365,6195;5833523,618;13,47693962;52,56699383
214398;11;Treptow-Koepenick;9100407.0;2021;8;9;5;3;1;5;0;1;1;0;0;0;0;0;806230,0582;5820480,839;13,50707213;52,44849713
214395;11;Neukoelln;8100314.0;2021;8;18;3;3;7;7;0;1;1;0;0;0;1;1;801096,618;5824022,569;13,43496188;52,4830941
214392;11;Treptow-Koepenick;9200715.0;2021;8;16;4;2;5;2;0;1;1;0;0;0;0;0;808657,5509;5819171,531;13,54146912;52,43539811
214389;11;Lichtenberg;11501238.0;2021;8;0;7;3;0;1;2;1;0;0;0;0;0;0;803698,111;5826235,688;13,47517101;52,50148917
214386;11;Mitte;1100416.0;2021;8;20;7;3;0;4;0;1;0;1;0;0;0;0;798622,4806;5829351,822;13,40341742;52,53222234
214384;11;Friedrichshain-Kreuzberg;2100104.0;2021;7;11;6;3;5;2;0;1;1;0;0;0;0;0;799282,7575;5826219,287;13,41030438;52,50378172
214383;11;Mitte;1300733.0;2021;8;7;4;3;5;2;0;1;1;0;0;0;0;0;797574,5753;5831890,099;13,39028849;52,55554788
214379;11;Spandau;5100211.0;2021;8;15;3;3;5;2;0;1;1;0;0;0;0;1;781914,9502;5829568,03;13,15796142;52,54305989
214378;11;Mitte;1400942.0;2021;8;17;1;3;5;3;0;1;0;0;0;0;1;0;794808,0345;5830942,764;13,34875936;52,5485604
214377;11;Mitte;1300836.0;2021;7;8;4;3;5;2;0;1;1;0;0;0;0;0;796571,2339;5830501,323;13,37429227;52,54364632
214373;11;Charlottenburg-Wilmersdorf;4501042.0;2021;7;17;2;3;2;2;0;1;0;0;0;0;0;0;793932,1671;5825811,445;13,33134375;52,50303438
214371;11;Tempelhof-Schoeneberg;7100205.0;2021;8;10;7;3;5;3;0;1;1;0;0;0;0;0;796018,3537;5824976,164;13,36124669;52,49441903
214370;11;Mitte;1401045.0;2021;7;19;5;3;5;3;0;1;1;0;0;0;0;0;796871,4018;5831556,118;13,37964849;52,55293788
214368;11;Pankow;3400723.0;2021;8;7;5;3;0;7;0;1;0;0;0;0;0;0;799592,6423;5833989,189;13,42186159;52,57325634
214367;11;Pankow;3300412.0;2021;7;9;4;3;5;3;0;1;0;0;0;0;1;0;802635,3009;5838879,11;13,47109026;52,61539997
214362;11;Friedrichshain-Kreuzberg;2200213.0;2021;7;17;3;3;6;3;0;1;0;1;0;0;0;0;799995,7453;5824726,386;13,41943269;52,49000867
214360;11;Charlottenburg-Wilmersdorf;4300620.0;2021;7;9;3;3;6;4;0;1;0;1;0;0;0;0;793540,1041;5827710,182;13,32725901;52,52026673
214357;11;Mitte;1100415.0;2021;7;23;6;3;1;5;2;1;0;0;0;0;1;1;798322,7873;5829355,527;13,3990157;52,53241965
214354;11;Neukoelln;8100419.0;2021;8;15;2;3;5;2;0;1;1;0;0;0;0;0;802028,444;5824302,069;13,44889544;52,48508469
214353;11;Treptow-Koepenick;9200819.0;2021;8;19;6;3;0;5;0;1;0;0;0;0;0;1;810491,0318;5820154,455;13,56926647;52,44316915
214350;11;Steglitz-Zehlendorf;6300634.0;2021;7;17;4;3;0;6;0;1;1;0;0;0;0;0;791941,5767;5819046,021;13,2961792;52,44345165
214349;11;Friedrichshain-Kreuzberg;2100104.0;2021;8;9;2;3;5;2;0;1;1;0;0;0;0;0;799292,6943;5826222,056;13,41045283;52,50380109
214342;11;Treptow-Koepenick;9100101.0;2021;7;20;5;2;5;2;0;1;1;0;0;0;0;0;802315,9187;5824783,382;13,45355265;52,48923963
214336;11;Lichtenberg;11300723.0;2021;8;17;3;2;5;3;1;1;1;0;0;0;0;0;805198,7001;5828433,153;13,4992242;52,52034669
214335;11;Neukoelln;8200624.0;2021;8;12;2;3;0;7;0;1;0;0;0;0;0;0;801380,7547;5820278,106;13,43575164;52,44937472
214334;11;Reinickendorf;12200309.0;2021;8;18;7;3;5;2;0;1;1;0;0;0;0;0;792857,7934;5832732,755;13,32165966;52,5656588
214332;11;Charlottenburg-Wilmersdorf;4501041.0;2021;8;11;3;3;1;5;0;1;1;0;0;0;0;0;793116,5145;5825606,95;13,31918156;52,50163993
214331;11;Neukoelln;8100415.0;2021;8;22;1;3;4;6;2;1;1;0;0;0;0;1;801204,8942;5823702,914;13,43626274;52,48016924
214329;11;Friedrichshain-Kreuzberg;2200207.0;2021;7;20;7;3;5;2;0;1;1;0;0;0;0;0;797090,4104;5824707,864;13,37675212;52,49143154
214328;11;Pankow;3701660.0;2021;8;1;5;3;2;7;2;1;0;0;0;0;1;0;800541,708;5829474,023;13,43173667;52,53226285
214326;11;Friedrichshain-Kreuzberg;2100102.0;2021;8;17;5;2;5;2;0;1;1;0;0;0;0;0;798448,9756;5826534,786;13,39833978;52,50706645
214322;11;Friedrichshain-Kreuzberg;2100104.0;2021;7;7;4;3;5;3;0;1;1;0;0;0;0;0;799343,492;5826192,25;13,41117219;52,50350606
214320;11;Mitte;1100311.0;2021;7;19;2;3;0;6;0;1;0;0;0;0;0;0;799723,4538;5827707,294;13,41811759;52,51687749
214319;11;Friedrichshain-Kreuzberg;2100104.0;2021;8;22;5;3;5;3;2;1;1;0;0;0;0;0;799418,3243;5826149,051;13,41223253;52,50307779
214315;11;Neukoelln;8100102.0;2021;8;19;6;3;0;2;0;1;1;0;0;0;0;1;800587,0769;5823219,662;13,42675722;52,47617807
214313;11;Mitte;1100309.0;2021;8;18;4;3;5;3;0;1;0;0;1;0;0;0;798542,1442;5828980,925;13,40190352;52,52894178
214310;11;Mitte;1200624.0;2021;8;17;3;3;0;2;0;1;1;0;0;0;0;0;795668,7765;5829732,528;13,36033922;52,53724527
214308;11;Tempelhof-Schoeneberg;7501029.0;2021;7;7;3;3;5;2;0;1;0;0;0;0;1;0;797358,804;5819348,638;13,37591765;52,44324539
214306;11;Tempelhof-Schoeneberg;7501031.0;2021;7;13;6;2;1;5;0;1;1;0;0;0;0;0;798160,2855;5820500,729;13,388703;52,45313619
214304;11;Mitte;1200522.0;2021;8;8;5;3;5;3;0;1;1;0;0;0;0;0;793670,817;5828113,466;13,32953604;52,52381158
214301;11;Reinickendorf;12500824.0;2021;8;13;3;3;5;2;0;1;1;0;0;0;0;0;790704,8987;5835385,354;13,29231314;52,59059283
214300;11;Pankow;3501037.0;2021;7;16;5;3;0;5;0;1;1;0;0;0;0;1;803040,6991;5832189,176;13,47094188;52,55521458
214298;11;Treptow-Koepenick;9100304.0;2021;8;20;2;3;5;2;1;1;1;0;0;0;0;0;804746,8525;5822302,241;13,48697769;52,46565053
214297;11;Treptow-Koepenick;9502043.0;2021;7;15;4;3;0;6;0;1;0;0;0;0;0;0;811198,4185;5822134,236;13,58148508;52,46050891
214295;11;Tempelhof-Schoeneberg;7200308.0;2021;7;15;1;3;3;6;0;1;1;0;0;0;0;0;794981,5085;5823812,022;13,34498814;52,48454462
214292;11;Neukoelln;8100521.0;2021;8;8;6;3;5;3;0;1;1;0;0;0;0;0;802482,612;5822558,477;13,45398195;52,46920539
214291;11;Spandau;5300839.0;2021;7;15;3;3;5;3;0;1;1;0;0;0;0;0;788846,1821;5830212,96;13,26044744;52,54521157
214290;11;Neukoelln;8200624.0;2021;7;12;5;3;5;3;0;1;1;0;0;0;0;0;800951,6669;5820982,06;13,43009115;52,45592091
214289;11;Friedrichshain-Kreuzberg;2100104.0;2021;7;15;6;3;5;3;0;1;1;0;0;0;0;0;799344,3317;5826191,915;13,41118423;52,5035026
214288;11;Neukoelln;8100312.0;2021;8;11;4;3;2;6;0;1;1;0;0;0;0;0;801299,3048;5824638,496;13,43849435;52,488503
214287;11;Mitte;1100312.0;2021;8;10;4;3;6;4;0;1;1;1;0;0;0;0;799695,7659;5827210,04;13,41726292;52,5124356
214280;11;Charlottenburg-Wilmersdorf;4400830.0;2021;7;8;3;3;3;6;0;1;1;0;0;1;0;0;792280,137;5823131,532;13,30472372;52,47989693
214279;11;Reinickendorf;12200515.0;2021;8;20;3;3;5;3;1;1;1;0;0;0;0;0;790460,8144;5834707,677;13,28812605;52,58464795
214275;11;Mitte;1100309.0;2021;8;8;5;3;2;6;0;1;1;0;0;0;1;0;798655,614;5828512,264;13,40315029;52,52467874
214274;11;Reinickendorf;12500930.0;2021;7;12;6;3;5;2;0;1;1;0;0;0;0;0;792847,6517;5835134,047;13,32363154;52,58719058
214273;11;Lichtenberg;11100206.0;2021;7;18;6;3;5;2;0;1;1;0;0;0;0;0;805435,816;5834599,784;13,50837931;52,57548121
214271;11;Mitte;1100308.0;2021;8;20;4;3;6;4;1;1;1;1;0;0;0;0;797110,04;5829250,939;13,38109619;52,53214455
214270;11;Steglitz-Zehlendorf;6300633.0;2021;8;7;3;3;6;6;0;1;0;1;0;0;0;1;793255,1308;5819251,504;13,31563025;52,44459088
214265;11;Marzahn-Hellersdorf;10300733.0;2021;7;13;2;3;5;3;0;1;1;0;0;0;0;0;809226,1951;5827213,861;13,55726158;52,50715097
214264;11;Neukoelln;8100418.0;2021;8;7;6;3;5;3;0;1;1;0;0;0;0;0;802521,7358;5823710,178;13,45560072;52,47950646
214263;11;Lichtenberg;11300724.0;2021;8;8;2;3;5;3;0;1;1;0;0;0;0;0;804634,7026;5827820,665;13,49037673;52,51517259
214262;11;Mitte;1100309.0;2021;8;19;6;3;6;4;0;1;0;1;0;0;0;1;798472,6848;5828386,367;13,40034897;52,52365042
214260;11;Neukoelln;8100520.0;2021;8;20;4;3;5;3;1;1;1;0;0;0;0;0;803157,67;5823054,984;13,46434047;52,47328137
214257;11;Friedrichshain-Kreuzberg;2500833.0;2021;8;17;4;3;5;3;0;1;1;0;0;0;0;0;802837,0159;5826935,085;13,46316028;52,50823636
214256;11;Lichtenberg;11400929.0;2021;8;7;3;3;5;3;0;1;1;0;0;0;0;0;804467,6141;5826398,957;13,48662164;52,5025237
214255;11;Friedrichshain-Kreuzberg;2500831.0;2021;7;13;3;3;5;3;0;1;1;0;0;0;0;0;802813,4223;5827294,136;13,46314036;52,51146759
214254;11;Lichtenberg;11300722.0;2021;7;15;2;3;5;2;0;1;1;0;0;0;0;0;804278,7829;5828519,515;13,48578706;52,52163479
214253;11;Marzahn-Hellersdorf;10100315.0;2021;8;14;2;3;5;2;0;1;1;0;0;0;0;0;809893,5119;5831578,572;13,57112979;52,54588695
214252;11;Friedrichshain-Kreuzberg;2500728.0;2021;8;12;7;3;0;1;0;1;0;0;0;0;0;0;803093,1163;5828294,118;13,46816003;52,52027492
214251;11;Steglitz-Zehlendorf;6400735.0;2021;8;19;3;3;0;1;1;1;0;0;0;0;0;0;784164,4956;5816189,417;13,17963988;52,42193565
214249;11;Mitte;1200517.0;2021;7;14;5;3;0;1;0;1;0;0;0;0;0;0;793537,5527;5828160,087;13,32761859;52,52430128
214248;11;Lichtenberg;11501340.0;2021;7;17;6;3;6;4;0;1;0;1;0;0;0;0;807472,0539;5824977,148;13,5294331;52,48809675
214241;11;Tempelhof-Schoeneberg;7601544.0;2021;8;16;1;3;5;2;0;1;1;0;0;0;0;0;799796,6288;5813977,808;13,4068661;52,39377189
214240;11;Charlottenburg-Wilmersdorf;4501042.0;2021;7;15;3;3;1;5;0;1;1;0;0;0;0;0;794002,2636;5826056,336;13,33258972;52,50519193
214239;11;Steglitz-Zehlendorf;6100207.0;2021;8;17;3;3;3;6;0;1;0;0;0;0;0;0;793463,0372;5820237,281;13,31954648;52,45331654
214237;11;Lichtenberg;11100102.0;2021;8;14;6;3;5;2;0;1;1;0;0;0;0;0;808717,565;5834239,762;13,5563187;52,57040328
214236;11;Lichtenberg;11401034.0;2021;8;14;2;3;5;3;0;1;1;0;0;0;0;0;806861,3519;5827222,298;13,52253559;52,5085618
214234;11;Charlottenburg-Wilmersdorf;4200207.0;2021;7;18;5;3;3;6;0;1;1;0;0;0;0;0;789228,5636;5824032,88;13,26069772;52,48960264
214231;11;Marzahn-Hellersdorf;10100311.0;2021;8;5;3;3;5;3;0;1;1;0;0;0;0;0;806466,5574;5830188,041;13,5194693;52,53536329
214229;11;Tempelhof-Schoeneberg;7100205.0;2021;7;14;7;3;5;2;0;1;1;0;0;0;0;0;796040,9672;5825375,048;13,36193331;52,49798242
214226;11;Spandau;5100209.0;2021;8;7;2;2;5;3;0;1;1;0;0;0;0;0;782816,6565;5830408,063;13,17193779;52,55012454
214225;11;Mitte;1100309.0;2021;8;19;7;3;0;5;0;1;0;0;0;0;0;0;798181,1632;5828426,209;13,39610058;52,52416705
214223;11;Spandau;5100313.0;2021;8;11;3;3;5;2;0;1;1;0;0;0;0;0;785395,2705;5830309,692;13,20978027;52,54789762
214221;11;Spandau;5300840.0;2021;7;13;6;2;5;2;0;1;1;0;0;0;0;0;789209,6915;5829268,977;13,26497126;52,53655571
214220;11;Friedrichshain-Kreuzberg;2300315.0;2021;7;6;7;3;0;1;0;1;0;0;0;0;0;0;800461,3396;5825792,757;13,42723119;52,49931088
214218;11;Friedrichshain-Kreuzberg;2300418.0;2021;7;22;5;2;3;6;2;1;1;0;0;0;0;0;801378,7647;5825248,382;13,44021269;52,49392567
214217;11;Tempelhof-Schoeneberg;7601443.0;2021;8;16;6;3;5;2;0;1;0;0;0;1;0;0;799757,0829;5814505,433;13,40675867;52,39852304
214216;11;Charlottenburg-Wilmersdorf;4300622.0;2021;8;2;4;2;0;7;2;1;0;0;0;0;0;0;792854,7004;5827007,451;13,31656766;52,51433553
214215;11;Mitte;1100313.0;2021;8;14;3;3;0;2;0;1;0;0;1;0;0;1;799732,8762;5826579,562;13,41724039;52,50676396
214212;11;Steglitz-Zehlendorf;6100209.0;2021;8;13;1;3;5;2;0;1;1;0;0;0;0;0;794768,0813;5820916,051;13,33929526;52,45869916
214209;11;Steglitz-Zehlendorf;6200311.0;2021;8;12;6;3;1;5;0;1;1;0;0;0;0;0;796234,3514;5818262,528;13,35845972;52,43411954
214208;11;Steglitz-Zehlendorf;6400844.0;2021;8;7;2;3;5;7;0;1;1;0;0;0;0;0;790316,02;5820303,203;13,27342284;52,4555881
214204;11;Mitte;1100309.0;2021;7;12;4;3;5;2;0;1;0;0;0;1;0;0;798520,163;5829055,719;13,40164761;52,52962423
214202;11;Mitte;1100308.0;2021;8;10;4;3;5;7;0;1;1;0;0;0;0;0;797100,2606;5828836,709;13,38058225;52,52843678
214199;11;Mitte;1300836.0;2021;7;7;3;3;5;2;0;1;1;0;0;0;0;0;796638,0989;5829799,978;13,37464919;52,53732314
214197;11;Mitte;1200517.0;2021;8;20;7;3;5;3;1;1;1;0;0;0;0;0;792953,4227;5828564,682;13,31938985;52,52824248
214195;11;Pankow;3300411.0;2021;8;17;2;3;5;3;0;1;1;0;0;0;0;0;803750,7631;5839280,864;13,487884;52,61837836
214191;11;Treptow-Koepenick;9401534.0;2021;8;13;5;3;1;5;0;1;1;0;0;0;0;0;810880,3913;5820632,398;13,57542124;52,44723107
214190;11;Friedrichshain-Kreuzberg;2100104.0;2021;7;7;5;3;0;2;0;1;0;0;0;0;0;0;799116,7849;5826272,677;13,4079144;52,5043513
214187;11;Friedrichshain-Kreuzberg;2200213.0;2021;8;15;3;3;0;3;0;1;0;0;0;0;0;1;799500,1922;5824932,354;13,41234104;52,49212697
214185;11;Neukoelln;8200831.0;2021;7;12;3;3;5;2;0;1;1;0;0;0;0;0;799998,2518;5816604,159;13,41217302;52,41720329
214181;11;Pankow;3601452.0;2021;8;9;5;3;6;7;0;1;0;1;0;0;0;0;802131,88;5829111,102;13,45477843;52,52813094
214176;11;Mitte;1100207.0;2021;8;14;3;3;5;3;0;1;1;0;0;0;0;0;798480,228;5826665,996;13,39891653;52,50822548
214174;11;Steglitz-Zehlendorf;6300525.0;2021;7;20;4;2;5;2;0;1;1;0;0;0;0;0;788979,8289;5816096,141;13,25017596;52,41857772
214171;11;Reinickendorf;12500824.0;2021;8;15;6;3;5;3;0;1;0;0;1;0;0;0;790525,204;5835342,286;13,28963023;52,59030275
214168;11;Tempelhof-Schoeneberg;7100102.0;2021;8;18;5;3;5;2;0;1;1;0;0;0;0;0;794965,8881;5825571,457;13,34631641;52,50032522
214166;11;Treptow-Koepenick;9200511.0;2021;8;18;4;2;5;2;0;1;1;0;0;0;0;0;806814,1949;5821997,972;13,51703437;52,46176668
214165;11;Friedrichshain-Kreuzberg;2100101.0;2021;8;8;2;3;5;2;0;1;0;0;0;0;0;0;797379,7689;5826176,41;13,38231258;52,50443787
214159;11;Lichtenberg;11300826.0;2021;8;8;5;3;5;3;0;1;0;0;0;0;0;0;804141,5207;5826811,577;13,48220923;52,50640373
214158;11;Treptow-Koepenick;9501939.0;2021;7;15;3;3;5;2;0;1;1;0;0;0;0;0;809638,3683;5821500,289;13,55800911;52,45571372
214157;11;Reinickendorf;12100102.0;2021;8;10;5;3;5;2;0;1;1;0;0;0;0;0;796723,5319;5833261,719;13,378999;52,56830719
214156;11;Treptow-Koepenick;9200715.0;2021;7;9;4;3;0;7;0;1;0;0;0;1;0;0;808457,457;5819018,06;13,53839345;52,43413555
214154;11;Mitte;1100205.0;2021;8;16;4;3;5;2;0;1;1;0;0;0;0;0;796968,8041;5826857,684;13,37688341;52,51076861
214153;11;Steglitz-Zehlendorf;6300525.0;2021;8;17;2;3;5;2;0;1;1;0;0;0;0;0;790210,211;5815096,697;13,2673509;52,40896629
214152;11;Mitte;1100415.0;2021;7;19;4;3;1;5;0;1;1;0;0;0;0;0;798354,363;5829301,712;13,39943152;52,53192
214151;11;Reinickendorf;12400618.0;2021;8;11;4;3;5;2;0;1;1;0;0;0;0;0;787205,7466;5837998,731;13,24307003;52,61588175
214149;11;Friedrichshain-Kreuzberg;2200212.0;2021;8;19;2;3;0;2;0;1;0;0;0;0;1;0;799050,9506;5824575,344;13,40542353;52,48917317
214148;11;Lichtenberg;11501340.0;2021;8;10;7;2;5;2;0;1;1;0;0;0;0;0;807323,9619;5824796,993;13,52709282;52,48656555
214147;11;Lichtenberg;11300826.0;2021;7;17;2;3;5;3;0;1;1;0;0;0;0;0;804256,3389;5827060,241;13,48412298;52,50856839
214146;11;Mitte;1100310.0;2021;8;18;2;3;1;5;0;1;1;0;0;0;0;0;799146,6156;5828584,256;13,41043071;52,52505487
214145;11;Friedrichshain-Kreuzberg;2300314.0;2021;8;10;7;3;3;6;0;1;1;0;0;0;0;0;799955,3243;5826105,077;13,4200806;52,5023887
214144;11;Lichtenberg;11300724.0;2021;7;17;5;3;0;7;0;1;1;0;0;0;0;1;804455,3098;5828170,673;13,48806154;52,51840974
214143;11;Mitte;1100308.0;2021;7;14;6;3;5;2;0;1;1;0;0;0;0;0;797257,9484;5829087,605;13,38312422;52,53059981
214142;11;Mitte;1200623.0;2021;8;12;4;3;0;2;0;1;1;0;0;0;0;0;795476,1379;5829574,914;13,3573671;52,53593687
214140;11;Tempelhof-Schoeneberg;7100102.0;2021;8;22;5;3;5;3;2;1;1;0;0;0;0;0;794929,5799;5825540,796;13,34575593;52,50006999
214137;11;Lichtenberg;11200512.0;2021;8;18;1;3;1;5;0;1;1;0;0;0;0;0;803893,9559;5831292,932;13,48266841;52,54670649
214136;11;Lichtenberg;11200513.0;2021;7;17;4;3;5;3;0;1;1;0;0;0;0;0;804648,1879;5831123,52;13,49360138;52,54476692
214131;11;Friedrichshain-Kreuzberg;2100101.0;2021;7;14;5;3;1;5;0;1;1;0;0;0;0;0;797726,7967;5825775,992;13,38705224;52,50065934
214126;11;Mitte;1300733.0;2021;8;21;4;3;5;2;2;1;0;0;0;0;0;0;797680,8768;5831315,245;13,39133638;52,55033697
214124;11;Neukoelln;8301036.0;2021;7;5;5;2;5;2;0;1;0;0;0;0;1;0;804102,244;5817517,22;13,47316327;52,4231223
214121;11;Neukoelln;8100417.0;2021;7;13;4;3;5;3;0;1;1;0;0;0;0;0;802276,2266;5822845,251;13,45121277;52,47188999
214119;11;Mitte;1100311.0;2021;8;20;6;2;3;6;1;1;0;0;0;0;0;0;799723,2902;5827709,321;13,41811702;52,51689576
214118;11;Mitte;1100312.0;2021;8;16;3;3;5;3;0;1;1;0;0;0;0;0;799645,0669;5827049,772;13,41637378;52,5110269
214116;11;Tempelhof-Schoeneberg;7400824.0;2021;7;20;3;2;5;3;1;1;1;0;0;0;0;0;797844,7457;5822041,914;13,38544836;52,46712326
214115;11;Tempelhof-Schoeneberg;7200409.0;2021;8;10;4;3;1;5;0;1;1;0;0;0;0;0;795454,5525;5824070,702;13,35216341;52,48660772
214113;11;Spandau;5300736.0;2021;7;17;7;3;5;2;0;1;1;0;0;0;0;0;786086,118;5829145,207;13,21893788;52,53709477
214109;11;Friedrichshain-Kreuzberg;2500727.0;2021;8;9;4;3;5;3;0;1;1;0;0;0;0;0;802588,9899;5827779,649;13,46028483;52,51594374
214108;11;Pankow;3400826.0;2021;8;16;3;3;5;7;0;1;1;0;0;0;0;0;798228,5794;5832288,958;13,40026486;52,55876536
214105;11;Tempelhof-Schoeneberg;7601442.0;2021;7;11;4;3;5;2;0;1;1;0;0;0;0;0;799275,186;5816272,853;13,4012765;52,41462937
214103;11;Charlottenburg-Wilmersdorf;4300619.0;2021;8;9;7;2;5;2;0;1;1;0;0;0;0;0;791905,1561;5827432,304;13,30298745;52,51865328
214102;11;Reinickendorf;12500929.0;2021;7;14;7;3;5;3;0;1;1;0;0;0;0;0;794029,325;5838135,29;13,34368894;52,61345695
214101;11;Friedrichshain-Kreuzberg;2100102.0;2021;7;10;7;3;1;5;0;1;1;0;0;0;0;0;797928,8471;5826416,462;13,39059305;52,5062901
214098;11;Mitte;1100102.0;2021;8;15;7;3;0;2;0;1;1;0;0;0;0;0;796635,3528;5826670,841;13,37181786;52,50927518
214096;11;Mitte;1100416.0;2021;8;7;4;3;5;2;0;1;0;0;0;0;0;0;798797,3019;5829185,931;13,4058379;52,53063956
214095;11;Tempelhof-Schoeneberg;7100205.0;2021;7;18;4;3;5;3;0;1;1;0;0;0;0;0;796414,1173;5824875,605;13,36696963;52,49330284
214093;11;Charlottenburg-Wilmersdorf;4501040.0;2021;8;19;3;3;1;5;0;1;1;0;0;0;0;0;792550,9886;5825545,066;13,3108196;52,50138866
214088;11;Pankow;3601346.0;2021;8;13;2;3;1;5;0;1;1;0;0;0;0;0;799466,8513;5831032,364;13,41734281;52,54682249
214087;11;Pankow;3200310.0;2021;8;17;7;2;5;7;0;1;1;0;0;0;0;0;799222,7674;5838175,452;13,42020169;52,61098258
214086;11;Lichtenberg;11300721.0;2021;7;13;3;3;5;2;0;1;1;0;0;0;0;0;805532,163;5830048,844;13,50560819;52,53464035
214083;11;Mitte;1200627.0;2021;7;19;5;3;0;2;0;1;1;0;0;0;0;1;795501,6161;5828373,914;13,35667408;52,52515713
214082;11;Mitte;1200521.0;2021;7;1;6;2;0;1;2;1;0;0;0;0;0;0;793686,4421;5828141,747;13,32979066;52,52405669
214080;11;Mitte;1100308.0;2021;7;17;6;2;0;1;0;1;0;0;0;0;0;0;797136,4792;5827820,236;13,38020641;52,51930551
214079;11;Reinickendorf;12100102.0;2021;7;13;6;3;5;3;0;1;0;0;1;0;0;0;796654,968;5833325,511;13,37804741;52,56891638
214078;11;Pankow;3500934.0;2021;8;15;5;3;2;6;0;1;1;0;0;0;0;0;801252,5794;5831813,38;13,4443062;52,5528383
214077;11;Marzahn-Hellersdorf;10200423.0;2021;8;9;5;3;2;3;0;1;1;0;0;0;0;0;813015,8101;5831217,009;13,61668333;52,54086225
214070;11;Tempelhof-Schoeneberg;7200411.0;2021;8;12;5;3;6;4;0;1;0;1;0;0;0;0;796206,0614;5824231,807;13,36334179;52,48764469
214068;11;Tempelhof-Schoeneberg;7100102.0;2021;8;7;6;3;2;2;0;1;1;0;0;0;0;0;795411,226;5824986,15;13,35233879;52,49483748
214067;11;Steglitz-Zehlendorf;6100210.0;2021;8;21;1;3;5;3;2;1;1;0;0;0;0;1;794713,8148;5821563,387;13,33907045;52,46453145
214064;11;Mitte;1100101.0;2021;8;7;4;3;0;7;0;1;1;0;0;0;0;0;794676,3537;5826179,417;13,34260148;52,50593162
214063;11;Lichtenberg;11501341.0;2021;7;10;5;3;5;3;0;1;1;0;0;0;0;0;807185,5161;5823813,502;13,52415416;52,47782924
214060;11;Mitte;1300733.0;2021;7;7;4;3;5;2;0;1;1;0;0;0;0;0;797576,6408;5831889,949;13,39031873;52,55554541
214059;11;Steglitz-Zehlendorf;6300633.0;2021;7;9;2;3;2;7;0;1;1;0;0;0;0;0;792446,0689;5818815,296;13,30337861;52,44111364
214057;11;Steglitz-Zehlendorf;6400736.0;2021;8;10;2;3;5;2;0;1;1;0;0;0;0;0;787513,0785;5816890,419;13,22935029;52,4264716
214054;11;Tempelhof-Schoeneberg;7601545.0;2021;7;16;6;3;1;5;0;1;1;0;0;0;0;0;800060,6259;5813307,16;13,41013389;52,38761585
214053;11;Lichtenberg;11501340.0;2021;8;11;4;3;1;5;0;1;1;0;0;0;0;0;808133,96;5825376,044;13,53951939;52,49129849
214051;11;Spandau;5100207.0;2021;7;19;5;2;5;3;0;1;1;0;0;0;0;0;779992,1118;5830307,606;13,13030541;52,55068307
214050;11;Friedrichshain-Kreuzberg;2400521.0;2021;7;10;7;3;5;3;0;1;0;0;0;0;1;0;800480,385;5828223,902;13,42970568;52,5210915
214047;11;Mitte;1200522.0;2021;8;13;2;3;4;5;0;1;0;0;0;0;1;0;794314,4923;5828157,229;13,33903482;52,52385682
214046;11;Mitte;1100310.0;2021;8;6;7;3;0;1;0;1;0;0;0;0;0;0;799647,2923;5828695,539;13,41788882;52,52577741
214045;11;Neukoelln;8100102.0;2021;7;17;4;3;1;5;0;1;1;0;0;0;0;0;800464,0737;5823634,33;13,42532524;52,4799626
214044;11;Mitte;1100313.0;2021;8;8;3;3;5;3;0;1;0;0;0;0;1;0;799899,3251;5826525,054;13,41963636;52,50618391
214043;11;Tempelhof-Schoeneberg;7200414.0;2021;8;0;1;2;0;3;2;1;0;0;1;0;0;1;796257,079;5823954,758;13,3638447;52,48513351