object_id;federal_state;district;lor_2021;year_accident;month_accident;hour_accident;weekday;accident_category;accident_type;accident_subtype;light_conditions;accident_involving_bicycle;accident_involving_passenger_car;accident_involving_pedestrian;accident_involving_motorcycle;accident_involving_truck;accident_involving_other;road_condition;coordinates_1a;coordinates_2a;coordinates_1b;coordinates_2b
214042;11;Tempelhof-Schoeneberg;7601341.0;2021;7;16;6;3;5;3;0;1;1;0;0;0;0;0;798071,7948;5814227,608;13,38181477;52,39695237
214035;11;Steglitz-Zehlendorf;6100103.0;2021;8;16;1;3;6;7;0;1;0;1;0;0;0;0;793804,8092;5821022,576;13,32525259;52,46017283
214033;11;Charlottenburg-Wilmersdorf;4200203.0;2021;8;16;1;2;8;1;0;1;0;0;0;0;0;1;788286,669;5826920,484;13,24936406;52,51598958
214028;11;Marzahn-Hellersdorf;10100311.0;2021;8;22;6;2;5;7;2;1;0;0;0;0;1;0;806792,5108;5830324,581;13,52438591;52,5364036
214026;11;Mitte;1100309.0;2021;8;19;6;3;0;1;0;1;0;0;1;0;0;1;798987,1716;5828832,112;13,40831039;52,52736399
214024;11;Tempelhof-Schoeneberg;7601340.0;2021;7;11;6;3;5;2;0;1;1;0;0;0;0;0;796134,2938;5815933,292;13,35493031;52,41329371
214023;11;Friedrichshain-Kreuzberg;2500830.0;2021;8;18;5;2;0;7;0;1;0;0;0;0;0;0;802563,0704;5827389,369;13,45954917;52,51246007
214022;11;Pankow;3100103.0;2021;8;8;5;3;0;3;0;1;0;0;1;0;0;0;804063,3094;5839912,313;13,49306702;52,62386284
214020;11;Marzahn-Hellersdorf;10100311.0;2021;8;14;7;3;5;2;0;1;1;0;0;0;0;0;807500,9481;5829177,511;13,53373699;52,52572434
214017;11;Tempelhof-Schoeneberg;7300619.0;2021;7;8;1;3;5;2;0;1;1;0;0;0;0;0;795243,269;5822270,82;13,34746722;52,4705873
214015;11;Reinickendorf;12400720.0;2021;8;8;6;3;2;6;0;1;1;0;0;0;0;0;789100,8885;5840188,662;13,27289891;52,63450958
214014;11;Treptow-Koepenick;9501737.0;2021;8;13;2;3;5;2;0;1;1;0;0;0;0;0;813766,4822;5821746,257;13,61879482;52,45556393
214012;11;Tempelhof-Schoeneberg;7100102.0;2021;7;18;2;2;5;7;0;1;1;0;0;0;0;0;795282,4422;5825402,331;13,35081627;52,49863793
214010;11;Pankow;3601245.0;2021;7;10;4;3;4;5;0;1;1;0;0;0;0;0;800655,4435;5831074,772;13,43485678;52,54654797
214009;11;Tempelhof-Schoeneberg;7200308.0;2021;7;8;5;3;2;2;0;1;1;0;0;0;0;0;795216,2091;5823199,434;13,34789196;52,47892633
214008;11;Lichtenberg;11200514.0;2021;8;17;2;3;5;3;0;1;1;0;0;0;0;0;805035,3975;5830436,264;13,49866266;52,53839081
214003;11;Mitte;1100416.0;2021;8;21;6;3;0;1;2;1;0;0;0;0;0;1;798679,7307;5829463,114;13,40435891;52,53318855
213999;11;Lichtenberg;11300722.0;2021;7;12;5;3;1;5;0;1;1;0;0;0;0;0;803806,5179;5827751,317;13,47814638;52,51501299
213998;11;Charlottenburg-Wilmersdorf;4100101.0;2021;7;15;7;3;1;5;0;1;0;0;0;0;1;0;790183,7014;5829822,631;13,27977502;52,54100149
213995;11;Mitte;1100308.0;2021;8;17;3;3;5;2;0;1;0;0;0;0;1;0;796939,8385;5828909,033;13,37828902;52,52917249
213994;11;Pankow;3400618.0;2021;8;10;1;3;0;1;0;1;1;0;0;0;0;0;796127,3753;5836570,617;13,37318555;52,59829241
213992;11;Mitte;1200626.0;2021;8;18;3;3;3;6;0;1;1;0;0;0;0;0;795498,4946;5828219,487;13,35649098;52,52377451
213989;11;Spandau;5100316.0;2021;7;14;1;2;9;1;0;1;0;0;0;0;0;0;785082,3084;5829425,398;13,20441841;52,540133
213985;11;Treptow-Koepenick;9401635.0;2021;8;16;5;3;5;3;0;1;1;0;0;0;0;0;816646,7761;5817431,712;13,6569564;52,41524237
213984;11;Friedrichshain-Kreuzberg;2200209.0;2021;8;16;4;2;5;2;0;1;1;0;0;0;0;0;796813,2806;5823979,519;13,37203367;52,48505339
213980;11;Marzahn-Hellersdorf;10400940.0;2021;7;15;1;3;4;1;0;1;0;0;0;0;0;0;812379,3956;5824090,429;13,60064214;52,47736513
213979;11;Charlottenburg-Wilmersdorf;4501148.0;2021;8;22;6;3;5;2;2;1;1;0;0;0;0;0;793346,8252;5823084,35;13,32034405;52,47890201
213978;11;Charlottenburg-Wilmersdorf;4300416.0;2021;8;15;2;2;5;2;0;1;1;0;0;0;0;0;791789,6026;5826098,099;13,30011941;52,5067542
213977;11;Friedrichshain-Kreuzberg;2300316.0;2021;8;15;6;3;5;2;0;1;1;0;0;0;0;0;801470,7316;5826044,79;13,44228402;52,50101322
213975;11;Steglitz-Zehlendorf;6100210.0;2021;8;9;5;3;1;5;0;1;1;0;0;0;0;0;794800,7346;5821009,597;13,33985706;52,45952013
213972;11;Mitte;1100101.0;2021;8;0;4;3;0;1;2;1;0;0;0;0;0;0;794655,3333;5826066,733;13,34219295;52,50493283
213971;11;Mitte;1401045.0;2021;8;17;2;3;6;7;0;1;0;1;0;0;0;0;796703,4795;5831647,904;13,37726107;52,55385214
213967;11;Mitte;1100312.0;2021;8;20;7;3;5;2;1;1;1;0;0;0;0;0;799651,2417;5827045,792;13,41646091;52,51098784
213965;11;Neukoelln;8100105.0;2021;8;18;2;3;5;2;0;1;1;0;0;0;0;0;800944,4966;5822300,867;13,43117498;52,46774579
213964;11;Charlottenburg-Wilmersdorf;4300623.0;2021;8;15;6;3;5;7;0;1;1;0;0;0;0;0;792725,01;5826102,048;13,31386565;52,5062885
213962;11;Friedrichshain-Kreuzberg;2400625.0;2021;7;20;6;3;5;2;1;1;1;0;0;0;0;0;801765,3262;5826249,693;13,44679646;52,50268697
213958;11;Reinickendorf;12500824.0;2021;8;14;3;3;5;3;0;1;1;0;0;0;0;0;790625,4505;5835955,499;13,29164394;52,59574654
213955;11;Friedrichshain-Kreuzberg;2100102.0;2021;8;20;3;3;5;2;1;1;1;0;0;0;0;1;797958,5536;5826222,137;13,39085553;52,504532
213953;11;Mitte;1200628.0;2021;7;8;4;2;5;2;0;1;1;0;0;0;0;0;795468,3867;5827765,588;13,35564528;52,519722
213952;11;Neukoelln;8100206.0;2021;7;19;6;3;5;3;0;1;1;0;0;0;0;0;801107,8493;5823533,917;13,43468547;52,47870799
213942;11;Treptow-Koepenick;9501941.0;2021;7;16;7;3;5;2;0;1;1;0;0;0;0;0;811456,9733;5821168,832;13,58437785;52,45171019
213941;11;Neukoelln;8100102.0;2021;8;10;5;3;5;3;0;1;1;0;0;0;0;0;800393,8504;5823322,784;13,42401367;52,4772087
213939;11;Spandau;5100210.0;2021;8;14;3;3;5;2;0;1;1;0;0;0;0;1;783979,1491;5830107,246;13,1887792;52,54682256
213937;11;Charlottenburg-Wilmersdorf;4300518.0;2021;7;16;3;3;1;5;0;1;1;0;0;0;0;0;792107,7281;5827787,65;13,30627646;52,5217304
213934;11;Steglitz-Zehlendorf;6300631.0;2021;7;15;6;3;1;1;0;1;1;0;0;0;0;0;792080,3235;5816497,153;13,29598819;52,42052695
213930;11;Mitte;1100206.0;2021;8;18;4;3;3;6;0;1;0;0;0;0;0;0;797155,7471;5827713,407;13,38039411;52,51833741
213928;11;Treptow-Koepenick;9501939.0;2021;7;16;4;3;6;7;0;1;0;1;0;0;0;0;811025,9991;5821821,089;13,57866378;52,45780079
213924;11;Tempelhof-Schoeneberg;7200409.0;2021;8;15;6;3;1;5;0;1;1;0;0;0;0;0;795798,8778;5824312,3;13,35743397;52,48858702
213923;11;Mitte;1200628.0;2021;8;20;2;3;5;2;1;1;1;0;0;0;0;1;795541,821;5828196,459;13,35710727;52,5235446
213922;11;Treptow-Koepenick;9501941.0;2021;8;15;7;3;5;2;0;1;1;0;0;0;0;0;811395,6627;5821164,189;13,58347422;52,45170351
213920;11;Charlottenburg-Wilmersdorf;4300412.0;2021;8;16;4;3;5;2;0;1;1;0;0;0;0;0;790797,6792;5827378,319;13,28666463;52,518761
213919;11;Mitte;1100311.0;2021;7;13;4;3;5;2;0;1;1;0;0;0;0;0;799606,792;5827991,155;13,41665912;52,51948597
213918;11;Lichtenberg;11300620.0;2021;7;21;5;3;5;2;0;1;1;0;0;0;0;0;803744,3482;5829272,426;13,47862209;52,52868084
213914;11;Mitte;1100308.0;2021;7;22;6;3;5;3;2;1;1;0;0;0;0;0;797044,6328;5829327,236;13,38020296;52,53286411
213913;11;Mitte;1400942.0;2021;8;14;4;3;3;6;0;1;0;0;0;0;0;0;794758,7343;5830894,641;13,34799169;52,5481557
213911;11;Pankow;3601450.0;2021;8;7;2;3;2;6;0;1;1;0;0;0;0;0;802323,0667;5829859,76;13,45826896;52,53473511
213908;11;Mitte;1100415.0;2021;8;10;3;3;5;2;0;1;0;0;0;0;1;0;797396,384;5829170,384;13,38523303;52,53126631
213906;11;Mitte;1401047.0;2021;7;8;6;3;1;5;0;1;1;0;0;0;0;0;795657,6208;5830628,824;13,36097286;52,54528579
213905;11;Tempelhof-Schoeneberg;7501032.0;2021;7;15;6;3;5;3;0;1;1;0;0;0;0;0;799319,0467;5819602,931;13,40490001;52,44445534
213904;11;Pankow;3200205.0;2021;8;8;4;3;2;6;0;1;1;0;0;1;0;0;797867,2739;5836017,608;13,39830074;52,59238522
213903;11;Steglitz-Zehlendorf;6300634.0;2021;7;8;5;3;5;2;0;1;1;0;0;0;0;0;791394,5449;5817818,159;13,28708317;52,43273553
213901;11;Marzahn-Hellersdorf;10100205.0;2021;8;12;5;3;5;2;0;1;1;0;0;0;0;0;807991,5945;5832316,071;13,54385545;52,55357476
213900;11;Mitte;1200628.0;2021;8;17;3;3;5;3;0;1;1;0;0;0;0;0;795530,4836;5828225,788;13,35696671;52,52381366
213898;11;Pankow;3701554.0;2021;7;22;4;3;1;5;2;1;1;0;0;0;0;0;799065,9578;5830190,53;13,41069053;52,53949696
213896;11;Friedrichshain-Kreuzberg;2100102.0;2021;7;9;6;3;2;6;0;1;0;0;0;0;0;0;798250,6802;5825811,637;13,39477901;52,50069278
213894;11;Spandau;5200632.0;2021;7;19;5;3;5;3;0;1;0;0;0;0;0;0;785148,9102;5828325,392;13,20445394;52,53023559
213893;11;Marzahn-Hellersdorf;10400837.0;2021;8;18;6;3;1;5;0;1;1;0;0;0;0;0;810011,235;5824747,516;13,56649619;52,48460303
213891;11;Lichtenberg;11200512.0;2021;8;16;6;3;0;3;0;1;1;0;0;0;0;0;803227,5961;5830239,613;13,47191028;52,53763717
213890;11;Charlottenburg-Wilmersdorf;4501044.0;2021;8;17;3;3;0;2;0;1;1;0;0;0;0;0;793202,2246;5824545,857;13,3195066;52,49208158
213889;11;Friedrichshain-Kreuzberg;2500833.0;2021;7;6;5;3;5;3;0;1;1;0;0;0;0;0;802517,8379;5827266,908;13,45877336;52,51138754
213885;11;Charlottenburg-Wilmersdorf;4501150.0;2021;8;19;1;3;0;1;0;1;0;0;0;0;0;0;793404,6673;5823926,637;13,32193461;52,48642173
213884;11;Lichtenberg;11200514.0;2021;7;16;3;3;2;7;0;1;0;0;0;0;1;0;803650,6054;5830098,651;13,47799921;52,53613826
213883;11;Charlottenburg-Wilmersdorf;4200310.0;2021;8;11;3;3;5;7;0;1;1;0;0;0;0;0;789908,422;5826703,83;13,273008;52,51318759
213879;11;Friedrichshain-Kreuzberg;2500830.0;2021;8;18;6;3;1;5;0;1;1;0;0;0;0;0;802465,0357;5827411,254;13,45812886;52,5127106
213876;11;Charlottenburg-Wilmersdorf;4300412.0;2021;8;14;3;2;0;7;0;1;0;0;0;0;0;0;791408,0797;5827478,343;13,29572275;52,51933187
213874;11;Reinickendorf;12500927.0;2021;7;20;4;3;1;1;0;1;0;0;0;0;1;0;791638,0992;5835050,788;13,30575525;52,587094
213871;11;Reinickendorf;12400618.0;2021;7;16;2;3;5;2;0;1;1;0;0;0;0;0;787285,0743;5837905,432;13,24415746;52,61500337
213870;11;Pankow;3200308.0;2021;8;13;6;2;5;2;0;1;1;0;0;0;0;0;799873,0238;5836930,401;13,42864826;52,59946464
213869;11;Mitte;1300730.0;2021;8;14;2;3;2;6;0;1;1;0;0;0;0;0;796217,9461;5832202,364;13,37061549;52,55908657
213868;11;Mitte;1401047.0;2021;8;13;7;3;1;5;0;1;1;0;0;0;0;0;795555,9475;5830712,304;13,35955218;52,54608928
213865;11;Charlottenburg-Wilmersdorf;4501043.0;2021;7;16;4;3;5;3;0;1;1;0;0;0;0;0;792912,1243;5824395,826;13,31511408;52,49089234
213862;11;Steglitz-Zehlendorf;6200311.0;2021;8;16;2;3;2;3;0;1;1;0;0;0;0;0;796241,3386;5818273,471;13,3585719;52,43421386
213857;11;Mitte;1100207.0;2021;8;6;2;3;5;3;0;1;0;0;0;0;1;0;797909,1064;5826571,917;13,39044218;52,50769435
213854;11;Charlottenburg-Wilmersdorf;4501153.0;2021;8;18;3;3;5;2;0;1;0;0;0;0;0;0;794187,0039;5823237,094;13,33281439;52,47981933
213852;11;Charlottenburg-Wilmersdorf;4500936.0;2021;7;13;7;3;5;2;0;1;1;0;0;0;0;0;792091,0135;5825297,824;13,30384568;52,49941859
213847;11;Neukoelln;8401243.0;2021;8;12;5;3;2;2;0;1;1;0;0;0;0;0;805564,8917;5817120,783;13,49424423;52,41875443
213845;11;Neukoelln;8100521.0;2021;8;13;1;3;5;3;0;1;1;0;0;0;0;0;803954,9449;5822026,434;13,47510543;52,46361964
213842;11;Spandau;5100206.0;2021;7;18;2;3;5;3;0;1;0;0;0;0;1;0;781952,6562;5830973,192;13,15970913;52,55563965
213841;11;Tempelhof-Schoeneberg;7400721.0;2021;7;21;1;3;0;1;2;1;0;0;0;0;0;1;798737,9702;5823956,308;13,40027285;52,48379568
213840;11;Treptow-Koepenick;9200510.0;2021;8;7;6;3;2;2;0;1;1;0;0;0;0;0;806067,3297;5823415,202;13,50737572;52,4748873
213837;11;Neukoelln;8100102.0;2021;7;17;1;3;5;2;0;1;1;0;0;0;0;0;800176,9878;5823657,656;13,42113163;52,48032955
213835;11;Treptow-Koepenick;9501838.0;2021;7;10;4;2;0;3;0;1;0;0;0;0;1;1;821559,9261;5819111,681;13,73056376;52,42743056
213834;11;Charlottenburg-Wilmersdorf;4200310.0;2021;7;16;5;3;3;6;0;1;0;0;0;0;1;0;789698,2176;5826433,437;13,26968374;52,51087515
213830;11;Friedrichshain-Kreuzberg;2500727.0;2021;8;19;6;3;5;3;0;1;0;0;0;0;0;0;802686,4931;5828097,246;13,46200628;52,51873623
213828;11;Neukoelln;8100415.0;2021;8;18;6;2;0;3;0;1;0;0;0;0;0;0;801850,981;5823335,358;13,44541477;52,47651805
213826;11;Neukoelln;8200622.0;2021;7;15;6;2;1;5;0;1;1;0;0;0;0;0;801332,9523;5821307,541;13,43597928;52,45862822
213824;11;Treptow-Koepenick;9501838.0;2021;8;15;4;3;6;7;0;1;0;1;0;0;0;0;820240,6256;5819599,265;13,71169339;52,43257297
213823;11;Mitte;1100310.0;2021;7;15;4;3;0;7;0;1;0;0;0;0;0;0;799678,2428;5828722,299;13,41836779;52,52600026
213821;11;Neukoelln;8200622.0;2021;8;12;5;3;5;3;0;1;1;0;0;0;0;0;801230,5256;5821683,794;13,43481586;52,46205716
213820;11;Friedrichshain-Kreuzberg;2200208.0;2021;8;13;4;2;5;3;0;1;1;0;0;0;0;0;797542,2168;5824998,87;13,38364689;52,493794
213818;11;Charlottenburg-Wilmersdorf;4200311.0;2021;7;18;4;3;5;2;0;1;1;0;0;0;0;0;790515,2979;5826208,741;13,28149357;52,50842618
213813;11;Marzahn-Hellersdorf;10200418.0;2021;7;6;3;3;4;5;0;1;1;0;0;0;0;0;810815,0959;5831042,384;13,58417487;52,54055705
213812;11;Mitte;1300732.0;2021;8;8;5;3;0;1;0;1;0;0;0;0;0;0;797684,2261;5832852,215;13,39276408;52,56411205
213807;11;Mitte;1200520.0;2021;7;19;5;2;0;1;0;1;0;0;0;0;0;0;794574,3345;5828704,155;13,34333819;52,52861931
213806;11;Tempelhof-Schoeneberg;7100204.0;2021;8;8;4;3;4;6;0;1;0;0;0;0;0;0;795620,2329;5824501,044;13,35497803;52,49037573
213805;11;Lichtenberg;11300725.0;2021;8;9;4;3;5;3;0;1;1;0;0;0;0;0;805261,6503;5827711,334;13,49948684;52,5138422
213804;11;Lichtenberg;11200513.0;2021;8;14;2;3;5;2;0;1;1;0;0;0;0;0;804193,4886;5830672,751;13,48650412;52,54098093
213797;11;Neukoelln;8200725.0;2021;8;11;4;3;0;6;0;1;1;0;0;0;0;0;800442,0999;5819482,205;13,42126544;52,44275731
213795;11;Pankow;3601141.0;2021;7;0;6;3;5;2;2;1;1;0;0;0;0;0;799243,5467;5831771,416;13,41472556;52,55356963
213794;11;Pankow;3200309.0;2021;8;10;5;3;1;5;0;1;1;0;0;0;1;0;800508,1141;5837965,429;13,4389366;52,60839104
213789;11;Friedrichshain-Kreuzberg;2400623.0;2021;8;14;1;3;5;3;0;1;1;0;0;0;0;0;800465,8266;5827611,906;13,42893903;52,51561402
213787;11;Treptow-Koepenick;9200717.0;2021;7;12;2;3;0;1;0;1;1;0;0;0;0;0;809268,4329;5819602,638;13,5508255;52,43891661
213786;11;Friedrichshain-Kreuzberg;2100101.0;2021;8;14;6;3;5;2;0;1;1;0;0;0;0;0;797389,4403;5826181,767;13,38245944;52,50448062
213784;11;Marzahn-Hellersdorf;10200629.0;2021;8;14;6;3;5;7;0;1;1;0;0;0;0;0;811123,1119;5828638,372;13,58645234;52,51883816
213782;11;Reinickendorf;12100205.0;2021;8;17;4;3;0;1;0;1;1;0;0;0;0;0;794958,0233;5833112,53;13,35289323;52,56792934
213781;11;Tempelhof-Schoeneberg;7300515.0;2021;7;12;4;3;5;2;0;1;1;0;0;0;0;0;793898,6713;5822405,714;13,3278483;52,47252163
213780;11;Friedrichshain-Kreuzberg;2300419.0;2021;7;10;5;3;3;6;0;1;1;0;0;0;0;0;801367,2517;5825876,977;13,44061232;52,49956625
213779;11;Friedrichshain-Kreuzberg;2500836.0;2021;8;10;3;3;5;2;0;1;1;0;0;0;0;0;803615,3134;5825610,68;13,47338524;52,49593344
213776;11;Neukoelln;8401244.0;2021;7;8;3;3;5;3;0;1;1;0;0;0;0;0;806093,9948;5816589,358;13,50151421;52,41369586
213775;11;Mitte;1100205.0;2021;8;8;2;3;1;5;0;1;1;0;0;0;0;0;797421,1114;5826919,789;13,38358407;52,51107888
213773;11;Friedrichshain-Kreuzberg;2100101.0;2021;8;14;2;3;5;2;0;1;0;0;0;0;1;0;797763,085;5826046,03;13,38782671;52,50306012
213772;11;Mitte;1300834.0;2021;8;18;7;3;5;2;0;1;1;0;0;0;0;0;797904,744;5831002,94;13,39434811;52,54741519
213767;11;Mitte;1100310.0;2021;8;23;5;3;0;1;2;1;0;0;0;0;0;0;799719,9207;5828660,88;13,41892493;52,52542682
213765;11;Pankow;3701556.0;2021;8;14;3;3;5;3;0;1;1;0;0;0;0;0;799695,6264;5829224,722;13,41907613;52,53049413
213762;11;Mitte;1100308.0;2021;8;12;3;3;1;5;0;1;1;0;0;0;0;0;797114,8487;5829245,328;13,38116186;52,53209163
213758;11;Charlottenburg-Wilmersdorf;4500938.0;2021;7;16;6;3;5;3;0;1;1;0;0;0;0;0;791591,1519;5825066,576;13,29630048;52,4976128
213757;11;Friedrichshain-Kreuzberg;2500728.0;2021;8;19;5;3;6;7;0;1;0;1;0;0;0;0;803101,245;5827718,009;13,46775461;52,51510684
213753;11;Pankow;3300514.0;2021;7;10;4;3;2;6;0;1;1;0;0;0;0;0;801614,2393;5836183,221;13,45359851;52,59180476
213747;11;Lichtenberg;11100206.0;2021;8;12;1;2;6;4;0;1;0;1;0;0;0;0;805214,3315;5834352,082;13,50489309;52,57338549
213744;11;Pankow;3200206.0;2021;8;13;5;2;5;2;0;1;0;0;0;1;0;0;798470,157;5834860,83;13,40613227;52,58168599
213743;11;Friedrichshain-Kreuzberg;2400521.0;2021;7;11;5;3;5;3;0;1;1;0;0;0;0;0;801251,6609;5827850,98;13,44070112;52,5173234
213739;11;Mitte;1100103.0;2021;8;17;3;3;5;2;0;1;1;0;0;0;0;1;795335,9489;5826147,945;13,35226349;52,50529284
213736;11;Pankow;3601141.0;2021;8;20;1;3;0;7;1;1;1;0;0;0;0;1;798990,5676;5831815,793;13,41104537;52,55410633
213733;11;Mitte;1300836.0;2021;8;12;6;3;5;3;0;1;0;0;0;0;1;0;797150,8611;5831087,345;13,38333864;52,54858351
213730;11;Tempelhof-Schoeneberg;7200307.0;2021;7;15;1;3;5;2;0;1;1;0;0;0;0;0;794961,5179;5824328,087;13,34515132;52,48918161
213729;11;Mitte;1200626.0;2021;8;17;4;3;0;1;0;1;0;0;0;0;0;0;794971,0323;5827987,175;13,34853301;52,52197763
213727;11;Neukoelln;8100311.0;2021;7;9;5;3;3;6;0;1;0;0;0;0;0;0;800504,0242;5824471,695;13,42666657;52,48744623
213722;11;Charlottenburg-Wilmersdorf;4501042.0;2021;8;13;7;2;0;1;0;1;0;0;0;0;0;0;793980,0235;5825547,147;13,33181344;52,5006393
213719;11;Pankow;3400618.0;2021;8;22;6;3;5;2;2;1;1;0;0;0;0;1;795812,0466;5836444,331;13,36843071;52,59733201
213716;11;Mitte;1100308.0;2021;8;10;5;3;0;1;0;1;0;0;0;0;0;0;796852,2878;5828107,478;13,37628666;52,52203511
213715;11;Mitte;1401046.0;2021;7;6;5;3;0;1;1;1;0;0;0;0;0;0;795331,964;5830378,769;13,35596217;52,54322089
213712;11;Mitte;1300732.0;2021;8;18;3;3;0;1;0;1;0;0;0;0;0;1;797232,5877;5832076,241;13,38542571;52,55740316
213705;11;Charlottenburg-Wilmersdorf;4200311.0;2021;7;10;6;3;5;3;0;1;1;0;0;0;0;0;790492,367;5826123,116;13,28108192;52,50767076
213704;11;Charlottenburg-Wilmersdorf;4400728.0;2021;8;7;6;3;5;2;0;1;1;0;0;0;0;0;790732,5704;5823473,786;13,28229885;52,48379139
213702;11;Friedrichshain-Kreuzberg;2500726.0;2021;8;16;6;2;5;3;0;1;1;0;0;0;0;0;801889,867;5828454,222;13,45062546;52,52237738
213701;11;Neukoelln;8100311.0;2021;8;12;4;3;1;5;0;1;1;0;0;0;0;0;800569,9648;5824655,6;13,42780064;52,48905834
213699;11;Mitte;1200626.0;2021;7;15;4;3;0;5;0;1;0;0;0;0;1;0;795063,4678;5828274,087;13,35014599;52,52449955
213698;11;Mitte;1100308.0;2021;8;13;2;3;5;2;0;1;1;0;0;0;0;0;796781,7288;5828830,452;13,37589498;52,52855419
213695;11;Friedrichshain-Kreuzberg;2200210.0;2021;8;7;6;3;5;3;0;1;1;0;0;0;0;0;797990,6562;5825270,06;13,3904752;52,49598026
213692;11;Mitte;1100308.0;2021;7;16;3;3;0;7;0;1;0;0;0;0;0;0;796869,321;5828791,451;13,37714757;52,5281569
213691;11;Treptow-Koepenick;9401534.0;2021;8;7;4;3;1;5;0;1;1;0;0;0;0;0;810864,0527;5820557,859;13,57511226;52,44657238
213690;11;Friedrichshain-Kreuzberg;2200210.0;2021;7;1;5;3;5;3;2;1;1;0;0;0;0;0;798851,7004;5825115,225;13,40298195;52,49412158
213689;11;Treptow-Koepenick;9301025.0;2021;7;17;5;3;5;3;0;1;1;0;0;0;0;0;811154,7775;5814910,859;13,57412491;52,39580075
213687;11;Mitte;1300732.0;2021;8;16;2;3;5;2;0;1;1;0;0;0;0;0;797310,1946;5832297,141;13,38676497;52,55934089
213686;11;Lichtenberg;11200410.0;2021;7;12;4;2;5;3;0;1;0;0;0;0;0;0;805562,4584;5832831,403;13,50861343;52,55956147
213684;11;Tempelhof-Schoeneberg;7300515.0;2021;8;15;4;2;5;3;0;1;0;0;0;0;0;0;793778,4188;5822836,7;13,32646261;52,47644993
213680;11;Mitte;1100312.0;2021;7;18;3;3;5;3;0;1;1;0;0;0;0;0;798916,6627;5826698,645;13,40535725;52,50827917
213675;11;Pankow;3500932.0;2021;7;19;6;3;5;2;0;1;1;0;0;0;0;0;802070,7717;5832780,481;13,45721725;52,56105319
213672;11;Charlottenburg-Wilmersdorf;4200308.0;2021;6;12;5;3;3;6;0;1;0;0;0;0;1;0;790268,8486;5827913,453;13,27935977;52,52384026
213671;11;Marzahn-Hellersdorf;10200525.0;2021;6;12;2;3;5;3;0;1;1;0;0;0;0;0;812926,4104;5830027,661;13,61424964;52,53025589
213670;11;Mitte;1100310.0;2021;5;13;2;3;3;6;0;1;0;0;0;0;0;0;799455,2567;5827562,255;13,41404641;52,51572477
213669;11;Friedrichshain-Kreuzberg;2300316.0;2021;6;19;6;3;5;2;0;1;0;0;0;0;0;0;800737,0969;5826529,821;13,43194689;52,5057655
213667;11;Mitte;1200522.0;2021;7;6;6;3;5;2;0;1;1;0;0;0;0;1;793684,327;5828104,47;13,32972665;52,52372366
213666;11;Charlottenburg-Wilmersdorf;4501148.0;2021;6;8;4;3;3;6;0;1;0;0;0;0;1;0;792485,9072;5823597,066;13,30815344;52,48396017
213664;11;Neukoelln;8100419.0;2021;6;19;4;3;5;3;0;1;1;0;0;0;0;0;802397,0976;5824036,207;13,45406675;52,48249771
213663;11;Reinickendorf;12500926.0;2021;7;0;2;3;1;5;2;1;1;0;0;0;0;0;793686,7617;5836139,043;13,33687276;52,5957473
213656;11;Mitte;1100206.0;2021;7;17;7;3;5;2;0;1;1;0;0;0;0;0;797159,5286;5827691,301;13,38042994;52,51813719
213650;11;Charlottenburg-Wilmersdorf;4501045.0;2021;6;10;6;3;5;2;0;1;1;0;0;0;0;0;793967,5361;5824934,109;13,33108894;52,49515045
213646;11;Neukoelln;8100311.0;2021;6;16;4;3;0;1;0;1;0;0;0;0;0;1;800548,1945;5824804,397;13,42761517;52,49040405
213642;11;Friedrichshain-Kreuzberg;2200210.0;2021;5;17;2;3;5;3;0;1;1;0;0;0;0;0;798427,5585;5824793,411;13,39646482;52,49146899
213641;11;Mitte;1100309.0;2021;6;10;5;3;3;7;0;1;1;0;0;0;0;0;797803,8594;5828823,214;13,39091128;52,52793191
213640;11;Treptow-Koepenick;9100407.0;2021;6;10;5;3;5;2;0;1;0;0;0;0;1;0;806320,4984;5820907,375;13,50878991;52,45226927
213639;11;Mitte;1100309.0;2021;6;16;3;3;1;5;0;1;1;0;0;0;0;0;798351,2011;5828607,352;13,39876195;52,52569773
213637;11;Reinickendorf;12500824.0;2021;6;7;4;2;5;3;0;1;1;0;0;0;0;0;790704,0018;5835380,527;13,2922957;52,59055003
213634;11;Tempelhof-Schoeneberg;7200412.0;2021;7;9;2;3;5;2;0;1;0;0;0;0;1;1;796269,261;5822956,827;13,36313682;52,47618131
213627;11;Tempelhof-Schoeneberg;7400928.0;2021;6;15;6;2;5;2;0;1;1;0;0;0;0;0;799817,8729;5821320,554;13,41375924;52,45957812
213626;11;Steglitz-Zehlendorf;6400839.0;2021;6;8;6;2;5;3;0;1;1;0;0;0;0;0;787511,329;5817717,569;13,23003583;52,43388857
213623;11;Friedrichshain-Kreuzberg;2300316.0;2021;6;20;2;3;5;2;0;1;1;0;0;0;0;0;801471,2191;5826031,622;13,44227926;52,50089493