object_id;federal_state;district;lor_2021;year_accident;month_accident;hour_accident;weekday;accident_category;accident_type;accident_subtype;light_conditions;accident_involving_bicycle;accident_involving_passenger_car;accident_involving_pedestrian;accident_involving_motorcycle;accident_involving_truck;accident_involving_other;road_condition;coordinates_1a;coordinates_2a;coordinates_1b;coordinates_2b
212807;11;Pankow;3601348.0;2021;5;12;2;3;5;3;0;1;1;0;0;0;0;0;799839,0407;5830805,392;13,4226102;52,54458336
212806;11;Treptow-Koepenick;9502043.0;2021;6;15;3;3;5;2;0;1;1;0;0;0;0;0;811371,7049;5822784,817;13,58463426;52,46624037
212804;11;Treptow-Koepenick;9100408.0;2021;7;15;6;3;5;3;0;1;1;0;0;0;0;0;806564,9404;5820150,632;13,51168132;52,44535002
212803;11;Reinickendorf;12500825.0;2021;6;11;2;3;0;7;0;1;0;0;0;0;0;0;792184,17;5834935,815;13,31369125;52,58577029
212801;11;Tempelhof-Schoeneberg;7100204.0;2021;6;19;5;2;1;5;1;1;1;0;0;0;0;0;795259,39;5824485,217;13,34966485;52,49042914
212796;11;Pankow;3200206.0;2021;7;10;6;3;5;3;0;1;1;0;0;0;0;0;798100,879;5834696,274;13,40055034;52,58041342
212795;11;Treptow-Koepenick;9200819.0;2021;6;16;4;3;0;1;0;1;0;0;0;0;1;0;810372,1421;5820335,185;13,56769076;52,44485628
212792;11;Treptow-Koepenick;9301025.0;2021;5;7;4;2;0;1;0;1;0;0;0;0;0;0;810782,362;5815159,307;13,56889955;52,39823869
212789;11;Charlottenburg-Wilmersdorf;4200308.0;2021;7;14;4;2;5;3;0;1;1;0;0;0;0;0;789830,7975;5827311,568;13,27239675;52,51867731
212787;11;Steglitz-Zehlendorf;6300528.0;2021;5;15;7;3;5;2;0;1;0;0;0;0;0;0;789901,7178;5815929,767;13,26354984;52,41659856
212786;11;Steglitz-Zehlendorf;6400735.0;2021;6;13;5;3;5;3;0;1;1;0;0;0;0;0;783929,5457;5815911,209;13,17595798;52,41956308
212785;11;Spandau;5100314.0;2021;6;15;4;3;5;3;0;1;0;0;0;0;0;0;785163,4989;5829607,605;13,20576871;52,54172416
212781;11;Treptow-Koepenick;9501737.0;2021;6;11;4;3;5;2;0;1;1;0;0;0;0;0;814202,7385;5821334,029;13,6248062;52,45161939
212779;11;Tempelhof-Schoeneberg;7601443.0;2021;6;21;7;3;1;7;2;1;0;0;0;0;1;0;799843,3174;5815223,261;13,4086649;52,40491024
212776;11;Spandau;5200632.0;2021;6;12;1;3;0;1;0;1;0;0;0;0;0;0;785611,001;5828057,371;13,21101712;52,52759063
212775;11;Spandau;5100316.0;2021;7;18;5;3;1;5;0;1;1;0;0;0;0;0;784961,7746;5829180,239;13,2024357;52,53799797
212773;11;Tempelhof-Schoeneberg;7300516.0;2021;7;15;5;2;5;3;0;1;1;0;0;0;0;1;794142,6981;5822089,978;13,33115222;52,46955985
212772;11;Marzahn-Hellersdorf;10200417.0;2021;6;13;5;3;5;2;0;1;1;0;0;0;0;0;811333,973;5831846,049;13,59255422;52,54746268
212771;11;Neukoelln;8401242.0;2021;5;16;2;3;5;2;0;1;1;0;0;0;0;0;805041,6253;5817549,805;13,4869648;52,42289153
212770;11;Mitte;1300836.0;2021;6;8;6;2;0;1;0;1;0;0;0;0;0;0;796338,9157;5830721,604;13,37107304;52,54574732
212769;11;Pankow;3601452.0;2021;6;15;5;3;2;6;0;1;1;0;0;0;0;1;801729,0459;5829185,146;13,44892552;52,5290177
212768;11;Charlottenburg-Wilmersdorf;4100101.0;2021;6;13;2;3;5;3;0;1;1;0;0;0;0;0;790966,8817;5829723,739;13,29120399;52,53969728
212767;11;Tempelhof-Schoeneberg;7300618.0;2021;6;16;2;3;0;7;0;1;0;0;0;0;0;0;794558,4823;5822193,747;13,33734708;52,47026606
212765;11;Friedrichshain-Kreuzberg;2200211.0;2021;6;9;4;3;3;6;0;1;0;0;0;1;0;0;798281,3592;5824721,648;13,39425364;52,49090563
212763;11;Neukoelln;8100312.0;2021;6;17;3;3;5;3;0;1;0;0;0;0;1;0;801335,795;5824528,944;13,43893109;52,48750092
212762;11;Friedrichshain-Kreuzberg;2300314.0;2021;7;11;2;2;5;2;0;1;0;0;0;0;1;1;800115,1265;5825741,418;13,42210007;52,49904121
212759;11;Marzahn-Hellersdorf;10100311.0;2021;7;15;6;3;5;3;0;1;1;0;0;0;0;0;807186,3217;5829215,119;13,52914869;52,52623874
212758;11;Friedrichshain-Kreuzberg;2400623.0;2021;6;18;5;3;5;3;0;1;1;0;0;0;0;0;800285,593;5827635,978;13,42631268;52,51592904
212757;11;Pankow;3200309.0;2021;6;11;5;2;0;1;0;1;0;0;0;0;0;0;800064,6186;5837442,437;13,43193271;52,60394839
212755;11;Pankow;3601142.0;2021;5;9;2;3;0;1;0;1;0;0;0;0;0;0;798314,1737;5831155,133;13,40050491;52,54855535
212753;11;Treptow-Koepenick;9200716.0;2021;6;13;6;3;0;1;0;1;0;0;0;0;0;0;808721,5917;5819227,512;13,54245987;52,43586366
212752;11;Friedrichshain-Kreuzberg;2200209.0;2021;7;16;6;3;5;2;0;1;1;0;0;0;0;0;797751,2439;5824596,898;13,38635744;52,4900768
212751;11;Pankow;3500932.0;2021;6;7;4;3;5;3;0;1;1;0;0;0;0;0;800939,7606;5832711,388;13,4405205;52,56106016
212750;11;Charlottenburg-Wilmersdorf;4100101.0;2021;6;18;6;3;5;2;0;1;1;0;0;0;0;0;793351,6447;5829683,116;13,32623028;52,53805455
212749;11;Tempelhof-Schoeneberg;7400927.0;2021;5;16;6;2;0;3;0;1;0;0;1;0;0;1;798330,0969;5821002,839;13,39164313;52,45754437
212747;11;Tempelhof-Schoeneberg;7400927.0;2021;7;15;1;3;5;3;0;1;1;0;0;0;0;0;798109,966;5821903,181;13,38921707;52,46573503
212746;11;Tempelhof-Schoeneberg;7400823.0;2021;5;12;3;3;5;3;0;1;1;0;0;0;0;0;797339,9049;5821868,883;13,37788452;52,4658472
212745;11;Charlottenburg-Wilmersdorf;4300620.0;2021;6;20;3;3;5;2;1;1;1;0;0;0;0;1;794161,613;5827014,205;13,33577723;52,51369279
212742;11;Treptow-Koepenick;9100101.0;2021;7;20;7;3;1;5;1;1;1;0;0;0;0;0;802694,6855;5825378,316;13,45965454;52,49436212
212741;11;Spandau;5200631.0;2021;6;15;3;3;2;6;0;1;1;0;0;0;0;0;785131,892;5827149,393;13,20319537;52,51970055
212739;11;Treptow-Koepenick;9501939.0;2021;6;7;2;3;5;3;0;1;1;0;0;0;0;0;810896,0862;5821449,099;13,57641159;52,45454109
212736;11;Pankow;3300517.0;2021;6;16;7;3;5;3;0;1;0;0;0;0;0;0;803373,3914;5833512,452;13,47704372;52,56688942
212732;11;Tempelhof-Schoeneberg;7400927.0;2021;5;6;4;3;0;3;0;1;1;0;0;0;0;0;799355,7106;5820863,055;13,4065672;52,45573062
212731;11;Treptow-Koepenick;9100408.0;2021;6;14;4;3;5;2;0;1;1;0;0;0;0;1;806735,4549;5820274,535;13,51429606;52,44636486
212730;11;Mitte;1200626.0;2021;7;18;3;3;5;2;0;1;1;0;0;0;0;0;795123,7221;5828265,482;13,35102391;52,52438981
212728;11;Friedrichshain-Kreuzberg;2200211.0;2021;6;15;4;3;2;3;0;1;1;0;0;0;0;0;797960,1786;5824571,611;13,38940297;52,48973614
212727;11;Pankow;3601142.0;2021;5;18;7;3;5;2;0;1;1;0;0;0;0;0;799180,7404;5831110,348;13,41320634;52,5476787
212726;11;Marzahn-Hellersdorf;10400837.0;2021;6;16;5;2;5;3;0;1;0;0;0;0;1;0;810382,5089;5824561,473;13,57177298;52,48272487
212725;11;Mitte;1100309.0;2021;6;9;4;3;4;5;0;1;0;0;0;0;0;0;798177,284;5828904,221;13,39647221;52,52845391
212721;11;Spandau;5300841.0;2021;6;14;2;2;5;2;0;1;1;0;0;0;0;0;789689,3957;5829491,977;13,2722185;52,53830015
212717;11;Friedrichshain-Kreuzberg;2100104.0;2021;6;14;7;3;5;2;0;1;1;0;0;0;0;1;799326,8857;5826227,88;13,4109603;52,50383454
212716;11;Friedrichshain-Kreuzberg;2500833.0;2021;6;18;7;2;1;5;0;1;1;0;0;0;0;0;802366,6782;5827087,306;13,4563896;52,50986159
212715;11;Mitte;1100416.0;2021;7;19;7;3;0;1;0;1;0;0;0;0;0;0;798715,635;5829536,34;13,40495247;52,53382524
212714;11;Mitte;1100415.0;2021;6;9;4;3;0;1;0;1;0;0;0;0;0;0;798290,3113;5829368,483;13,39854998;52,53255357
212710;11;Treptow-Koepenick;9200512.0;2021;6;9;4;2;7;7;0;1;0;0;0;0;0;1;808315,2441;5821807,01;13,53888189;52,45921049
212705;11;Charlottenburg-Wilmersdorf;4500937.0;2021;6;16;5;3;2;6;0;1;1;0;0;0;0;0;791557,605;5825089,088;13,29582741;52,49783254
212704;11;Mitte;1401048.0;2021;6;16;4;2;5;3;0;1;0;0;0;0;1;0;795615,608;5831721,991;13,36132834;52,55510781
212703;11;Neukoelln;8401241.0;2021;6;20;3;2;5;3;0;1;1;0;0;0;0;0;804304,8149;5819651,577;13,47807555;52,44213958
212702;11;Neukoelln;8100312.0;2021;6;0;7;3;0;5;2;1;1;0;0;0;0;0;800966,0747;5824222,353;13,43322568;52,4849568
212701;11;Charlottenburg-Wilmersdorf;4300619.0;2021;6;16;3;3;2;7;0;1;1;0;0;0;0;0;792929,7422;5827460,336;13,31806907;52,51835518
212700;11;Neukoelln;8100102.0;2021;6;13;4;3;3;6;0;1;1;0;0;0;0;0;800538,3804;5823367,033;13,42617519;52,47752582
212697;11;Mitte;1100207.0;2021;7;18;1;2;0;1;0;1;0;0;0;0;0;0;798679,4423;5827605,622;13,40268637;52,5165389
212694;11;Tempelhof-Schoeneberg;7300517.0;2021;7;19;3;3;5;3;0;1;0;0;0;0;0;0;794013,936;5822307,268;13,32945362;52,47157707
212687;11;Neukoelln;8100206.0;2021;6;23;1;3;1;5;2;1;1;0;0;0;0;0;800340,0349;5824312,548;13,42411529;52,48610997
212686;11;Treptow-Koepenick;9401534.0;2021;6;13;1;3;1;5;0;1;1;0;0;0;0;0;810841,3529;5820488,318;13,57471463;52,44596208
212684;11;Charlottenburg-Wilmersdorf;4501045.0;2021;6;18;4;3;5;2;0;1;1;0;0;0;0;0;793703,2835;5824901,188;13,32717869;52,49499759
212683;11;Steglitz-Zehlendorf;6400735.0;2021;5;13;2;2;0;1;0;1;0;0;0;0;0;0;780942,654;5816417,592;13,13257757;52,42564535
212681;11;Friedrichshain-Kreuzberg;2100101.0;2021;7;18;2;3;5;2;0;1;1;0;0;0;0;0;797696,1692;5825814,989;13,38663723;52,50102562
212680;11;Mitte;1300731.0;2021;7;8;5;3;5;3;0;1;1;0;0;0;0;1;797393,8528;5833148,267;13,38875826;52,56692446
212678;11;Tempelhof-Schoeneberg;7100205.0;2021;6;13;6;3;5;2;0;1;1;0;0;0;0;0;796226,0294;5824934,937;13,36426009;52,4939368
212677;11;Friedrichshain-Kreuzberg;2100104.0;2021;6;15;5;3;2;6;0;1;1;0;0;0;0;0;799290,9507;5826219,902;13,41042528;52,50378274
212675;11;Neukoelln;8100207.0;2021;5;16;2;3;5;3;0;1;1;0;0;0;0;0;801306,9866;5823560,345;13,43763267;52,47883503
212674;11;Treptow-Koepenick;9300920.0;2021;6;18;6;3;0;6;0;1;0;0;1;0;0;0;807801,8161;5817892,561;13,52774377;52,42441791
212673;11;Charlottenburg-Wilmersdorf;4501153.0;2021;6;16;6;3;2;6;0;1;1;0;0;0;0;0;794158,5984;5824051,833;13,33311627;52,48713837
212672;11;Mitte;1100416.0;2021;7;16;6;3;5;3;0;1;1;0;0;0;0;0;798590,0558;5829515,34;13,40308771;52,53370581
212671;11;Pankow;3601449.0;2021;6;7;4;2;5;3;0;1;1;0;0;0;0;0;801915,177;5830324,167;13,4526956;52,53912368
212669;11;Friedrichshain-Kreuzberg;2300314.0;2021;5;7;6;3;5;3;0;1;1;0;0;0;0;1;800216,4193;5825989,203;13,42381112;52,50120648
212668;11;Friedrichshain-Kreuzberg;2100106.0;2021;6;16;5;3;5;3;0;1;0;0;0;0;1;0;798599,2669;5825564,824;13,39967778;52,4982898
212667;11;Mitte;1100311.0;2021;7;18;7;3;0;5;0;1;1;0;0;0;0;0;799727,2819;5827762,737;13,41822379;52,51737235
212661;11;Steglitz-Zehlendorf;6300633.0;2021;6;8;4;3;5;2;0;1;1;0;0;0;0;0;793217,9885;5819625,733;13,31541379;52,44796567
212659;11;Neukoelln;8401243.0;2021;6;13;2;3;3;6;0;1;1;0;0;0;0;0;805575,1205;5818616,129;13,49576017;52,43215095
212658;11;Friedrichshain-Kreuzberg;2300316.0;2021;6;18;6;3;5;3;0;1;1;0;0;0;0;0;800734,127;5826517,945;13,43189253;52,50566069
212656;11;Charlottenburg-Wilmersdorf;4501147.0;2021;6;17;3;3;2;6;0;1;1;0;0;0;0;0;793337,0775;5824156,623;13,3211445;52,48851979
212655;11;Tempelhof-Schoeneberg;7400927.0;2021;6;11;7;3;6;7;0;1;0;1;0;0;0;0;797997,6256;5821777,244;13,38745584;52,46466743
212653;11;Reinickendorf;12200515.0;2021;7;17;7;3;5;2;0;1;1;0;0;0;0;0;790566,889;5834487,095;13,28949387;52,58261381
212652;11;Neukoelln;8401241.0;2021;6;15;6;3;5;3;0;1;1;0;0;0;0;0;804047,0679;5819184,494;13,47387026;52,43809655
212649;11;Treptow-Koepenick;9401534.0;2021;7;14;3;3;5;7;0;1;0;0;0;0;0;0;810872,4751;5820661,613;13,57533232;52,44749739
212648;11;Pankow;3300412.0;2021;7;19;4;3;1;5;0;1;1;0;0;0;0;0;802695,2622;5838302,644;13,47144577;52,61019992
212645;11;Charlottenburg-Wilmersdorf;4300416.0;2021;6;16;5;3;2;6;0;1;1;0;0;0;0;0;791711,9303;5826229,797;13,29909366;52,50797638
212643;11;Pankow;3601243.0;2021;6;17;3;3;5;3;0;1;1;0;0;0;0;0;799752,5576;5831712,052;13,42215708;52,55275764
212642;11;Tempelhof-Schoeneberg;7200410.0;2021;6;18;1;3;1;5;0;1;1;0;0;0;0;0;795564,8758;5823446,066;13,35322959;52,48094862
212641;11;Pankow;3601450.0;2021;6;15;3;3;5;3;0;1;1;0;0;0;0;0;802208,659;5829873,311;13,4565997;52,53492002
212640;11;Mitte;1100103.0;2021;6;14;4;3;5;3;0;1;1;0;0;0;0;0;795886,7211;5826215,599;13,36041464;52,50560089
212639;11;Friedrichshain-Kreuzberg;2300314.0;2021;6;9;1;3;1;5;0;1;1;0;0;0;0;0;799955,1026;5826104,443;13,42007677;52,50238314
212638;11;Treptow-Koepenick;9100101.0;2021;7;22;1;3;6;7;2;1;0;1;0;0;0;0;801752,573;5825271,098;13,44572258;52,49392276
212635;11;Lichtenberg;11100203.0;2021;7;15;5;3;5;2;0;1;1;0;0;0;0;0;807654,0027;5833601,2;13,54008318;52,56528271
212634;11;Marzahn-Hellersdorf;10300731.0;2021;6;8;5;3;5;3;0;1;1;0;0;0;0;0;808901,1226;5828544,253;13,55372209;52,51925778
212633;11;Mitte;1200627.0;2021;5;10;2;3;5;3;0;1;1;0;0;0;0;0;795993,9429;5828711,501;13,36421026;52,52791622
212632;11;Spandau;5200630.0;2021;6;17;5;2;1;5;0;1;1;0;0;0;0;0;784623,6041;5827267,16;13,1958252;52,521022
212630;11;Lichtenberg;11300722.0;2021;6;8;3;3;5;2;0;1;1;0;0;0;0;0;804243,673;5828690,661;13,48542773;52,52318829
212626;11;Charlottenburg-Wilmersdorf;4300414.0;2021;5;16;2;3;5;2;0;1;1;0;0;0;0;0;791755,3171;5827273,985;13,30064658;52,51731417
212624;11;Marzahn-Hellersdorf;10200525.0;2021;7;12;2;3;5;3;0;1;1;0;0;0;0;1;812925,8163;5830027,826;13,61424107;52,53025771
212623;11;Tempelhof-Schoeneberg;7100102.0;2021;6;14;3;3;5;3;0;1;1;0;0;0;0;0;794963,5639;5825229,694;13,3459796;52,4972628
212620;11;Friedrichshain-Kreuzberg;2200213.0;2021;7;13;7;3;0;7;0;1;0;0;0;0;0;0;800213,072;5824624,682;13,42253229;52,48897758
212615;11;Treptow-Koepenick;9200715.0;2021;5;18;1;3;0;7;0;1;0;0;0;0;0;0;807616,7851;5819332,449;13,52635573;52,43742657
212614;11;Friedrichshain-Kreuzberg;2500830.0;2021;6;14;6;3;0;7;0;1;1;0;0;0;0;0;802383,9197;5827444,469;13,45696738;52,51305327
212613;11;Charlottenburg-Wilmersdorf;4300623.0;2021;6;18;4;3;1;5;0;1;1;0;0;0;0;0;791992,7736;5826118,136;13,30312196;52,50682512
212612;11;Friedrichshain-Kreuzberg;2200209.0;2021;6;18;3;3;5;2;0;1;1;0;0;0;0;0;797747,0773;5824596,665;13,38629605;52,49007698
212611;11;Treptow-Koepenick;9501737.0;2021;6;19;1;3;3;6;0;1;1;0;0;0;0;0;814400,1628;5820789,09;13,62718897;52,44662272
212609;11;Friedrichshain-Kreuzberg;2100104.0;2021;6;18;4;3;5;2;0;1;1;0;0;0;0;0;798928,399;5826354,184;13,40522036;52,50518513
212607;11;Friedrichshain-Kreuzberg;2500836.0;2021;6;21;2;3;0;3;1;1;0;0;0;0;0;0;803126,2684;5825697,723;13,4662828;52,49698542
212606;11;Charlottenburg-Wilmersdorf;4501148.0;2021;7;18;2;3;5;2;0;1;1;0;0;0;0;0;793021,9065;5823391,714;13,3158436;52,48183187
212605;11;Mitte;1200520.0;2021;7;18;6;3;5;2;0;1;1;0;0;0;0;0;794542,8657;5829070,284;13,34320004;52,53191841
212603;11;Charlottenburg-Wilmersdorf;4200206.0;2021;6;15;6;3;5;2;0;1;1;0;0;0;0;0;786240,0194;5826006,448;13,21849928;52,50887259
212602;11;Friedrichshain-Kreuzberg;2500832.0;2021;6;7;5;3;5;2;0;1;0;0;0;0;1;0;803339,1096;5826745,938;13,47036326;52,50626213
212601;11;Pankow;3200204.0;2021;6;11;2;3;0;1;0;1;0;0;0;0;0;0;799622,7834;5839969,079;13,42771664;52,6268388
212600;11;Neukoelln;8100521.0;2021;5;18;2;3;6;4;0;1;0;1;0;0;0;0;803362,5617;5822514,492;13,4668563;52,46832325
212599;11;Friedrichshain-Kreuzberg;2300314.0;2021;6;18;6;3;2;6;0;1;1;0;0;0;0;0;799874,1357;5825991,922;13,41878619;52,50141907
212598;11;Mitte;1100104.0;2021;6;7;6;3;5;2;0;1;0;0;0;0;1;0;796270,0399;5825955,871;13,3658146;52,50306466
212596;11;Spandau;5100315.0;2021;6;8;4;2;5;3;0;1;1;0;0;0;0;0;784358,2689;5830020,962;13,19428118;52,54585118
212594;11;Tempelhof-Schoeneberg;7300515.0;2021;5;9;6;3;5;3;0;1;1;0;0;0;0;1;793902,8276;5822499,164;13,32799166;52,47335713
212589;11;Steglitz-Zehlendorf;6100101.0;2021;7;19;2;3;5;3;0;1;1;0;0;0;0;0;792714,3537;5821672,896;13,30981921;52,466588
212588;11;Lichtenberg;11400929.0;2021;7;19;3;3;1;5;0;1;1;0;0;0;0;0;805171,9609;5826697,107;13,49723942;52,50480241
212587;11;Steglitz-Zehlendorf;6200316.0;2021;5;15;1;3;1;5;0;1;1;0;0;0;0;0;796038,4211;5817568,164;13,35497134;52,42800112
212586;11;Tempelhof-Schoeneberg;7200308.0;2021;6;12;4;3;6;4;0;1;0;1;0;0;0;0;795361,6807;5823267,792;13,35008828;52,47946045
212583;11;Treptow-Koepenick;9300920.0;2021;6;14;3;3;5;3;0;1;1;0;0;0;0;0;807727,0947;5817906,922;13,52666156;52,42458864
212581;11;Charlottenburg-Wilmersdorf;4300620.0;2021;6;18;3;3;0;1;0;1;0;0;0;0;0;0;794168,8174;5827040,91;13,33590669;52,5139283
212580;11;Marzahn-Hellersdorf;10200422.0;2021;6;17;3;3;5;3;0;1;1;0;0;0;0;0;812167,6208;5831026,52;13,60403835;52,5396418
212578;11;Treptow-Koepenick;9401329.0;2021;6;14;2;3;5;3;0;1;1;0;0;0;0;0;811975,3173;5819352,387;13,59028505;52,43513675
212577;11;Pankow;3601142.0;2021;7;1;1;3;0;1;2;1;0;0;0;0;0;0;798371,6029;5830966,889;13,40118022;52,54683655
212576;11;Mitte;1100207.0;2021;6;12;7;3;5;3;0;1;1;0;0;0;0;0;797893,5852;5826671,35;13,39030315;52,50859412
212572;11;Mitte;1100102.0;2021;7;0;4;3;5;2;2;1;0;0;0;0;1;1;796635,3528;5826670,841;13,37181786;52,50927518
212571;11;Friedrichshain-Kreuzberg;2100102.0;2021;6;1;5;3;0;1;2;1;0;0;0;0;0;0;798378,4254;5826334,29;13,39712369;52,50530785
212570;11;Treptow-Koepenick;9502043.0;2021;5;20;2;3;5;3;0;1;1;0;0;0;0;0;809220,3308;5823020,642;13,55328499;52,46957556
212569;11;Friedrichshain-Kreuzberg;2300417.0;2021;6;19;5;3;1;5;0;1;1;0;0;0;0;0;800611,7008;5825228,977;13,42893076;52,49417473
212566;11;Tempelhof-Schoeneberg;7601341.0;2021;6;19;1;3;5;3;0;1;1;0;0;0;0;0;797247,117;5815532,195;13,37088768;52,40909509
212564;11;Steglitz-Zehlendorf;6400737.0;2021;6;17;4;3;5;3;0;1;1;0;0;0;0;0;784821,1083;5815911,144;13,1890328;52,4190992
212562;11;Marzahn-Hellersdorf;10200421.0;2021;7;16;2;3;5;3;0;1;1;0;0;0;0;0;812065,247;5830623,542;13,60215536;52,5360893
212560;11;Steglitz-Zehlendorf;6300634.0;2021;7;14;5;2;0;3;0;1;0;0;1;0;0;1;791955,0078;5819040,467;13,29637139;52,44339469
212558;11;Pankow;3400723.0;2021;6;15;6;3;5;2;0;1;0;0;0;0;1;0;798731,7397;5833693,401;13,40892954;52,57107826
212551;11;Friedrichshain-Kreuzberg;2300316.0;2021;6;7;6;3;5;3;0;1;1;0;0;0;0;1;800682,474;5826404,124;13,43103101;52,50466895
212549;11;Charlottenburg-Wilmersdorf;4300622.0;2021;5;18;5;3;3;2;0;1;1;0;0;0;0;1;793542,3418;5826084,529;13,32585791;52,50569231
212548;11;Charlottenburg-Wilmersdorf;4501043.0;2021;6;17;4;2;5;2;0;1;1;0;0;0;0;0;792674,4122;5825313,971;13,31242959;52,49925077
212546;11;Tempelhof-Schoeneberg;7300619.0;2021;5;20;2;3;2;6;0;1;1;0;0;0;0;0;795142,8443;5822289,512;13,34600962;52,47080913
212545;11;Mitte;1401045.0;2021;6;21;3;3;5;2;1;1;1;0;0;0;0;1;796676,8063;5831911,272;13,37710419;52,55622746
212544;11;Tempelhof-Schoeneberg;7200409.0;2021;7;20;3;3;1;5;0;1;1;0;0;0;0;0;795528,7762;5824442,674;13,35358319;52,48990201
212542;11;Tempelhof-Schoeneberg;7601442.0;2021;6;14;2;3;1;5;0;1;1;0;0;0;0;0;798610,4941;5815277,31;13,39064449;52,40606842
212540;11;Neukoelln;8200623.0;2021;6;17;5;3;1;5;0;1;1;0;0;0;0;0;802023,5675;5821140,207;13,44596138;52,45674716
212539;11;Reinickendorf;12500926.0;2021;6;11;3;3;1;5;0;1;1;0;0;0;0;0;793199,3588;5835582,681;13,32920512;52,59102287
212538;11;Charlottenburg-Wilmersdorf;4501045.0;2021;6;15;3;2;5;2;0;1;0;0;0;1;0;0;793472,7295;5824731,127;13,3236426;52,49359709
212537;11;Neukoelln;8100103.0;2021;6;20;6;3;2;6;0;1;1;0;0;0;0;0;800596,0403;5823192,768;13,42686455;52,47593208
212536;11;Charlottenburg-Wilmersdorf;4200204.0;2021;6;14;7;2;5;3;0;1;1;0;0;0;0;0;786560,8085;5826160,343;13,2233455;52,51008395
212530;11;Mitte;1300733.0;2021;6;8;4;3;2;2;0;1;1;0;0;0;0;1;797402,4386;5831562,494;13,38746347;52,55270534
212525;11;Treptow-Koepenick;9200613.0;2021;6;5;5;3;5;2;0;1;1;0;0;0;0;0;806804,3765;5821333,531;13,51627971;52,45581727
212523;11;Mitte;1200520.0;2021;7;1;7;3;1;5;2;1;1;0;0;0;0;1;794410,9275;5828450,401;13,34071167;52,52643285
212521;11;Neukoelln;8100311.0;2021;6;20;7;3;1;5;1;1;1;0;0;0;0;0;800786,7855;5824395,919;13,43074996;52,48661132
212519;11;Charlottenburg-Wilmersdorf;4500936.0;2021;6;12;4;2;1;5;0;1;1;0;0;0;0;0;792032,5661;5825774,021;13,30340474;52,5037189
212518;11;Steglitz-Zehlendorf;6300526.0;2021;6;16;2;3;5;2;0;1;1;0;0;0;0;0;789264,725;5818036,844;13,25603205;52,43582659
212517;11;Steglitz-Zehlendorf;6200313.0;2021;6;11;1;3;5;3;0;1;0;0;0;0;1;0;795670,9119;5818239,31;13,35017534;52,43421626
212516;11;Treptow-Koepenick;9200717.0;2021;7;19;7;3;5;2;0;1;1;0;0;0;0;0;809679,5441;5819053,417;13,5563454;52,43376196
212515;11;Charlottenburg-Wilmersdorf;4400727.0;2021;7;10;6;3;0;5;0;1;1;0;0;0;0;1;791494,6215;5824379,773;13,29428158;52,49150722
212513;11;Neukoelln;8100418.0;2021;6;19;5;3;5;3;0;1;0;0;0;0;0;0;801970,3682;5824055,027;13,447819;52,48290255
212512;11;Treptow-Koepenick;9401534.0;2021;6;16;2;3;0;2;0;1;1;0;0;0;0;0;811393,8941;5820154,178;13,58250689;52,4426533
212510;11;Friedrichshain-Kreuzberg;2100102.0;2021;6;23;6;3;1;5;2;1;1;0;0;0;0;0;797951,8774;5826271,524;13,39080166;52,50497834
212509;11;Mitte;1100416.0;2021;6;20;7;3;0;1;0;1;0;0;0;0;0;0;798563,2307;5829229,599;13,40243676;52,53115924
212506;11;Steglitz-Zehlendorf;6300629.0;2021;6;17;6;3;5;2;0;1;1;0;0;0;0;0;792232,6313;5819593,975;13,30092853;52,44820855
212504;11;Charlottenburg-Wilmersdorf;4501147.0;2021;6;9;5;3;2;6;0;1;0;0;0;0;1;0;793235,1934;5823985,129;13,31949738;52,48703714
212503;11;Tempelhof-Schoeneberg;7400826.0;2021;7;15;1;3;5;2;0;1;1;0;0;0;0;0;796697,7054;5820025,31;13,36682061;52,44967029
212501;11;Friedrichshain-Kreuzberg;2200210.0;2021;6;18;3;3;0;7;0;1;0;0;0;0;0;0;799011,8678;5825071,293;13,40529469;52,49364008
212499;11;Pankow;3601245.0;2021;7;20;3;2;5;3;0;1;1;0;0;0;0;0;800770,7764;5831325,521;13,43677955;52,54873181
212497;11;Charlottenburg-Wilmersdorf;4500936.0;2021;6;15;5;3;1;5;0;1;1;0;0;0;0;0;792215,5131;5825549,451;13,3058953;52,50160772
212496;11;Treptow-Koepenick;9200715.0;2021;6;13;4;3;5;2;0;1;1;0;0;0;0;0;808207,9399;5818840,293;13,53457089;52,43268303
212494;11;Charlottenburg-Wilmersdorf;4501041.0;2021;6;9;2;3;5;7;0;1;1;0;0;0;0;0;792956,4381;5825757,269;13,3169623;52,50307346
212491;11;Mitte;1300835.0;2021;6;7;3;2;5;3;0;1;1;0;0;0;0;0;796983,5672;5830179,275;13,3800668;52,54053495
212490;11;Friedrichshain-Kreuzberg;2300315.0;2021;6;21;1;3;1;5;1;1;1;0;0;0;0;0;800256,8618;5825845,944;13,42427597;52,49990015