object_id;federal_state;district;lor_2021;year_accident;month_accident;hour_accident;weekday;accident_category;accident_type;accident_subtype;light_conditions;accident_involving_bicycle;accident_involving_passenger_car;accident_involving_pedestrian;accident_involving_motorcycle;accident_involving_truck;accident_involving_other;road_condition;coordinates_1a;coordinates_2a;coordinates_1b;coordinates_2b
212485;11;Pankow;3400620.0;2021;5;15;3;3;5;3;0;1;1;0;0;0;0;1;797950,9118;5833664,184;13,39741614;52,57124434
212481;11;Marzahn-Hellersdorf;10300734.0;2021;6;6;5;3;2;6;0;1;0;0;0;0;1;0;809552,6471;5826699,676;13,56157812;52,50235788
212477;11;Lichtenberg;11200514.0;2021;6;16;4;3;5;3;0;1;1;0;0;0;0;0;804994,8568;5830197,531;13,49784767;52,53627388
212476;11;Spandau;5100313.0;2021;6;17;3;3;5;2;0;1;1;0;0;0;0;0;785173,9029;5830986,273;13,20710563;52,55407969
212470;11;Treptow-Koepenick;9300922.0;2021;7;19;2;3;5;3;0;1;1;0;0;0;0;0;807903,28;5815334,351;13,52687827;52,40143353
212468;11;Spandau;5100101.0;2021;7;7;6;3;6;4;0;1;0;1;0;0;0;0;785413,7548;5833157,779;13,21250181;52,57342333
212466;11;Friedrichshain-Kreuzberg;2200207.0;2021;6;11;6;3;5;2;0;1;1;0;0;0;0;0;797090,4104;5824707,864;13,37675212;52,49143154
212463;11;Charlottenburg-Wilmersdorf;4400726.0;2021;6;9;3;3;5;3;0;1;1;0;0;0;0;0;791095,3446;5823983,181;13,28807092;52,48816485
212462;11;Reinickendorf;12500824.0;2021;6;19;6;3;5;3;0;1;1;0;0;0;0;0;790629,6702;5835988,963;13,29173543;52,59604427
212461;11;Mitte;1100308.0;2021;6;16;6;3;4;6;0;1;1;0;0;0;0;0;796995,1064;5828649,303;13,37886934;52,52681419
212460;11;Lichtenberg;11100101.0;2021;6;16;4;3;0;6;0;1;1;0;0;0;0;0;807265,8063;5835970,469;13,53656968;52,58673509
212453;11;Pankow;3601243.0;2021;6;11;3;3;3;6;0;1;1;0;0;0;0;0;799932,3894;5831724,626;13,42481285;52,55277135
212452;11;Pankow;3601346.0;2021;7;19;3;3;0;1;0;1;0;0;0;0;0;0;799252,2706;5830516,565;13,41372312;52,54231707
212450;11;Mitte;1100414.0;2021;6;14;2;3;1;5;0;1;1;0;0;0;1;0;797223,6718;5829184,324;13,38270688;52,53148547
212449;11;Neukoelln;8100417.0;2021;6;18;6;3;5;2;0;1;1;0;0;0;0;0;802576,84;5823079,536;13,45583748;52,47382348
212447;11;Reinickendorf;12400721.0;2021;6;11;3;3;5;3;0;1;1;0;0;0;0;0;791055,6428;5840426,821;13,3019116;52,63560047
212444;11;Steglitz-Zehlendorf;6400736.0;2021;7;19;7;2;2;2;0;1;1;0;0;0;0;0;787373,8754;5816619,685;13,22707605;52,42411737
212443;11;Mitte;1100415.0;2021;6;12;4;3;0;1;0;1;0;0;0;0;0;0;798301,8822;5829371,92;13,39872314;52,53257804
212439;11;Friedrichshain-Kreuzberg;2200210.0;2021;6;8;4;3;0;2;0;1;1;0;0;0;0;1;798492,5748;5825223,544;13,39780494;52,49528904
212437;11;Marzahn-Hellersdorf;10400938.0;2021;7;13;4;3;5;3;0;1;1;0;0;0;0;0;813001,15;5828494,14;13,61390469;52,51647112
212432;11;Treptow-Koepenick;9100409.0;2021;6;18;3;3;0;1;0;1;0;0;0;0;0;0;806970,1868;5820068,175;13,51754941;52,44438367
212430;11;Mitte;1400940.0;2021;6;16;3;3;5;2;0;1;1;0;0;0;0;0;795791,864;5832049,696;13,36421254;52,55794966
212429;11;Tempelhof-Schoeneberg;7501134.0;2021;6;22;4;3;5;2;2;1;1;0;0;0;0;0;798320,2137;5818973,59;13,38968589;52,43935986
212427;11;Charlottenburg-Wilmersdorf;4501041.0;2021;6;23;1;3;3;6;2;1;1;0;0;0;0;0;792864,1205;5825526,874;13,31540348;52,5010576
212424;11;Mitte;1100313.0;2021;6;20;4;3;0;2;1;1;0;0;1;0;0;1;799768,6456;5826564,029;13,41775184;52,50660508
212423;11;Treptow-Koepenick;9301228.0;2021;7;21;4;2;0;1;1;1;0;0;0;0;0;0;818693,3788;5812585,767;13,68233949;52,37063366
212422;11;Mitte;1200517.0;2021;7;8;5;3;5;3;0;1;1;0;0;0;0;0;794421,5645;5829389,02;13,34169931;52,53484119
212421;11;Friedrichshain-Kreuzberg;2200207.0;2021;6;7;5;3;5;2;0;1;0;0;0;0;1;0;797090,9083;5824705,964;13,37675774;52,49141423
212417;11;Pankow;3400721.0;2021;6;15;3;3;5;3;0;1;0;0;0;0;0;0;798050,2994;5832924,247;13,39821344;52,56455744
212416;11;Tempelhof-Schoeneberg;7601544.0;2021;6;10;6;3;5;2;0;1;1;0;0;0;0;0;799436,499;5814036,082;13,4016414;52,39449122
212411;11;Mitte;1300834.0;2021;5;20;1;3;5;3;2;1;1;0;0;0;0;0;798356,9026;5830141,889;13,40022311;52,53944963
212408;11;Pankow;3701554.0;2021;6;13;5;3;2;7;0;1;0;0;0;0;1;0;798892,4502;5829878,085;13,4078588;52,53679155
212407;11;Neukoelln;8100415.0;2021;7;18;6;3;1;5;0;1;1;0;0;0;0;0;801758,9313;5823551,302;13,44425897;52,47850446
212404;11;Mitte;1400937.0;2021;6;22;5;3;5;2;2;1;0;0;1;0;0;0;793672,1624;5832252,013;13,33321436;52,56091056
212400;11;Charlottenburg-Wilmersdorf;4200309.0;2021;7;16;3;3;5;3;0;1;1;0;0;0;0;0;788854,0725;5827199,004;13,25794438;52,51818638
212399;11;Mitte;1300835.0;2021;7;11;5;3;0;7;0;1;0;0;0;0;0;0;797834,9266;5829817,682;13,39225893;52,53682907
212395;11;Pankow;3500934.0;2021;6;12;5;3;5;3;0;1;1;0;0;0;0;1;800692,6709;5831572,278;13,43585459;52,55098665
212394;11;Mitte;1100310.0;2021;6;15;3;3;5;3;0;1;0;0;0;0;0;0;798998,6666;5828614,374;13,40828354;52,52540599
212393;11;Charlottenburg-Wilmersdorf;4501043.0;2021;6;17;2;3;5;3;0;1;1;0;0;0;0;0;793107,4003;5825211,409;13,31869955;52,49809894
212389;11;Neukoelln;8100418.0;2021;6;13;2;3;5;3;0;1;0;0;0;0;1;0;802497,2086;5823290,326;13,45485983;52,4757569
212388;11;Charlottenburg-Wilmersdorf;4501150.0;2021;7;17;2;3;5;2;0;1;1;0;0;0;0;0;793436,0827;5823923,258;13,32239296;52,48637455
212386;11;Friedrichshain-Kreuzberg;2300314.0;2021;7;18;6;3;1;5;0;1;1;0;0;0;0;0;799873,2745;5825880,214;13,41867295;52,50041824
212385;11;Lichtenberg;11300620.0;2021;7;4;5;3;5;2;2;1;1;0;0;0;0;0;804135,9342;5829849,914;13,48490503;52,53363832
212382;11;Charlottenburg-Wilmersdorf;4100101.0;2021;6;16;2;3;4;1;0;1;0;0;0;0;0;0;793198,9618;5829705,797;13,32400556;52,53834004
212380;11;Friedrichshain-Kreuzberg;2100104.0;2021;6;18;6;3;5;3;0;1;1;0;0;0;0;0;799326,9758;5826235,744;13,41096869;52,50390498
212379;11;Treptow-Koepenick;9301126.0;2021;6;15;5;3;2;3;0;1;1;0;0;0;0;0;809932,4094;5817931,083;13,55901301;52,4235606
212375;11;Charlottenburg-Wilmersdorf;4501040.0;2021;6;13;4;3;2;6;0;1;0;0;0;0;0;0;792720,8803;5825940,936;13,31366332;52,5048464
212374;11;Steglitz-Zehlendorf;6100210.0;2021;7;15;1;3;6;7;0;1;0;1;0;0;0;0;795020,517;5820946,016;13,34302627;52,45883156
212373;11;Tempelhof-Schoeneberg;7100101.0;2021;5;12;3;3;5;3;0;1;1;0;0;0;0;1;794698,4775;5824904,944;13,34179871;52,49449483
212371;11;Mitte;1100206.0;2021;7;9;3;3;2;6;0;1;1;0;0;0;0;0;798320,187;5827226,743;13,39706805;52,51333938
212369;11;Tempelhof-Schoeneberg;7300516.0;2021;6;12;2;3;2;7;0;1;0;0;0;0;1;0;793966,557;5821803,939;13,32831462;52,46709044
212368;11;Charlottenburg-Wilmersdorf;4501040.0;2021;6;19;6;3;0;6;0;1;0;0;0;0;0;0;792712,6776;5825681,392;13,31331464;52,50252407
212366;11;Spandau;5400943.0;2021;6;19;3;3;5;3;0;1;1;0;0;0;0;0;780002,4018;5821527,362;13,1230692;52,4719467
212360;11;Steglitz-Zehlendorf;6300526.0;2021;5;9;4;3;5;2;0;1;1;0;0;0;0;0;789572,6365;5817322,703;13,25993034;52,42926107
212358;11;Steglitz-Zehlendorf;6300528.0;2021;7;18;3;3;5;3;0;1;1;0;0;0;0;0;789377,9989;5817000,59;13,25679687;52,42647616
212356;11;Charlottenburg-Wilmersdorf;4300622.0;2021;6;11;4;3;5;3;0;1;1;0;0;0;0;0;793684,3036;5826066,528;13,3279276;52,50545454
212354;11;Neukoelln;8100209.0;2021;6;16;5;3;5;2;0;1;1;0;0;0;0;0;801754,7935;5822047,803;13,44283824;52,4650306
212353;11;Lichtenberg;11501238.0;2021;6;17;4;3;5;3;0;1;1;0;0;0;0;0;804077,5736;5825982,505;13,48051288;52,49900866
212352;11;Charlottenburg-Wilmersdorf;4300619.0;2021;6;16;3;2;5;2;0;1;0;0;0;0;1;0;792646,5259;5827106,32;13,31359565;52,5153336
212351;11;Neukoelln;8100415.0;2021;6;21;7;3;5;3;1;1;1;0;0;0;0;0;801831,0936;5823631,422;13,44539081;52,47918271
212350;11;Charlottenburg-Wilmersdorf;4400832.0;2021;6;10;3;3;5;2;0;1;1;0;0;0;0;0;791296,6325;5822046,667;13,28933521;52,47069661
212348;11;Charlottenburg-Wilmersdorf;4501045.0;2021;6;17;2;2;5;2;0;1;1;0;0;0;0;0;793926,2663;5824959,58;13,33050527;52,49540102
212343;11;Pankow;3601243.0;2021;7;23;4;3;2;6;2;1;1;0;0;0;0;0;799706,3281;5831440,175;13,42123187;52,55034615
212340;11;Treptow-Koepenick;9100305.0;2021;6;10;6;3;1;5;0;1;1;0;0;0;0;0;804956,7061;5822610,36;13,49033878;52,46829501
212339;11;Pankow;3601142.0;2021;6;14;4;3;0;1;0;1;0;0;0;0;0;0;798788,61;5830924,716;13,40727365;52,54622999
212338;11;Friedrichshain-Kreuzberg;2100106.0;2021;6;10;3;3;5;3;0;1;1;0;0;0;0;0;798596,7674;5825585,35;13,39965947;52,49847516
212337;11;Mitte;1100205.0;2021;6;7;2;3;5;2;0;1;1;0;0;0;0;0;796964,1171;5826974,227;13,37691854;52,51181584
212336;11;Friedrichshain-Kreuzberg;2200210.0;2021;5;13;5;3;3;6;0;1;1;0;0;0;0;1;798193,5676;5825453,277;13,39361929;52,49751175
212335;11;Charlottenburg-Wilmersdorf;4501045.0;2021;6;18;4;3;5;2;0;1;0;0;0;0;1;0;793490,6361;5825214,135;13,32433116;52,49791742
212334;11;Friedrichshain-Kreuzberg;2500830.0;2021;5;12;2;3;1;5;0;1;1;0;0;0;0;0;802280,815;5827494,671;13,45549826;52,51356038
212333;11;Friedrichshain-Kreuzberg;2300314.0;2021;6;21;2;3;5;3;1;1;1;0;0;0;0;0;800287,116;5826088,922;13,42493942;52,50206141
212327;11;Mitte;1100207.0;2021;6;14;2;3;5;3;0;1;1;0;0;0;0;0;798313,3897;5827342,992;13,39707239;52,51438512
212326;11;Friedrichshain-Kreuzberg;2400624.0;2021;5;18;2;3;0;7;0;1;0;0;0;0;0;0;801916,1881;5827102,679;13,44978583;52,51024888
212323;11;Tempelhof-Schoeneberg;7200412.0;2021;7;8;6;2;5;2;0;1;0;0;0;0;1;1;796260,1125;5822939,836;13,36298742;52,47603396
212318;11;Treptow-Koepenick;9501737.0;2021;7;15;2;3;0;1;0;1;0;0;0;0;0;0;814203,9348;5821492,842;13,62497315;52,45304182
212316;11;Pankow;3400721.0;2021;6;8;3;3;1;5;0;1;0;0;0;1;0;0;798374,8778;5832752,919;13,40283368;52,56284395
212315;11;Mitte;1100308.0;2021;7;13;2;3;5;2;0;1;1;0;0;0;0;0;797041,2176;5829321,45;13,38014759;52,5328141
212313;11;Reinickendorf;12200411.0;2021;5;18;6;3;3;2;0;1;1;0;0;0;0;0;793197,2529;5832314,297;13,32628371;52,56172483
212309;11;Tempelhof-Schoeneberg;7400822.0;2021;6;7;6;3;5;3;0;1;1;0;0;0;0;0;796508,1003;5822474,7;13,3662145;52,47172985
212308;11;Tempelhof-Schoeneberg;7100102.0;2021;6;15;3;3;3;5;0;1;1;0;0;0;0;0;794977,5562;5825248,565;13,34620182;52,49742441
212305;11;Pankow;3500934.0;2021;6;11;7;2;5;3;0;1;1;0;0;0;0;0;801107,9263;5831517,277;13,44191061;52,55026429
212303;11;Pankow;3200207.0;2021;6;16;7;3;5;3;0;1;1;0;0;0;0;0;798603,0009;5835174,639;13,40836979;52,58442591
212302;11;Tempelhof-Schoeneberg;7400721.0;2021;6;11;2;3;2;6;0;1;1;0;0;0;0;0;797487,4648;5822868,231;13,38094135;52,47472498
212301;11;Friedrichshain-Kreuzberg;2500727.0;2021;5;18;2;3;5;3;0;1;1;0;0;0;0;0;802448,4569;5828284,765;13,45867934;52,52054901
212300;11;Steglitz-Zehlendorf;6400838.0;2021;6;19;6;3;0;7;0;1;0;0;0;0;0;0;786428,3207;5818353,313;13,21469364;52,44015683
212298;11;Pankow;3200204.0;2021;7;16;6;3;5;2;0;1;1;0;0;0;0;0;796559,7595;5840104,359;13,38271856;52,62973226
212297;11;Friedrichshain-Kreuzberg;2400521.0;2021;6;6;4;3;5;5;0;1;1;0;0;0;0;0;801190,518;5828476,236;13,44036889;52,52296144
212290;11;Treptow-Koepenick;9100101.0;2021;6;22;3;3;4;1;2;1;1;0;0;0;0;0;802316,3716;5825319,932;13,4540461;52,49404849
212287;11;Charlottenburg-Wilmersdorf;4300623.0;2021;7;14;6;3;0;1;0;1;1;0;0;0;0;1;792293,0553;5826110,669;13,3075271;52,50659738
212286;11;Treptow-Koepenick;9100101.0;2021;6;9;3;3;5;2;0;1;1;0;0;0;0;0;802113,3509;5824768,475;13,4505648;52,48921815
212279;11;Charlottenburg-Wilmersdorf;4400726.0;2021;6;11;7;3;5;3;0;1;1;0;0;0;0;0;791212,4926;5823798,185;13,2896297;52,48644387
212278;11;Charlottenburg-Wilmersdorf;4200308.0;2021;6;6;2;3;5;2;0;1;1;0;0;0;0;0;790376,8995;5827323,641;13,28043299;52,51849503
212275;11;Lichtenberg;11100309.0;2021;7;16;3;3;5;2;0;1;1;0;0;0;0;0;805281,9657;5833240,752;13,50486522;52,5633875
212274;11;Reinickendorf;12200413.0;2021;7;9;4;3;5;3;0;1;1;0;0;0;0;1;789393,4282;5833721,935;13,27155508;52,57637954
212273;11;Neukoelln;8100102.0;2021;6;8;4;3;5;2;0;1;1;0;0;0;0;0;800180,1503;5823632,335;13,42115526;52,48010084
212272;11;Tempelhof-Schoeneberg;7100102.0;2021;5;14;1;3;5;3;0;1;1;0;0;0;0;0;795483,3069;5825553,177;13,35390045;52,49988143
212269;11;Mitte;1200627.0;2021;6;17;3;3;0;5;0;1;0;0;0;0;1;0;796055,8183;5828509,629;13,36493994;52,52607303
212267;11;Neukoelln;8100206.0;2021;6;16;3;3;3;2;0;1;1;0;0;0;0;0;800721,1222;5823800,503;13,42924872;52,48131058
212266;11;Treptow-Koepenick;9501838.0;2021;6;12;4;3;0;1;0;1;0;0;0;0;0;0;818431,9593;5820300,144;13,68584698;52,43990873
212265;11;Reinickendorf;12400618.0;2021;6;18;2;3;5;2;0;1;1;0;0;0;0;0;786734,2147;5838513,872;13,23657117;52,62074922
212264;11;Steglitz-Zehlendorf;6400842.0;2021;7;12;7;3;5;2;0;1;1;0;0;0;0;0;789836,963;5820292,259;13,26638292;52,45574423
212261;11;Charlottenburg-Wilmersdorf;4501045.0;2021;7;16;5;3;1;5;0;1;1;0;0;0;0;1;793503,084;5825302,669;13,32459202;52,49870439
212260;11;Steglitz-Zehlendorf;6400844.0;2021;6;7;5;3;5;2;0;1;1;0;0;0;0;0;791443,5246;5820645,517;13,29026798;52,45805691
212258;11;Lichtenberg;11501341.0;2021;6;17;5;2;4;1;0;1;0;0;0;0;0;0;806280,4537;5824474,039;13,51147634;52,4842575
212254;11;Charlottenburg-Wilmersdorf;4500937.0;2021;6;13;1;3;1;5;0;1;1;0;0;0;0;0;790958,8769;5825016,348;13,28696903;52,49749997
212250;11;Friedrichshain-Kreuzberg;2300314.0;2021;6;11;2;3;0;2;0;1;0;0;0;0;1;0;800117,1204;5825741,586;13,42212951;52,49904162
212246;11;Steglitz-Zehlendorf;6100206.0;2021;6;13;5;2;1;5;0;1;0;0;0;1;0;0;794510,7467;5820008,568;13,33471842;52,45070275
212243;11;Steglitz-Zehlendorf;6400737.0;2021;5;17;2;3;6;4;0;1;0;1;0;0;0;0;784580,8243;5817356,412;13,18673873;52,43218291
212241;11;Friedrichshain-Kreuzberg;2300314.0;2021;6;19;7;3;5;2;0;1;1;0;0;0;0;0;799712,2461;5826050,649;13,41646123;52,5020344
212240;11;Friedrichshain-Kreuzberg;2300316.0;2021;7;16;6;2;6;4;0;1;0;1;0;0;0;0;801453,7519;5826033,55;13,44202446;52,50092186
212239;11;Friedrichshain-Kreuzberg;2100104.0;2021;6;0;4;2;1;5;2;1;1;0;0;0;0;0;799410,7928;5826165,811;13,41213698;52,50323215
212236;11;Friedrichshain-Kreuzberg;2100104.0;2021;5;13;5;3;5;3;0;1;1;0;0;0;0;0;799282,4992;5826219,381;13,41030067;52,50378271
212235;11;Charlottenburg-Wilmersdorf;4500938.0;2021;6;13;5;3;1;5;0;1;1;0;0;0;0;0;791573,0027;5824591,015;13,29561763;52,49335913
212234;11;Friedrichshain-Kreuzberg;2400625.0;2021;7;1;2;3;5;2;2;1;1;0;0;0;0;1;801760,8887;5826242,508;13,44672477;52,50262501
212230;11;Mitte;1200520.0;2021;7;11;3;3;2;6;0;1;0;0;0;0;1;0;794480,0483;5828451,035;13,34172815;52,52640121
212225;11;Neukoelln;8100312.0;2021;6;10;3;3;5;3;0;1;0;0;0;0;1;1;801461,662;5823876,596;13,44018922;52,4815843
212221;11;Pankow;3400830.0;2021;6;13;1;2;5;3;0;1;1;1;0;0;0;0;800034,51;5833421,877;13,42784899;52,56792799
212217;11;Tempelhof-Schoeneberg;7601341.0;2021;5;13;4;3;0;6;0;1;1;0;0;0;0;0;796127,1482;5814675,824;13,35371349;52,40202519
212211;11;Treptow-Koepenick;9200511.0;2021;6;18;5;3;0;7;0;1;0;0;0;0;0;0;807656,3742;5821840,626;13,52924622;52,45988305
212210;11;Pankow;3200205.0;2021;6;8;4;3;5;2;0;1;1;0;0;0;0;0;798135,557;5835470,38;13,40175702;52,58733315
212209;11;Mitte;1100313.0;2021;6;0;3;2;0;1;2;1;0;0;0;0;0;0;799676,1264;5827038,909;13,41682029;52,51091247
212208;11;Neukoelln;8100207.0;2021;6;13;1;3;5;2;0;1;0;0;0;0;0;0;801202,295;5823549,263;13,43608579;52,47879346
212207;11;Pankow;3200310.0;2021;6;20;1;2;5;2;0;1;1;0;0;0;0;0;799833,9819;5839319,261;13,4302382;52,62089788
212206;11;Treptow-Koepenick;9501737.0;2021;6;8;4;3;5;3;0;1;1;0;0;0;0;0;815399,1856;5820983,643;13,64202345;52,44779074
212205;11;Pankow;3601450.0;2021;6;16;4;3;0;1;0;1;0;0;0;0;0;0;802461,082;5829252,437;13,45974495;52,52921517
212202;11;Mitte;1100308.0;2021;6;5;7;3;5;2;0;1;1;0;0;0;0;0;797013,9547;5828942,11;13,37940792;52,52942861
212198;11;Reinickendorf;12200308.0;2021;6;10;2;3;5;3;0;1;1;0;0;0;0;0;792569,923;5833291,636;13,31791768;52,5708237
212197;11;Charlottenburg-Wilmersdorf;4200206.0;2021;6;10;3;3;5;2;0;1;1;0;0;0;0;0;786236,9281;5826007,236;13,21845453;52,50888128
212196;11;Reinickendorf;12500928.0;2021;6;15;6;3;5;3;0;1;1;0;0;0;0;0;792256,179;5837209,347;13,31675756;52,60611276
212194;11;Charlottenburg-Wilmersdorf;4501152.0;2021;5;8;4;3;5;7;0;1;1;0;0;0;0;0;794052,2672;5824450,506;13,3319066;52,49076955
212192;11;Mitte;1100310.0;2021;7;14;3;3;5;3;0;1;1;0;0;0;0;0;799451,7283;5828784,775;13,41509517;52,52668472
212189;11;Treptow-Koepenick;9501736.0;2021;5;22;7;3;1;5;2;1;1;0;0;0;0;0;813329,7474;5821598,74;13,6122501;52,45449253
212185;11;Mitte;1100103.0;2021;6;21;7;2;5;3;2;1;1;0;0;0;0;0;795252,8691;5826039,647;13,35094696;52,504367
212184;11;Reinickendorf;12200309.0;2021;6;15;3;3;5;2;0;1;1;0;0;0;0;0;793421,7566;5832487,449;13,32973922;52,56315611
212178;11;Treptow-Koepenick;9501939.0;2021;7;16;5;3;2;2;0;1;1;0;0;0;0;1;809950,1063;5821622,024;13,56269523;52,45662801
212177;11;Mitte;1100308.0;2021;6;13;5;3;2;6;0;1;1;0;0;0;0;0;797074,9223;5829291,921;13,38061663;52,53253105
212175;11;Charlottenburg-Wilmersdorf;4501041.0;2021;6;13;5;3;1;5;0;1;1;0;0;0;0;0;793485,0353;5825785,414;13,32475235;52,5030417
212174;11;Pankow;3500934.0;2021;6;15;5;3;5;2;0;1;1;0;0;0;0;0;800455,5782;5832115,406;13,43285988;52,55598564
212173;11;Lichtenberg;11300722.0;2021;6;17;3;3;5;2;0;1;1;0;0;0;0;0;804255,106;5827662,994;13,48465588;52,51397133
212172;11;Friedrichshain-Kreuzberg;2200209.0;2021;6;9;6;3;1;5;0;1;1;0;0;0;0;0;797509,0371;5824800,69;13,38298264;52,49203562
212171;11;Friedrichshain-Kreuzberg;2300418.0;2021;6;21;1;2;5;3;1;1;1;0;0;0;0;0;801289,0047;5825362,234;13,43899753;52,4949957
212170;11;Neukoelln;8200730.0;2021;5;8;5;3;6;4;0;1;0;1;0;0;0;0;801374,0871;5819239,04;13,43471661;52,44006491
212167;11;Friedrichshain-Kreuzberg;2500835.0;2021;6;14;2;2;5;3;0;1;1;0;0;0;0;0;802559,9321;5825954,416;13,458199;52,4996004
212166;11;Pankow;3100102.0;2021;7;15;2;3;4;6;0;1;0;0;0;0;0;0;804786,8352;5841412,052;13,50510552;52,6368984
212164;11;Mitte;1400942.0;2021;6;8;6;3;5;2;0;1;1;0;0;0;0;0;794479,8966;5830670,941;13,34369305;52,54630119
212161;11;Charlottenburg-Wilmersdorf;4400727.0;2021;6;11;3;2;5;3;0;1;1;0;0;0;0;0;791920,2145;5823992,547;13,300193;52,48780835
212159;11;Charlottenburg-Wilmersdorf;4300620.0;2021;6;8;6;3;5;3;0;1;1;0;0;0;0;0;794161,8879;5826989,7;13,3357596;52,51347297
212158;11;Steglitz-Zehlendorf;6400737.0;2021;7;13;6;3;5;2;0;1;1;0;0;0;0;0;784750,2482;5817547,217;13,18938656;52,43380555
212157;11;Pankow;3300514.0;2021;6;9;3;3;5;2;0;1;0;0;0;0;1;0;800861,144;5836034,929;13,4423801;52,5908927
212155;11;Mitte;1100309.0;2021;6;8;2;3;3;6;0;1;1;0;0;0;0;0;798452,321;5829048,84;13,40064432;52,52959972
212154;11;Tempelhof-Schoeneberg;7601544.0;2021;6;12;4;3;5;2;0;1;1;0;0;0;0;0;799800,4492;5813978,656;13,40692283;52,3937774
212153;11;Friedrichshain-Kreuzberg;2200210.0;2021;5;17;2;3;6;7;0;1;0;1;0;0;0;0;798721,785;5825251,02;13,4011958;52,49540992
212149;11;Pankow;3300413.0;2021;6;15;4;3;0;2;0;1;1;0;0;0;0;0;803458,6397;5838508,982;13,4828742;52,6116236
212148;11;Neukoelln;8100314.0;2021;5;14;7;3;2;6;0;1;1;0;0;0;0;0;801202,814;5823797,988;13,43631809;52,48102256
212144;11;Friedrichshain-Kreuzberg;2300418.0;2021;6;4;3;2;3;6;1;1;1;0;0;0;1;0;801110,3309;5825028,518;13,43607204;52,49210312
212143;11;Charlottenburg-Wilmersdorf;4500936.0;2021;6;17;7;3;2;6;0;1;1;0;0;0;0;0;792277,5968;5825355,926;13,30663747;52,49983956
212141;11;Treptow-Koepenick;9401534.0;2021;6;17;3;3;5;3;0;1;1;0;0;0;0;0;811257,9942;5820190,925;13,58054814;52,44305998
212139;11;Friedrichshain-Kreuzberg;2500832.0;2021;6;18;1;3;0;1;0;1;0;0;0;0;0;0;803195,4728;5826829,97;13,46832998;52,50709513
212137;11;Reinickendorf;12200412.0;2021;6;14;7;3;1;5;0;1;1;0;0;0;0;0;789813,399;5833577,622;13,27760909;52,57486228
212136;11;Mitte;1100102.0;2021;5;8;4;3;5;3;0;1;1;0;0;0;0;0;796936,083;5826779,594;13,37633301;52,51008642
212130;11;Pankow;3400828.0;2021;6;7;6;3;5;2;0;1;1;0;0;0;0;0;800081,5578;5832606,311;13,42780342;52,56059195
212128;11;Treptow-Koepenick;9200717.0;2021;6;7;3;3;5;3;0;1;1;0;0;0;0;0;809207,9977;5819503,056;13,54984713;52,43805834
212127;11;Pankow;3400828.0;2021;6;8;2;3;1;7;0;1;1;0;0;0;0;0;799878,1623;5832102,975;13,42435721;52,55619247
212126;11;Mitte;1200628.0;2021;5;21;5;2;5;3;2;1;1;0;0;0;0;0;795699,3488;5828171,642;13,3594003;52,52323673
212123;11;Charlottenburg-Wilmersdorf;4501152.0;2021;6;10;2;3;3;6;0;1;1;0;0;0;0;0;793965,0381;5824905,873;13,33102734;52,49489867
212122;11;Pankow;3601450.0;2021;7;11;2;3;5;2;0;1;1;0;0;0;0;1;802343,232;5829202,163;13,45796726;52,52882994
212121;11;Friedrichshain-Kreuzberg;2100101.0;2021;6;16;5;3;2;7;0;1;1;0;0;0;0;0;797633,0539;5825658,455;13,38557027;52,4996569
212119;11;Friedrichshain-Kreuzberg;2200213.0;2021;7;23;5;3;1;5;2;1;1;0;0;0;0;0;800095,177;5824976,074;13,42111762;52,49219208
212118;11;Pankow;3500936.0;2021;6;9;6;3;6;4;0;1;0;1;0;0;0;0;801975,393;5831201,442;13,45437822;52,54695329
212117;11;Spandau;5100316.0;2021;6;21;5;3;6;7;1;1;0;1;0;0;0;0;783942,8005;5828983,868;13,18728441;52,53676919
212113;11;Friedrichshain-Kreuzberg;2100102.0;2021;6;17;6;3;5;3;0;1;1;0;0;0;0;0;797972,7498;5826184,728;13,39103059;52,50418892
212110;11;Mitte;1100308.0;2021;5;15;6;3;5;3;0;1;1;0;0;0;0;1;796966,7708;5828844,659;13,37862737;52,52858078
212106;11;Mitte;1100313.0;2021;6;13;3;3;6;4;0;1;0;1;0;0;0;1;799764,5658;5827143,15;13,41821345;52,51179823
212105;11;Pankow;3701556.0;2021;7;16;3;3;3;6;0;1;0;0;0;0;0;0;799729,6778;5829370,922;13,41970842;52,53178584
212104;11;Lichtenberg;11100204.0;2021;7;13;7;3;5;3;0;1;1;0;0;0;0;0;806401,1214;5833726,196;13,52177245;52,56710947
212103;11;Treptow-Koepenick;9200715.0;2021;6;16;2;3;5;2;0;1;1;0;0;0;0;0;809345,0207;5818502,402;13,55093066;52,42901307