object_id;federal_state;district;lor_2021;year_accident;month_accident;hour_accident;weekday;accident_category;accident_type;accident_subtype;light_conditions;accident_involving_bicycle;accident_involving_passenger_car;accident_involving_pedestrian;accident_involving_motorcycle;accident_involving_truck;accident_involving_other;road_condition;coordinates_1a;coordinates_2a;coordinates_1b;coordinates_2b
212101;11;Friedrichshain-Kreuzberg;2100104.0;2021;6;21;3;3;0;2;1;1;1;0;0;0;0;0;799488,5414;5826137,255;13,41325331;52,50293352
212100;11;Charlottenburg-Wilmersdorf;4500936.0;2021;6;8;3;2;0;1;0;1;0;0;0;0;0;0;792073,5293;5825583,333;13,30383926;52,50198748
212098;11;Pankow;3601142.0;2021;6;15;7;3;5;3;0;1;1;0;0;0;0;0;798877,8411;5830403,251;13,40811643;52,54150689
212092;11;Pankow;3601346.0;2021;6;9;4;3;5;2;0;1;0;0;0;0;1;1;799493,2359;5830939,218;13,41764675;52,54597309
212089;11;Pankow;3701555.0;2021;6;14;4;3;4;6;0;1;0;0;1;0;0;0;799554,1469;5830242,763;13,4179143;52,539697
212088;11;Friedrichshain-Kreuzberg;2500833.0;2021;6;20;3;2;0;1;0;1;0;0;0;0;0;0;802676,0679;5826986,529;13,46084285;52,50878676
212087;11;Reinickendorf;12200309.0;2021;6;17;6;3;6;4;0;1;0;1;0;0;0;0;793307,2386;5832560,187;13,32811893;52,56386986
212084;11;Reinickendorf;12200309.0;2021;6;17;4;3;5;2;0;1;1;0;0;0;0;0;792669,6875;5832785,781;13,31893916;52,5662353
212082;11;Lichtenberg;11200411.0;2021;5;18;1;2;5;2;0;1;0;0;0;0;1;0;805631,0066;5831605,383;13,5084928;52,5485351
212081;11;Steglitz-Zehlendorf;6400843.0;2021;6;15;3;3;1;5;0;1;1;0;0;0;0;0;791236,4632;5819721,488;13,28642325;52,44988329
212078;11;Spandau;5200528.0;2021;6;11;2;3;5;3;0;1;1;0;0;0;0;0;783232,5034;5826382,931;13,17462455;52,51381813
212077;11;Friedrichshain-Kreuzberg;2200210.0;2021;6;21;6;3;0;3;0;1;1;0;0;0;0;0;798850,3772;5825111,956;13,40295958;52,49409301
212076;11;Pankow;3500936.0;2021;6;19;5;3;5;3;0;1;1;0;0;0;0;0;802075,8788;5831353,968;13,45599432;52,54826466
212074;11;Mitte;1100308.0;2021;6;12;3;2;3;6;0;1;1;0;0;0;0;0;797140,8937;5829214,932;13,38151752;52,53180496
212072;11;Mitte;1100309.0;2021;6;20;7;3;0;6;1;1;1;0;0;0;0;0;798406,1491;5828440,453;13,39941972;52,52417164
212071;11;Mitte;1401048.0;2021;7;18;7;3;6;7;0;1;0;1;0;0;0;0;795154,0656;5831277,707;13,35414543;52,55137551
212069;11;Lichtenberg;11200512.0;2021;6;14;6;3;5;2;0;1;0;0;0;0;1;0;802919,7774;5831214,381;13,46827447;52,54654499
212068;11;Friedrichshain-Kreuzberg;2100102.0;2021;6;8;4;3;5;2;0;1;1;0;0;0;0;0;798453,3364;5826533,154;13,39840237;52,50704944
212067;11;Charlottenburg-Wilmersdorf;4501042.0;2021;5;14;3;3;5;7;0;1;1;0;0;0;0;1;794389,9534;5825708,635;13,33797774;52,50186595
212064;11;Steglitz-Zehlendorf;6300524.0;2021;7;18;4;3;5;3;0;1;0;0;0;0;0;0;787438,9286;5816274,021;13,22773311;52,42098404
212063;11;Mitte;1100102.0;2021;6;14;4;3;5;3;0;1;1;0;0;0;0;0;795293,4545;5827357,456;13,35271235;52,51615818
212062;11;Pankow;3100103.0;2021;5;11;7;3;5;3;0;1;1;0;0;0;0;0;804362,4649;5840421,901;13,49794192;52,62826241
212059;11;Friedrichshain-Kreuzberg;2500726.0;2021;6;17;3;3;2;2;0;1;1;0;0;0;0;0;801863,1718;5828440,948;13,45022115;52,52227319
212058;11;Lichtenberg;11401034.0;2021;6;14;7;3;5;3;0;1;1;0;0;0;0;0;807405,0153;5827437,274;13,53071946;52,51018237
212056;11;Marzahn-Hellersdorf;10200420.0;2021;6;12;4;3;5;3;0;1;1;0;0;0;0;0;811854,8455;5831272,169;13,59967207;52,54202217
212055;11;Lichtenberg;11200514.0;2021;6;8;2;3;0;1;0;1;0;0;0;0;0;0;803358,6276;5830082,687;13,47369305;52,53615777
212053;11;Marzahn-Hellersdorf;10100102.0;2021;7;12;7;3;5;2;0;1;1;0;0;0;0;0;809483,3951;5834643,1;13,56795885;52,57358294
212049;11;Charlottenburg-Wilmersdorf;4501045.0;2021;7;14;5;3;0;7;0;1;0;0;0;0;0;1;794429,8845;5825438,3;13,33832531;52,49942101
212048;11;Treptow-Koepenick;9501939.0;2021;7;7;3;2;5;2;0;1;1;0;0;0;0;0;810939,1221;5821589,149;13,57717329;52,45577167
212046;11;Mitte;1200517.0;2021;6;9;5;2;0;1;0;1;0;0;0;0;0;0;794579,194;5829726,416;13,34431562;52,53778054
212043;11;Neukoelln;8100102.0;2021;6;13;5;3;1;5;0;1;1;0;0;0;0;1;800463,8161;5823635,277;13,42532231;52,47997122
212041;11;Mitte;1200628.0;2021;6;19;2;3;5;2;0;1;1;0;0;0;0;0;795519,788;5828199,137;13,35678584;52,52358055
212039;11;Treptow-Koepenick;9300920.0;2021;6;11;4;2;5;2;0;1;1;0;0;0;0;0;808091,9096;5816922,276;13,53110319;52,41555878
212037;11;Pankow;3601142.0;2021;6;17;3;3;0;2;0;1;1;0;0;0;0;1;799151,3472;5830837,45;13,41252836;52,54524873
212035;11;Neukoelln;8100520.0;2021;6;15;5;3;5;3;0;1;1;0;0;0;0;0;803216,9492;5822727,135;13,46491255;52,47030999
212031;11;Pankow;3601348.0;2021;6;18;4;3;5;3;0;1;1;0;0;0;0;0;799843,8632;5830812,16;13,42268721;52,54464137
212026;11;Marzahn-Hellersdorf;10200417.0;2021;6;14;3;3;5;2;0;1;1;0;0;0;0;0;811304,707;5831661,52;13,59195107;52,5458258
212020;11;Friedrichshain-Kreuzberg;2500830.0;2021;6;9;3;3;0;1;0;1;0;0;0;0;0;0;802315,5407;5827477,763;13,45599307;52,51338958
212019;11;Mitte;1300733.0;2021;7;11;2;3;1;5;0;1;1;0;0;0;0;0;797211,2069;5831323,766;13,38443759;52,55066982
212016;11;Pankow;3500934.0;2021;6;15;3;3;0;2;0;1;1;0;0;0;0;0;800902,2666;5832078,93;13,43939568;52,55541209
212012;11;Treptow-Koepenick;9200510.0;2021;6;18;1;3;5;2;0;1;1;0;0;0;0;0;806601,3717;5822076,5;13,5139838;52,46258992
212010;11;Tempelhof-Schoeneberg;7601546.0;2021;7;18;7;3;0;6;0;1;0;0;0;0;1;0;799334,1922;5812673,153;13,39892533;52,38233005
212008;11;Friedrichshain-Kreuzberg;2500833.0;2021;5;13;4;3;1;5;0;1;1;0;0;0;0;0;802891,9581;5826916,852;13,46395075;52,50804244
212004;11;Treptow-Koepenick;9501941.0;2021;6;9;4;3;0;3;0;1;0;0;0;1;0;0;810823,527;5821238,507;13,57515122;52,45269511
212003;11;Marzahn-Hellersdorf;10100311.0;2021;5;6;6;3;5;2;0;1;0;0;0;1;0;0;806528,9061;5829127,299;13,51940763;52,52582169
211999;11;Neukoelln;8100310.0;2021;6;20;1;3;4;6;1;1;0;0;0;0;1;0;800986,7464;5824955,17;13,43419101;52,49151384
211997;11;Neukoelln;8200725.0;2021;6;12;3;3;0;1;0;1;0;0;0;0;0;0;800764,6807;5819721,912;13,42621289;52,44472859
211995;11;Charlottenburg-Wilmersdorf;4300518.0;2021;7;20;1;2;0;7;0;1;0;0;0;0;0;0;792111,2224;5827685,373;13,30623799;52,52081164
211993;11;Steglitz-Zehlendorf;6100208.0;2021;7;9;5;3;5;3;0;1;1;0;0;0;0;1;793933,4312;5820785,568;13,32693155;52,45797898
211992;11;Mitte;1100416.0;2021;7;18;5;3;1;5;0;1;1;0;0;0;0;1;798598,9835;5829306,039;13,40303092;52,53182483
211991;11;Tempelhof-Schoeneberg;7400822.0;2021;6;1;5;3;1;3;2;1;1;0;0;0;0;0;796413,7573;5820706,596;13,3632593;52,45593149
211990;11;Pankow;3400827.0;2021;5;16;1;2;5;3;0;1;1;0;0;0;0;0;799446,8634;5832468,508;13,41834426;52,55970618
211989;11;Steglitz-Zehlendorf;6400841.0;2021;6;10;6;3;5;2;0;1;1;0;0;0;0;0;789656,177;5818475,72;13,26215463;52,43955412
211986;11;Friedrichshain-Kreuzberg;2200208.0;2021;6;8;2;3;4;6;0;1;0;0;0;0;1;0;797569,258;5824994,301;13,38403993;52,4937383
211982;11;Mitte;1100313.0;2021;6;19;3;3;1;5;0;1;0;0;1;0;0;0;800040,8475;5826461,905;13,42165832;52,50554007
211979;11;Charlottenburg-Wilmersdorf;4501152.0;2021;6;18;3;3;5;2;0;1;0;0;0;0;1;0;793979,3401;5824652,073;13,33101344;52,49261578
211978;11;Mitte;1100206.0;2021;6;10;2;3;5;2;0;1;1;0;0;0;0;0;798036,7829;5827394,248;13,3930542;52,51499578
211976;11;Neukoelln;8100206.0;2021;7;22;7;3;2;6;2;1;1;0;0;0;0;0;800682,459;5824037,702;13,42889504;52,48345796
211975;11;Charlottenburg-Wilmersdorf;4300517.0;2021;6;19;1;2;0;7;1;1;0;0;0;0;0;0;791500,1331;5828178,188;13,29768897;52,52555668
211972;11;Friedrichshain-Kreuzberg;2500833.0;2021;7;15;3;3;0;1;0;1;0;0;0;0;0;0;802259,1204;5827115,916;13,45483556;52,51017762
211968;11;Tempelhof-Schoeneberg;7200307.0;2021;6;12;6;3;5;2;0;1;1;0;0;0;0;0;794986,2529;5824072,07;13,34528795;52,48687322
211967;11;Friedrichshain-Kreuzberg;2300314.0;2021;6;20;4;3;5;3;0;1;1;0;0;0;0;0;799703,4217;5826014,64;13,41629921;52,50171649
211966;11;Friedrichshain-Kreuzberg;2200213.0;2021;6;8;3;3;5;3;0;1;1;0;0;0;0;0;799392,2779;5825135,961;13,41093929;52,49401121
211963;11;Tempelhof-Schoeneberg;7300619.0;2021;6;17;4;3;1;5;0;1;1;0;0;0;0;0;794777,003;5821788,546;13,34019676;52,46651578
211962;11;Steglitz-Zehlendorf;6200312.0;2021;5;17;1;2;5;2;0;1;0;0;1;0;0;0;795163,9311;5818817,153;13,34324972;52,43967011
211960;11;Charlottenburg-Wilmersdorf;4500939.0;2021;7;22;2;3;0;1;2;1;0;0;0;0;0;0;792517,9388;5824472,154;13,30939189;52,49178798
211959;11;Mitte;1100102.0;2021;7;17;6;3;5;3;0;1;1;0;0;0;0;0;796636,1741;5826884,059;13,37201996;52,51118601
211958;11;Mitte;1100207.0;2021;7;9;6;3;5;3;0;1;1;0;0;0;0;1;798481,2148;5826666,162;13,39893117;52,50822643
211957;11;Pankow;3601450.0;2021;6;8;5;3;0;1;0;1;0;0;0;0;0;0;802036,8703;5829628,765;13,45385247;52,53282339
211956;11;Mitte;1100310.0;2021;6;19;5;3;5;3;0;1;0;0;0;0;0;0;799185,8691;5828685,432;13,41109861;52,52594022
211952;11;Mitte;1401047.0;2021;6;15;6;3;5;2;0;1;1;0;0;0;0;0;795262,3403;5830464,549;13,35501474;52,54402758
211942;11;Mitte;1401044.0;2021;5;16;6;3;1;7;0;1;1;0;0;0;0;1;796369,3728;5831049,24;13,37181325;52,54866766
211941;11;Reinickendorf;12200412.0;2021;6;14;4;3;5;2;0;1;1;0;0;0;0;0;791270,7865;5834145,512;13,2995532;52,57917524
211940;11;Pankow;3500934.0;2021;7;8;7;3;2;6;0;1;1;0;0;0;0;1;800377,3888;5831679,203;13,43131537;52,55211899
211939;11;Mitte;1100415.0;2021;6;15;2;3;2;6;0;1;1;0;0;0;0;0;797868,8056;5829071,001;13,39208781;52,53011752
211938;11;Charlottenburg-Wilmersdorf;4501153.0;2021;6;22;6;3;5;2;1;1;1;0;0;0;0;0;794187,8536;5823111,548;13,3327161;52,47869341
211935;11;Charlottenburg-Wilmersdorf;4501042.0;2021;6;16;2;3;5;5;0;1;1;0;0;0;0;0;794060,198;5826256,564;13,33361769;52,50695564
211932;11;Friedrichshain-Kreuzberg;2400623.0;2021;6;11;7;3;0;1;0;1;0;0;0;0;0;0;800599,5224;5827145,334;13,43048188;52,51135833
211931;11;Pankow;3701660.0;2021;5;9;4;3;1;5;0;1;1;0;0;0;0;0;800831,4394;5829593,563;13,43610328;52,53317449
211927;11;Neukoelln;8100415.0;2021;6;0;4;2;5;3;2;1;0;0;1;0;0;0;802027,469;5823472,862;13,44812997;52,47765295
211925;11;Tempelhof-Schoeneberg;7200307.0;2021;6;15;5;3;3;6;0;1;1;0;0;0;0;0;794940,7471;5824409,875;13,34491869;52,489926
211922;11;Charlottenburg-Wilmersdorf;4400835.0;2021;6;20;1;3;1;5;0;1;1;0;0;0;0;0;792836,877;5821749,228;13,31168464;52,46720664
211920;11;Neukoelln;8100415.0;2021;6;9;4;3;6;4;0;1;0;1;0;0;0;0;801505,983;5823647,047;13,44063232;52,47950234
211917;11;Charlottenburg-Wilmersdorf;4100101.0;2021;6;10;1;3;5;2;0;1;1;0;0;0;0;0;790421,5571;5829043,064;13,28259106;52,53388594
211915;11;Mitte;1100102.0;2021;7;10;5;3;1;5;0;1;0;0;0;1;0;0;795380,2241;5826468,925;13,35319871;52,50814621
211910;11;Spandau;5400943.0;2021;6;8;3;3;2;2;0;1;1;0;0;0;0;0;779858,5942;5820900,29;13,12043154;52,46639745
211908;11;Lichtenberg;11501340.0;2021;6;12;2;3;4;5;0;1;1;0;0;0;0;0;808139,8143;5825644,418;13,53985354;52,49370034
211906;11;Lichtenberg;11400929.0;2021;6;9;4;3;5;3;0;1;1;0;0;0;0;0;805479,6775;5826963,75;13,50200362;52,50701999
211905;11;Treptow-Koepenick;9200613.0;2021;5;19;1;3;5;2;0;1;1;0;0;0;0;0;806884,7324;5821187,624;13,5173245;52,45446449
211904;11;Neukoelln;8100415.0;2021;6;14;2;3;3;2;0;1;0;0;0;0;1;0;802018,3643;5823479,355;13,4480022;52,47771618
211902;11;Lichtenberg;11200411.0;2021;7;6;6;2;5;3;0;1;1;0;0;0;0;1;805712,8335;5831387,526;13,50949526;52,5465367
211901;11;Treptow-Koepenick;9401534.0;2021;6;11;6;3;0;7;0;1;0;0;0;0;0;0;811569,4044;5820058,365;13,58499142;52,44169471
211900;11;Treptow-Koepenick;9300920.0;2021;6;12;5;3;0;2;0;1;1;0;0;0;0;0;807694,6701;5817793,64;13,52608202;52,42359161
211899;11;Mitte;1200519.0;2021;6;23;2;3;2;6;2;1;1;0;0;0;0;0;793718,1241;5828623,543;13,33068187;52,52835867
211897;11;Pankow;3601243.0;2021;6;21;6;3;2;6;1;1;1;0;0;0;0;0;799303,751;5831409,776;13,41528488;52,55029502
211896;11;Steglitz-Zehlendorf;6400735.0;2021;6;13;7;2;2;6;0;1;0;0;0;0;0;0;780734,1575;5816521,85;13,12960682;52,42668725
211895;11;Pankow;3701554.0;2021;7;0;7;2;3;6;2;1;1;0;0;0;0;0;798907,7716;5829905,659;13,40810882;52,5370303
211893;11;Mitte;1400940.0;2021;6;19;6;2;3;6;0;1;1;0;0;0;0;0;794944,7342;5832082,954;13,3517825;52,55870727
211891;11;Mitte;1100309.0;2021;5;7;6;2;5;2;0;1;1;0;0;0;0;1;799060,9276;5829008,321;13,40955285;52,52890299
211887;11;Steglitz-Zehlendorf;6200422.0;2021;6;18;3;3;5;3;0;1;1;0;0;0;0;0;794730,8482;5816711,108;13,33504063;52,42102395
211886;11;Steglitz-Zehlendorf;6200422.0;2021;7;9;3;3;5;3;0;1;1;0;0;0;0;0;794225,3852;5817034,275;13,3279133;52,42419303
211885;11;Tempelhof-Schoeneberg;7100103.0;2021;7;14;3;3;0;4;0;1;0;1;0;0;0;0;795975,0069;5824977,057;13,36061087;52,49445055
211884;11;Neukoelln;8100105.0;2021;5;11;7;3;4;6;0;1;0;0;0;0;1;0;800275,8731;5822130,223;13,42120833;52,46658412
211882;11;Charlottenburg-Wilmersdorf;4300415.0;2021;6;19;4;3;6;4;0;1;0;1;0;0;0;0;790662,4103;5825991,194;13,28346511;52,5063975
211880;11;Spandau;5100209.0;2021;3;17;2;2;5;3;0;1;1;0;0;0;0;0;783703,248;5830178,973;13,18478266;52,54760943
211877;11;Pankow;3701555.0;2021;5;19;3;3;1;5;0;1;1;0;0;0;0;0;799460,605;5829891,205;13,41622235;52,53659725
211872;11;Steglitz-Zehlendorf;6100210.0;2021;4;11;3;3;6;7;0;1;0;1;0;0;0;0;794857,2075;5821524,315;13,34114052;52,46410383
211865;11;Spandau;5100313.0;2021;5;16;2;3;5;2;0;1;1;0;0;0;0;0;785384,9319;5830272,178;13,20959597;52,54756669
211862;11;Friedrichshain-Kreuzberg;2500729.0;2021;4;14;5;3;6;4;0;1;0;1;0;0;0;0;803461,9285;5827764,297;13,47309576;52,51532116
211861;11;Neukoelln;8100314.0;2021;4;11;6;3;4;6;0;1;0;0;0;0;1;0;800328,3403;5824359,119;13,42398555;52,48653384
211860;11;Friedrichshain-Kreuzberg;2200212.0;2021;4;15;3;3;0;1;0;1;0;0;0;0;0;0;800078,4648;5824444,87;13,42039386;52,48743985
211858;11;Mitte;1401045.0;2021;4;11;6;3;0;7;0;1;0;0;0;0;0;0;796468,1855;5831933,077;13,37405547;52,55653653
211857;11;Steglitz-Zehlendorf;6100205.0;2021;5;16;7;3;1;5;0;1;1;0;0;0;0;0;795626,9852;5819940,278;13,35103584;52,44948809
211856;11;Pankow;3501038.0;2021;4;10;3;3;5;2;0;1;1;0;0;0;0;0;803872,9977;5832204,32;13,48319433;52,55488658
211855;11;Tempelhof-Schoeneberg;7400721.0;2021;5;5;3;3;0;7;0;1;0;0;0;0;0;0;798730,9147;5823948,28;13,40016206;52,48372758
211854;11;Friedrichshain-Kreuzberg;2200208.0;2021;5;17;6;3;5;2;0;1;1;0;0;0;0;1;797280,8278;5824851,188;13,37967633;52,49261261
211851;11;Tempelhof-Schoeneberg;7200409.0;2021;3;13;4;3;5;3;0;1;0;0;0;0;1;0;795275,7266;5824146,708;13,34960482;52,48738581
211849;11;Charlottenburg-Wilmersdorf;4501045.0;2021;3;18;2;3;0;2;0;1;1;0;0;0;0;0;794205,6033;5824940,674;13,33459134;52,49508103
211848;11;Charlottenburg-Wilmersdorf;4400835.0;2021;4;6;4;3;5;3;0;1;1;0;0;0;0;0;793147,6985;5821760,457;13,31625689;52,46714062
211846;11;Mitte;1200522.0;2021;5;12;3;3;2;2;0;1;0;0;0;0;1;0;793700,7256;5828112,183;13,32997448;52,52378397
211845;11;Treptow-Koepenick;9100306.0;2021;4;20;1;3;5;2;1;1;1;0;0;0;0;1;805456,0519;5820485,245;13,49572252;52,4489696
211840;11;Marzahn-Hellersdorf;10300731.0;2021;4;7;2;3;5;2;0;1;1;0;0;0;0;0;809587,9951;5828532,516;13,56380196;52,51876312
211837;11;Steglitz-Zehlendorf;6300634.0;2021;5;14;5;3;5;2;0;1;1;0;0;0;0;1;792932,89;5817744,362;13,30958178;52,43125232
211836;11;Mitte;1100206.0;2021;4;16;3;3;5;3;0;1;1;0;0;0;0;0;798028,5168;5827394,418;13,39293291;52,51500182
211833;11;Friedrichshain-Kreuzberg;2500830.0;2021;3;19;7;3;0;1;2;1;1;0;0;0;0;1;802414,284;5827429,684;13,45740002;52,51290392
211829;11;Steglitz-Zehlendorf;6100209.0;2021;4;10;3;3;7;7;0;1;0;0;0;0;0;0;794768,4075;5820940,837;13,33932193;52,45892118
211827;11;Friedrichshain-Kreuzberg;2500833.0;2021;5;1;7;3;0;1;2;1;0;0;0;0;0;0;802146,3413;5827142,239;13,45320272;52,51047603
211826;11;Friedrichshain-Kreuzberg;2200210.0;2021;4;13;4;3;5;3;0;1;0;0;0;0;0;0;798306,2435;5824808,459;13,39469678;52,49167019
211824;11;Steglitz-Zehlendorf;6100207.0;2021;4;14;6;3;5;2;0;1;1;0;0;0;0;0;793557,1185;5820075,365;13,32078468;52,45181449
211820;11;Friedrichshain-Kreuzberg;2400624.0;2021;4;13;7;3;1;5;0;1;1;0;0;0;0;0;801943,6054;5827050,685;13,45014143;52,50976768
211818;11;Treptow-Koepenick;9501838.0;2021;5;13;2;2;0;5;0;1;1;0;0;0;0;0;818499,0977;5820388,113;13,68691518;52,44065785
211814;11;Tempelhof-Schoeneberg;7400823.0;2021;5;15;7;3;5;3;0;1;0;0;1;0;0;0;797235,626;5820709,561;13,37532173;52,45551174
211811;11;Friedrichshain-Kreuzberg;2100103.0;2021;4;9;2;3;5;3;0;1;0;0;0;0;1;0;798415,3004;5825797,694;13,39718447;52,50047781
211809;11;Lichtenberg;11100204.0;2021;5;14;7;3;5;3;0;1;0;0;0;0;1;0;806535,8503;5833561,571;13,52360189;52,56555825
211808;11;Neukoelln;8100102.0;2021;5;11;7;3;1;5;0;1;1;0;0;0;0;0;800511,4157;5823455,245;13,42585885;52,47833133
211807;11;Treptow-Koepenick;9200613.0;2021;4;22;2;3;2;6;2;1;1;0;0;0;0;0;807032,6653;5821159,693;13,51946903;52,45413109
211806;11;Marzahn-Hellersdorf;10200627.0;2021;5;18;3;3;5;2;0;1;1;0;0;0;0;0;811158,3031;5829178,339;13,5874744;52,52365691
211805;11;Charlottenburg-Wilmersdorf;4300415.0;2021;5;17;7;3;5;7;0;1;1;0;0;0;0;0;791227,3799;5826056,027;13,29182238;52,50667743
211804;11;Lichtenberg;11100308.0;2021;5;7;5;3;6;7;0;1;0;1;0;0;0;0;804458,3638;5833717,886;13,49319036;52,56812495
211803;11;Steglitz-Zehlendorf;6200313.0;2021;4;8;2;3;5;3;0;1;1;0;0;0;0;0;795384,8353;5818264,381;13,34600163;52,43459557
211799;11;Tempelhof-Schoeneberg;7400822.0;2021;4;8;3;3;5;2;0;1;1;0;0;0;0;0;796816,4331;5821984,187;13,37030412;52,46716542
211798;11;Friedrichshain-Kreuzberg;2400623.0;2021;3;16;2;2;5;2;0;1;1;0;0;0;0;0;800672,4979;5827569,805;13,43193747;52,51512276
211796;11;Reinickendorf;12100204.0;2021;3;11;5;3;5;2;0;1;1;0;0;0;0;0;793826,8347;5832711,075;13,33589601;52,56494231
211795;11;Mitte;1401044.0;2021;5;6;3;3;5;3;0;1;1;0;0;0;0;0;796202,7565;5830765,371;13,36911004;52,54621369
211794;11;Tempelhof-Schoeneberg;7200409.0;2021;5;17;7;3;1;5;0;1;1;0;0;0;0;0;795719,2853;5824249,111;13,3562091;52,4880637
211791;11;Friedrichshain-Kreuzberg;2100102.0;2021;4;13;5;3;5;2;0;1;1;0;0;0;0;0;798448,5041;5826534,963;13,39833301;52,50706829
211790;11;Pankow;3701657.0;2021;4;14;2;3;0;1;0;1;0;0;0;0;0;0;800080,802;5830573,708;13,42595531;52,5423736
211789;11;Pankow;3400828.0;2021;5;1;1;2;1;5;2;1;1;0;0;0;0;0;800056,6013;5832600,657;13,42743127;52,56055503
211787;11;Charlottenburg-Wilmersdorf;4300518.0;2021;4;0;1;3;2;6;2;1;0;0;0;0;0;0;792387,1929;5828253,219;13,31079301;52,5257543
211784;11;Pankow;3400721.0;2021;5;8;5;3;5;2;0;1;1;0;0;0;0;0;797886,9743;5833072,841;13,39594445;52,56597877
211782;11;Neukoelln;8200730.0;2021;3;15;4;3;3;6;0;1;0;0;0;0;1;0;801466,4387;5817949,965;13,43490879;52,42845958
211781;11;Charlottenburg-Wilmersdorf;4501149.0;2021;4;17;3;3;5;3;0;1;0;0;0;0;0;0;793482,9274;5824497,246;13,32358636;52,49149495
211778;11;Mitte;1300836.0;2021;4;9;4;3;5;2;0;1;1;0;0;0;0;0;796447,9768;5829962,939;13,37199963;52,53888736
211777;11;Pankow;3601140.0;2021;3;18;5;3;5;2;0;1;1;0;0;0;0;0;798412,0792;5831802,075;13,40252594;52,55430063
211775;11;Charlottenburg-Wilmersdorf;4500937.0;2021;4;13;1;3;0;1;0;1;0;0;0;0;0;0;790739,9504;5825038,632;13,28377263;52,49781642
211774;11;Marzahn-Hellersdorf;10100315.0;2021;5;7;2;3;5;3;0;1;1;0;0;0;0;0;809472,1253;5831215,094;13,5645969;52,54286913
211772;11;Spandau;5200629.0;2021;5;14;7;3;5;2;0;1;0;0;0;0;1;0;784638,155;5828422,793;13,19702836;52,53137584
211765;11;Lichtenberg;11401137.0;2021;5;14;4;3;0;1;0;1;1;0;0;0;0;0;806869,3566;5826349,661;13,52184891;52,50073658
211763;11;Mitte;1200624.0;2021;3;15;3;3;5;2;0;1;1;0;0;0;0;0;795668,661;5829732,691;13,36033767;52,53724679
211761;11;Pankow;3300411.0;2021;3;11;6;2;5;3;0;1;1;0;0;0;0;0;803706,2362;5839176,433;13,48713242;52,61746729
211759;11;Charlottenburg-Wilmersdorf;4501149.0;2021;5;15;3;2;5;7;0;1;1;0;0;0;0;0;793563,4807;5824049,408;13,32437488;52,48743695
211758;11;Spandau;5100211.0;2021;4;9;6;3;5;2;0;1;1;0;0;0;0;0;783181,3437;5830290,894;13,17720198;52,54888451
211755;11;Neukoelln;8100419.0;2021;4;19;3;3;1;5;0;1;1;0;0;0;0;0;802527,9226;5824024,896;13,4559771;52,48232386
211754;11;Mitte;1400938.0;2021;3;10;3;3;0;6;0;1;1;0;0;0;0;0;793726,257;5830543,702;13,33249864;52,54556742
211750;11;Marzahn-Hellersdorf;10100210.0;2021;3;18;4;3;5;3;0;1;1;0;0;0;0;0;809197,3475;5831711,685;13,56102023;52,54747538
211748;11;Reinickendorf;12200412.0;2021;3;8;7;3;5;3;0;1;1;0;0;0;0;1;791381,7091;5833135,636;13,30029808;52,57006258
211743;11;Treptow-Koepenick;9200511.0;2021;5;16;1;3;0;1;0;1;0;0;0;0;0;0;807010,6281;5821938,2;13,51986159;52,46112067
211742;11;Neukoelln;8100208.0;2021;4;17;4;3;5;3;0;1;1;0;0;0;0;0;801362,1601;5822928,784;13,43787194;52,47314376
211740;11;Pankow;3400721.0;2021;4;20;6;3;6;6;0;1;0;1;0;0;0;0;798132,2403;5833146,535;13,39961849;52,56650508
211736;11;Charlottenburg-Wilmersdorf;4300416.0;2021;5;14;3;3;5;3;0;1;1;0;0;0;0;0;791291,3096;5826066,028;13,29277039;52,50673296
211735;11;Lichtenberg;11401136.0;2021;5;7;6;3;6;4;0;1;0;1;0;0;0;0;806110,6492;5825797,268;13,51019905;52,49621196
211734;11;Mitte;1100206.0;2021;4;8;3;3;2;6;0;1;1;0;0;0;0;0;797788,4591;5827353,161;13,38936883;52,51476313
211733;11;Treptow-Koepenick;9200510.0;2021;5;15;5;3;5;3;0;1;1;0;0;0;0;0;806199,2845;5823260,598;13,50917052;52,47342773
211730;11;Mitte;1200629.0;2021;4;15;3;3;0;4;0;1;0;1;0;0;0;0;794150,7121;5827240,336;13,33581696;52,5157258
211725;11;Mitte;1300836.0;2021;3;15;5;3;1;5;0;1;1;0;0;0;0;0;796680,4027;5830392,474;13,37580014;52,54261118
211724;11;Friedrichshain-Kreuzberg;2300315.0;2021;5;12;2;3;5;2;0;1;0;0;0;0;1;0;800787,4327;5825815,22;13,43204078;52,49933259
211719;11;Steglitz-Zehlendorf;6100205.0;2021;5;18;5;3;0;1;0;1;0;0;0;0;0;0;795075,2394;5820013,414;13,34300522;52,45044179
211715;11;Reinickendorf;12100205.0;2021;4;17;3;2;5;3;0;1;0;0;1;0;0;0;794554,8435;5833969,997;13,34772349;52,57583415