object_id;federal_state;district;lor_2021;year_accident;month_accident;hour_accident;weekday;accident_category;accident_type;accident_subtype;light_conditions;accident_involving_bicycle;accident_involving_passenger_car;accident_involving_pedestrian;accident_involving_motorcycle;accident_involving_truck;accident_involving_other;road_condition;coordinates_1a;coordinates_2a;coordinates_1b;coordinates_2b
211714;11;Reinickendorf;12200413.0;2021;5;14;6;3;5;3;0;1;1;0;0;0;0;1;790803,7493;5834063,528;13,29260823;52,57869006
211707;11;Friedrichshain-Kreuzberg;2200210.0;2021;4;18;5;3;5;2;0;1;1;0;0;0;0;0;798287,3693;5825472,086;13,3950138;52,49762908
211705;11;Charlottenburg-Wilmersdorf;4200207.0;2021;5;13;2;3;5;3;0;1;0;0;0;0;0;0;789622,6424;5824817,348;13,26716746;52,49642667
211704;11;Pankow;3601245.0;2021;4;8;4;2;5;2;0;1;1;0;0;0;0;0;800874,0821;5831048,438;13,43804747;52,54619123
211703;11;Neukoelln;8100417.0;2021;5;12;7;2;6;4;0;1;0;1;0;0;0;0;802099,4542;5822982,519;13,44874252;52,47321813
211701;11;Mitte;1300732.0;2021;5;13;6;3;5;2;0;1;1;0;0;0;0;0;797541,5503;5832722,186;13,3905488;52,5630245
211700;11;Pankow;3701555.0;2021;4;12;2;3;5;3;0;1;0;0;0;0;1;0;799721,3083;5830080,395;13,42022521;52,53814972
211699;11;Mitte;1100308.0;2021;4;9;7;3;5;3;0;1;1;0;0;0;0;0;797038,3558;5829319,449;13,38010374;52,53279773
211694;11;Charlottenburg-Wilmersdorf;4400728.0;2021;3;10;6;3;5;2;0;1;1;0;0;0;0;0;790677,4228;5822708,534;13,28082185;52,47696018
211693;11;Friedrichshain-Kreuzberg;2200213.0;2021;5;16;4;3;5;3;0;1;1;0;0;0;0;0;800146,8407;5825072,034;13,42196273;52,4930238
211692;11;Lichtenberg;2500835.0;2021;5;15;3;3;6;4;0;1;1;1;0;0;0;0;803307,3104;5826309,522;13,46949862;52,50236829
211690;11;Mitte;1100313.0;2021;5;15;6;3;5;3;0;1;0;0;1;0;0;0;799475,1867;5826559,791;13,41343721;52,50672825
211689;11;Neukoelln;8401244.0;2021;4;12;4;3;4;5;0;1;1;0;0;0;0;0;805970,8421;5816013,649;13,499183;52,40860486
211686;11;Mitte;1100309.0;2021;4;12;3;3;4;6;0;1;1;0;0;0;0;0;798714,7069;5828981,115;13,4044399;52,52884895
211683;11;Marzahn-Hellersdorf;10100311.0;2021;3;15;4;3;5;2;0;1;0;0;0;1;0;0;806317,4421;5830170,419;13,51726149;52,53528918
211682;11;Treptow-Koepenick;9100101.0;2021;4;13;2;3;5;2;0;1;0;0;0;1;0;0;802351,4626;5824749,185;13,45404352;52,48891343
211681;11;Charlottenburg-Wilmersdorf;4400728.0;2021;5;15;2;3;5;3;0;1;1;0;0;0;0;0;789830,2699;5823564,219;13,26912732;52,48508185
211678;11;Charlottenburg-Wilmersdorf;4300416.0;2021;4;2;7;3;2;6;2;1;1;0;0;0;0;0;791804,1861;5825894,688;13,30015538;52,50492285
211677;11;Friedrichshain-Kreuzberg;2300314.0;2021;3;8;3;3;5;2;0;1;1;0;0;0;0;0;800285,2009;5826091,69;13,42491378;52,50208727
211676;11;Spandau;5300840.0;2021;5;5;2;2;5;2;1;1;1;0;0;0;0;1;790058,6026;5829166,396;13,27736274;52,5351849
211675;11;Charlottenburg-Wilmersdorf;4300416.0;2021;5;7;4;2;5;3;0;1;1;0;0;0;0;0;791830,8976;5826109,919;13,30073648;52,50683807
211674;11;Neukoelln;8401241.0;2021;4;8;4;2;0;1;0;1;0;0;0;0;0;0;803843,3175;5818864,747;13,47059148;52,43534392
211672;11;Lichtenberg;11100204.0;2021;5;16;7;3;6;7;0;1;0;1;0;0;0;0;805940,1718;5833720,126;13,51498728;52,5673143
211671;11;Steglitz-Zehlendorf;6200420.0;2021;4;13;1;3;3;6;0;1;1;0;0;0;0;0;793058,2524;5816619,253;13,31043464;52,42109875
211668;11;Mitte;1100311.0;2021;5;10;6;3;1;5;0;1;1;0;0;0;0;1;800207,093;5827659,005;13,42518009;52,51617866
211661;11;Mitte;1100310.0;2021;4;12;3;2;1;5;0;1;1;0;0;0;0;0;799069,3587;5828931,532;13,40960769;52,52821006
211660;11;Tempelhof-Schoeneberg;7100206.0;2021;3;19;2;2;5;3;0;1;1;0;0;0;0;0;796869,8266;5824297,634;13,37314729;52,48787424
211659;11;Treptow-Koepenick;9401534.0;2021;4;12;5;3;5;3;0;1;1;0;0;0;0;0;810885,4949;5820660,769;13,5755225;52,44748242
211656;11;Pankow;3601141.0;2021;5;19;3;3;2;6;0;1;1;0;0;0;0;0;799193,3441;5831774,93;13,41399048;52,55362871
211653;11;Neukoelln;8200623.0;2021;4;17;7;3;6;6;0;1;0;1;0;0;0;0;801606,1467;5820669,737;13,43941182;52,45276072
211651;11;Tempelhof-Schoeneberg;7400720.0;2021;4;18;2;3;5;2;0;1;1;0;0;0;0;0;797392,2355;5823661,568;13,38025093;52,48188827
211650;11;Neukoelln;8100208.0;2021;3;13;3;3;1;5;0;1;1;0;0;0;0;0;801311,1709;5822907,949;13,43710469;52,47298514
211646;11;Neukoelln;8100310.0;2021;3;9;2;3;3;6;0;1;1;0;0;0;0;0;800564,6287;5825143,715;13,42816257;52,49343641
211645;11;Charlottenburg-Wilmersdorf;4300624.0;2021;4;19;7;3;5;3;0;1;1;0;0;0;0;0;793352,4692;5826070,589;13,32305618;52,50566947
211643;11;Treptow-Koepenick;9300920.0;2021;5;7;2;2;5;2;0;1;1;0;0;0;0;0;808075,5021;5816934,102;13,53087359;52,415674
211639;11;Tempelhof-Schoeneberg;7100102.0;2021;4;11;6;3;5;3;0;1;1;0;0;0;0;0;795390,5743;5825193,034;13,35221893;52,49670323
211637;11;Tempelhof-Schoeneberg;7200409.0;2021;3;9;4;3;2;6;0;1;1;0;0;0;0;0;795576,4502;5824251,868;13,35411406;52,48816576
211636;11;Tempelhof-Schoeneberg;7300517.0;2021;4;21;6;2;5;2;2;1;0;0;1;0;0;0;794565,5161;5822580,347;13,33779171;52,47372792
211634;11;Steglitz-Zehlendorf;6400737.0;2021;3;17;4;3;1;5;0;1;1;0;0;0;0;0;785817,0619;5817638,197;13,20511402;52,43406488
211629;11;Mitte;1401046.0;2021;5;16;5;3;2;6;0;1;1;0;0;0;0;0;794617,0368;5829855,854;13,34498673;52,5389204
211628;11;Tempelhof-Schoeneberg;7200413.0;2021;4;12;6;3;5;3;0;1;1;0;0;0;0;0;796273,0414;5823231,042;13,36343594;52,47863736
211627;11;Mitte;1100103.0;2021;4;15;5;2;5;3;0;1;1;0;0;0;0;0;795385,453;5826006,82;13,35286552;52,50400097
211626;11;Marzahn-Hellersdorf;10100102.0;2021;5;19;3;3;5;3;0;1;1;0;0;0;0;0;809450,6271;5834611,939;13,56744779;52,57332232
211623;11;Reinickendorf;12601235.0;2021;3;11;5;3;5;2;0;1;1;0;0;0;0;0;795164,2555;5836348,582;13,35880919;52,59682572
211619;11;Charlottenburg-Wilmersdorf;4500938.0;2021;4;16;4;3;5;3;0;1;1;0;0;0;0;0;791434,5973;5824917,816;13,29387069;52,4963628
211615;11;Friedrichshain-Kreuzberg;2300314.0;2021;5;14;7;3;5;2;0;1;1;0;0;0;0;0;800141,2163;5825758,732;13,42249886;52,49918205
211613;11;Neukoelln;8100521.0;2021;4;20;2;3;0;1;2;1;0;0;0;0;0;0;803816,8378;5822121,158;13,47316505;52,46454543
211612;11;Tempelhof-Schoeneberg;7300515.0;2021;5;20;2;2;5;2;2;1;0;0;0;0;0;0;793501,1304;5822489,424;13,32208602;52,47348581
211610;11;Charlottenburg-Wilmersdorf;4500936.0;2021;5;8;4;3;1;5;0;1;0;0;0;1;0;0;792063,1768;5825715,096;13,30380275;52,50317426
211609;11;Friedrichshain-Kreuzberg;2400623.0;2021;4;14;6;3;5;3;0;1;1;0;0;0;0;0;800613,2944;5827116,859;13,43065848;52,51109551
211608;11;Spandau;5100316.0;2021;4;13;5;3;5;2;0;1;1;0;0;0;0;1;784838,222;5829254,063;13,20068223;52,53872447
211605;11;Lichtenberg;11100204.0;2021;4;16;4;3;5;3;0;1;1;0;0;0;0;0;806641,1306;5832913,114;13,52455102;52,55968746
211604;11;Pankow;3200205.0;2021;3;7;4;3;0;3;0;1;0;0;0;0;0;0;797419,9991;5835029,425;13,39083032;52,58377227
211602;11;Friedrichshain-Kreuzberg;2500833.0;2021;4;19;2;3;5;3;0;1;1;0;0;0;0;0;802855,1533;5826929,195;13,46342135;52,50817349
211599;11;Friedrichshain-Kreuzberg;2500833.0;2021;5;20;6;3;2;6;0;1;1;0;0;0;0;1;802634,3477;5827000,03;13,46024228;52,50893091
211598;11;Charlottenburg-Wilmersdorf;4300624.0;2021;5;16;5;3;5;2;0;1;1;0;0;0;0;0;792857,1934;5826090,307;13,31579729;52,50611231
211597;11;Mitte;1100312.0;2021;4;8;2;3;0;6;0;1;1;0;0;0;0;1;799708,8277;5827296,176;13,41753239;52,5132005
211589;11;Pankow;3701555.0;2021;5;11;3;3;0;6;0;1;1;0;0;0;0;1;799355,0143;5830145,186;13,414899;52,53893181
211585;11;Marzahn-Hellersdorf;10300731.0;2021;5;9;6;3;0;3;0;1;1;0;0;0;0;0;809637,4912;5829700,862;13,56561682;52,52920528
211579;11;Friedrichshain-Kreuzberg;2200209.0;2021;3;18;3;3;5;2;0;1;1;0;0;0;0;0;796816,5557;5823974,873;13,37207762;52,48500996
211575;11;Friedrichshain-Kreuzberg;2200210.0;2021;5;17;5;3;5;2;0;1;1;0;0;0;0;1;798288,3621;5825472,037;13,39502834;52,4976281
211569;11;Friedrichshain-Kreuzberg;2400625.0;2021;4;13;5;3;5;3;0;1;1;0;0;0;0;0;801467,1492;5827266,505;13,44333771;52,51196561
211568;11;Pankow;3601142.0;2021;5;9;7;3;5;2;0;1;1;0;0;0;0;0;799135,8157;5830601,412;13,41208744;52,54314154
211564;11;Mitte;1200522.0;2021;5;23;6;3;0;2;2;1;1;0;0;0;0;0;794316,1346;5828380,212;13,3392563;52,52585483
211560;11;Mitte;1100206.0;2021;3;14;4;3;0;1;0;1;0;0;0;0;0;0;798228,9018;5827933,277;13,39636016;52,51972246
211559;11;Friedrichshain-Kreuzberg;2300419.0;2021;5;11;3;3;1;5;0;1;0;0;0;1;0;0;801400,3962;5825811,048;13,44103945;52,49895701
211554;11;Reinickendorf;12500824.0;2021;4;10;2;3;5;2;0;1;0;0;0;0;1;0;790679,4598;5835379,04;13,29193313;52,59054982
211552;11;Charlottenburg-Wilmersdorf;4400726.0;2021;4;19;4;2;5;2;0;1;1;0;0;0;0;0;790852,4825;5823807,721;13,2843511;52,48672128
211551;11;Pankow;3400721.0;2021;5;13;7;3;6;7;0;1;0;1;0;0;0;0;798026,5255;5833258,957;13,39816443;52,56757065
211549;11;Reinickendorf;12400722.0;2021;4;11;3;3;6;7;0;1;0;1;0;0;0;0;791617,3638;5838233,947;13,30825408;52,61564096
211543;11;Friedrichshain-Kreuzberg;2200211.0;2021;4;16;5;3;5;3;0;1;0;0;0;0;0;0;798574,3371;5824514,73;13,39837056;52,48889072
211539;11;Friedrichshain-Kreuzberg;2200212.0;2021;4;6;6;3;6;4;0;1;0;1;0;0;0;0;799222,6299;5824586,469;13,40795446;52,48917882
211538;11;Steglitz-Zehlendorf;6400843.0;2021;4;7;3;2;5;3;0;1;1;0;0;0;0;0;791203,6634;5819702,451;13,28592537;52,4497301
211536;11;Mitte;1400942.0;2021;4;10;4;3;5;7;0;1;1;0;0;0;0;0;794480,7581;5830671,779;13,34370646;52,54630824
211535;11;Mitte;1100309.0;2021;3;18;2;3;0;7;0;1;0;0;0;0;0;0;798630,389;5828380,884;13,40266161;52,52351492
211533;11;Treptow-Koepenick;9502043.0;2021;5;13;7;2;5;2;0;1;1;0;0;0;0;0;810991,5924;5821981,77;13,5783087;52,45926031
211531;11;Charlottenburg-Wilmersdorf;4400727.0;2021;4;17;1;3;1;5;0;1;1;0;0;0;0;1;790926,5257;5823503,475;13,28517291;52,48395424
211524;11;Mitte;1100312.0;2021;5;18;4;3;5;3;0;1;1;0;0;0;0;1;799458,893;5827068,327;13,41365536;52,51129546
211523;11;Treptow-Koepenick;9301126.0;2021;5;17;3;3;5;3;0;1;1;0;0;0;0;0;811426,7366;5817361,517;13,58038795;52,41760805
211517;11;Tempelhof-Schoeneberg;7100101.0;2021;4;12;5;3;5;2;0;1;1;0;0;0;0;0;794607,4089;5825435,795;13,3409307;52,49930274
211516;11;Lichtenberg;11400929.0;2021;5;18;6;3;1;5;0;1;1;0;0;0;0;0;805462,5928;5826923,351;13,50171561;52,50666748
211515;11;Charlottenburg-Wilmersdorf;4300415.0;2021;3;17;4;3;5;2;0;1;0;0;0;0;1;0;790999,1924;5825628,764;13,28809637;52,50296879
211512;11;Tempelhof-Schoeneberg;7400822.0;2021;5;19;2;3;5;3;0;1;1;0;0;0;0;0;796818,993;5822182,167;13,37051781;52,46893873
211510;11;Tempelhof-Schoeneberg;7601544.0;2021;5;21;4;3;1;5;1;1;1;0;0;0;0;0;799487,6618;5812930,399;13,40140321;52,38455211
211508;11;Lichtenberg;11400929.0;2021;5;22;7;3;5;7;2;1;1;0;0;0;0;0;805034,9195;5826695,665;13,49522531;52,50486612
211507;11;Lichtenberg;11501339.0;2021;4;13;4;3;5;2;0;1;1;0;0;0;0;0;807328,6992;5825284,537;13,52761195;52,49093233
211506;11;Pankow;3601141.0;2021;3;23;4;3;5;3;2;1;1;0;0;0;0;0;799220,3551;5831806,003;13,41441569;52,55389239
211504;11;Tempelhof-Schoeneberg;7400823.0;2021;5;17;1;3;5;2;0;1;1;0;0;0;0;0;796908,831;5822294,284;13,37193623;52,46989494
211499;11;Mitte;1100310.0;2021;4;8;4;3;5;2;0;1;0;0;0;1;0;0;799110,6574;5828465,987;13,4097959;52,52401449
211498;11;Spandau;5400943.0;2021;5;10;5;3;3;6;0;1;0;0;0;0;0;0;780585,46;5819429,818;13,12986717;52,45283908
211496;11;Friedrichshain-Kreuzberg;2500835.0;2021;4;12;5;3;2;6;0;1;1;0;0;0;0;0;802458,316;5826320,162;13,4570388;52,5029349
211495;11;Neukoelln;8100102.0;2021;5;19;4;3;1;5;0;1;1;0;0;0;0;1;800570,1577;5823270,455;13,42655463;52,47664266
211493;11;Friedrichshain-Kreuzberg;2100103.0;2021;3;14;2;3;3;6;0;1;1;0;0;0;0;0;798526,2775;5826212,853;13,39918668;52,50413846
211491;11;Spandau;5200629.0;2021;3;12;5;2;6;4;0;1;0;1;0;0;0;0;784620,2291;5828426,815;13,19676825;52,53142126
211488;11;Tempelhof-Schoeneberg;7200414.0;2021;5;19;2;3;1;5;0;1;0;0;0;0;1;1;796125,9411;5824025,544;13,36198201;52,48583918
211487;11;Mitte;1100415.0;2021;4;20;4;3;4;6;1;1;0;0;0;0;1;0;798473,5618;5829097,869;13,40100053;52,53002757
211484;11;Charlottenburg-Wilmersdorf;4500937.0;2021;5;11;6;3;0;1;0;1;0;0;0;0;0;0;790985,3724;5824852,235;13,28721486;52,49601456
211477;11;Mitte;1200520.0;2021;4;19;1;3;3;6;1;1;1;0;0;0;0;0;794574,2627;5828482,152;13,34314045;52,52662925
211476;11;Treptow-Koepenick;9200613.0;2021;3;9;6;3;5;2;0;1;1;0;0;0;0;1;805925,8098;5821837,094;13,50385174;52,46082287
211469;11;Treptow-Koepenick;9200819.0;2021;4;14;6;3;5;3;0;1;1;0;0;0;0;0;810207,3646;5819629,33;13,56461894;52,4386241
211467;11;Reinickendorf;12400618.0;2021;5;7;6;2;5;3;0;1;1;0;0;0;0;0;786981,4012;5838305,69;13,24003187;52,61875228
211466;11;Treptow-Koepenick;9200512.0;2021;3;8;4;3;1;5;0;1;1;0;0;0;0;0;807736,0032;5821516,781;13,53011603;52,45693587
211465;11;Mitte;1401044.0;2021;4;16;2;3;0;7;0;1;0;0;0;0;0;0;796120,2609;5831444,694;13,36850282;52,55234797
211464;11;Friedrichshain-Kreuzberg;2400521.0;2021;5;15;2;3;1;5;0;1;1;0;0;0;0;0;801175,1019;5828058,537;13,43976416;52,51922605
211463;11;Lichtenberg;11300826.0;2021;5;14;5;3;5;3;0;1;0;0;0;0;1;0;803818,0769;5827212,528;13,47782433;52,51017754
211462;11;Friedrichshain-Kreuzberg;2500834.0;2021;5;8;4;3;2;6;0;1;1;0;0;0;0;0;802279,1196;5826858,534;13,45489562;52,50785963
211458;11;Friedrichshain-Kreuzberg;2400623.0;2021;3;17;4;3;5;2;0;1;1;0;0;0;0;0;800722,0798;5826936,406;13,43209359;52,50941811
211457;11;Pankow;3701660.0;2021;5;14;7;2;5;3;0;1;0;0;0;0;0;0;800973,9125;5829235,02;13,43787274;52,52988216
211452;11;Reinickendorf;12500930.0;2021;5;15;7;3;0;7;0;1;0;1;0;0;0;0;793004,2339;5835171,376;13,32596918;52,5874409
211451;11;Charlottenburg-Wilmersdorf;4300619.0;2021;4;18;6;2;3;2;0;1;0;0;0;0;0;0;792979,324;5827563,946;13,31888895;52,51925737
211450;11;Steglitz-Zehlendorf;6300634.0;2021;4;7;3;3;5;3;0;1;1;0;0;0;0;0;792512,5495;5817836,097;13,303497;52,43229965
211449;11;Neukoelln;8401243.0;2021;5;20;5;2;0;1;2;1;0;0;0;0;0;1;805584,5721;5818629,337;13,49591083;52,43226405
211447;11;Treptow-Koepenick;9100101.0;2021;3;17;3;3;0;6;0;1;1;0;0;0;0;0;802346,1844;5825322,502;13,45448623;52,49405501
211443;11;Pankow;3300516.0;2021;5;15;6;3;5;2;0;1;0;0;0;0;1;1;801110,7337;5834128,188;13,44432109;52,57366447
211442;11;Mitte;1100416.0;2021;5;21;4;3;1;5;2;1;1;0;0;0;0;0;798743,8879;5829593,799;13,4054194;52,53432479
211440;11;Steglitz-Zehlendorf;6400843.0;2021;5;15;1;3;5;2;0;1;1;0;0;0;0;1;792356,741;5820774,74;13,30378325;52,45872763
211437;11;Neukoelln;8100415.0;2021;3;15;4;3;0;3;0;1;1;0;0;0;0;0;801533,6589;5823622,683;13,44101657;52,47926868
211436;11;Mitte;1300733.0;2021;4;19;1;3;5;2;1;1;1;0;0;0;0;0;797134,204;5831802,409;13,38373363;52,55500228
211435;11;Marzahn-Hellersdorf;10400835.0;2021;5;15;2;2;0;1;0;1;0;0;0;0;0;0;811916,1572;5829746,257;13,59914122;52,52831314
211431;11;Friedrichshain-Kreuzberg;2100106.0;2021;5;14;7;3;5;3;0;1;1;0;0;0;0;0;799788,4662;5825717,573;13,41728093;52,49900702
211430;11;Friedrichshain-Kreuzberg;2100104.0;2021;4;13;4;3;5;3;0;1;1;0;0;0;0;0;799115,0493;5826268,597;13,40788524;52,50431568
211428;11;Friedrichshain-Kreuzberg;2300418.0;2021;4;10;2;3;0;7;0;1;0;0;0;0;0;0;800921,4637;5825537,853;13,43375869;52,49677259
211427;11;Treptow-Koepenick;9401635.0;2021;3;14;4;3;1;5;0;1;1;0;0;0;0;0;817055,2396;5817048,885;13,66257957;52,41157561
211426;11;Tempelhof-Schoeneberg;7400927.0;2021;4;15;4;3;0;7;0;1;1;0;0;0;0;0;798325,5303;5821000,733;13,39157424;52,45752799
211425;11;Tempelhof-Schoeneberg;7601546.0;2021;5;11;4;3;6;6;0;1;0;1;0;0;0;0;799088,2147;5813142,658;13,39574086;52,38667295
211422;11;Spandau;5100210.0;2021;4;8;6;2;5;2;0;1;1;0;0;0;0;0;784171,9729;5830042,133;13,19155943;52,54613821
211418;11;Friedrichshain-Kreuzberg;2100103.0;2021;4;15;4;3;5;2;0;1;1;0;0;0;0;0;798669,055;5826451,223;13,40149779;52,50619698
211413;11;Mitte;1300836.0;2021;4;12;7;3;1;5;0;1;1;0;0;0;0;0;796869,5664;5831353,7;13,37944051;52,55112444
211411;11;Neukoelln;8100417.0;2021;5;18;5;3;0;2;0;1;1;0;0;0;0;1;802364,1718;5823232,499;13,4528546;52,47531226
211409;11;Lichtenberg;11300620.0;2021;3;8;2;3;5;2;0;1;1;0;0;0;0;0;803849,363;5829049,735;13,47996186;52,52662642
211405;11;Pankow;3400619.0;2021;5;13;3;3;0;2;0;1;1;0;0;0;0;0;795821,949;5835221,284;13,36748421;52,58636334
211404;11;Tempelhof-Schoeneberg;7601442.0;2021;4;14;5;3;5;2;0;1;1;0;0;0;0;0;799252,336;5816261,186;13,4009311;52,41453729
211402;11;Mitte;1100308.0;2021;4;14;4;3;5;2;0;1;1;0;0;0;0;0;797001,8501;5828943,906;13,37923161;52,52945131
211400;11;Friedrichshain-Kreuzberg;2300316.0;2021;4;12;6;3;1;5;0;1;1;0;0;0;0;0;800586,7697;5826621,389;13,42982139;52,50666909
211399;11;Charlottenburg-Wilmersdorf;4300415.0;2021;5;15;2;3;5;7;0;1;0;0;0;0;1;0;791212,4261;5826054,427;13,29160128;52,50667107
211398;11;Friedrichshain-Kreuzberg;2100105.0;2021;3;16;3;2;1;5;0;1;0;0;0;0;1;0;799180,6807;5825881,837;13,40850181;52,50081295
211397;11;Friedrichshain-Kreuzberg;2500727.0;2021;4;11;2;3;0;1;0;1;0;0;0;0;0;0;802208,5503;5827742,753;13,45466192;52,51582398
211395;11;Marzahn-Hellersdorf;10100316.0;2021;5;6;5;2;5;2;0;1;1;0;0;0;0;0;810055,6315;5831663,247;13,57359192;52,54655353
211393;11;Tempelhof-Schoeneberg;7400927.0;2021;4;18;4;3;1;5;0;1;1;0;0;0;0;0;798420,3233;5821278,677;13,39321366;52,45996768
211391;11;Spandau;5100316.0;2021;4;15;5;3;1;7;0;1;1;0;0;0;0;0;785312,9783;5829418,773;13,20780469;52,53995287
211390;11;Marzahn-Hellersdorf;10300732.0;2021;5;14;2;3;5;3;0;1;1;0;0;0;0;0;810185,7962;5827959,032;13,5720494;52,51328414
211380;11;Mitte;1200628.0;2021;5;14;5;3;1;5;0;1;1;0;0;0;0;0;795511,0542;5828108,778;13,3565772;52,52277529
211379;11;Mitte;1100415.0;2021;4;7;2;3;3;6;0;1;0;0;0;0;1;0;797406,5417;5829163,138;13,38537585;52,53119582
211378;11;Spandau;5200524.0;2021;4;13;6;2;5;2;0;1;1;0;0;0;0;0;780346,9255;5827611,581;13,13324983;52,52632606
211376;11;Spandau;5300841.0;2021;4;12;4;3;1;5;0;1;1;0;0;0;0;0;789674,2552;5829357,241;13,27187844;52,53710028
211373;11;Friedrichshain-Kreuzberg;2200213.0;2021;3;9;5;3;5;2;0;1;1;0;0;0;0;0;799569,7053;5824913,174;13,41334459;52,49191691
211369;11;Tempelhof-Schoeneberg;7300517.0;2021;5;10;7;3;1;5;0;1;1;0;0;0;0;0;794059,9703;5822612,185;13,33039819;52,47428573
211368;11;Steglitz-Zehlendorf;6400735.0;2021;4;19;1;3;2;6;1;1;0;0;1;0;0;0;783086,6078;5817263,213;13,1647402;52,43212258
211364;11;Tempelhof-Schoeneberg;7100102.0;2021;4;15;4;3;5;2;0;1;1;0;0;0;0;0;794924,5976;5825609,708;13,34574377;52,50069043
211363;11;Tempelhof-Schoeneberg;7300618.0;2021;5;12;6;3;5;3;0;1;1;0;0;0;0;1;794498,5234;5821873,935;13,33618464;52,46743143
211361;11;Lichtenberg;11300620.0;2021;4;1;1;3;3;6;2;1;1;0;0;0;0;1;803971,7438;5829823,668;13,48246787;52,53349468
211351;11;Tempelhof-Schoeneberg;7400928.0;2021;4;17;4;3;5;3;0;1;0;0;0;0;0;0;799986,5856;5821312,438;13,41622764;52,45941279
211350;11;Mitte;1300836.0;2021;5;20;1;3;5;2;0;1;1;0;0;0;0;0;796713,0434;5830439,633;13,37632216;52,54301614
211347;11;Charlottenburg-Wilmersdorf;4500937.0;2021;4;7;5;3;5;2;0;1;1;0;0;0;0;0;790985,0636;5824831,917;13,28719257;52,49583258
211346;11;Treptow-Koepenick;9200511.0;2021;4;16;4;3;5;7;0;1;1;0;0;0;0;0;807292,846;5821790,603;13,52386653;52,45963926
211345;11;Treptow-Koepenick;9401431.0;2021;5;13;6;2;1;5;0;1;1;0;0;0;0;0;811872,5961;5820583,086;13,58992731;52,44622414
211344;11;Charlottenburg-Wilmersdorf;4400726.0;2021;4;12;5;3;5;3;0;1;1;0;0;0;0;0;790853,0565;5823648,402;13,2842205;52,48529266
211342;11;Pankow;3601244.0;2021;4;15;6;3;5;2;0;1;1;0;0;0;0;0;800083,6956;5831671,617;13,42698987;52,55221287
211341;11;Tempelhof-Schoeneberg;7100206.0;2021;3;13;6;3;1;5;0;1;0;0;0;0;1;0;796688,3945;5824637,258;13,37078546;52,49101727
211339;11;Pankow;3701660.0;2021;5;7;3;3;2;7;0;1;1;0;0;0;0;1;800743,7049;5829441,288;13,43467597;52,53185803
211335;11;Neukoelln;8300935.0;2021;3;14;3;3;1;5;0;1;1;0;0;0;0;0;802293,7897;5817977,616;13,44706529;52,42825093
211333;11;Spandau;5200629.0;2021;5;21;7;3;5;2;1;1;1;0;0;0;0;0;784552,4967;5828178,438;13,19555983;52,52922967
211332;11;Tempelhof-Schoeneberg;7100102.0;2021;3;18;3;2;5;3;0;1;0;0;1;0;0;0;794963,5428;5825408,793;13,34613789;52,49886831
211330;11;Friedrichshain-Kreuzberg;2400521.0;2021;5;23;1;3;1;5;2;1;1;0;0;0;0;0;800463,5993;5828314,052;13,42954047;52,52190878
211329;11;Mitte;1200522.0;2021;5;10;5;3;5;2;0;1;1;0;0;0;0;0;794207,8318;5827711,513;13,33707297;52,51991881
211327;11;Friedrichshain-Kreuzberg;2200208.0;2021;5;14;5;3;5;2;0;1;1;0;0;0;0;0;797546,9419;5825062,032;13,38377269;52,4943576
211326;11;Neukoelln;8100313.0;2021;4;18;4;3;5;2;0;1;1;0;0;0;0;0;801397,4833;5824766,376;13,44005158;52,48959502
211325;11;Charlottenburg-Wilmersdorf;4300623.0;2021;4;11;6;3;1;5;0;1;0;0;0;0;1;0;791962,9081;5826453,547;13,30297737;52,509848
211324;11;Lichtenberg;11300722.0;2021;4;15;5;2;5;3;0;1;1;0;0;0;0;0;803991,9761;5827772,249;13,4808901;52,51509726
211323;11;Neukoelln;8100418.0;2021;5;22;3;3;2;2;2;1;1;0;0;0;0;0;802409,7879;5823720,969;13,45396713;52,47966519
211320;11;Reinickendorf;12100101.0;2021;3;16;5;3;5;2;0;1;0;0;0;0;1;0;795790,9554;5832581,907;13,36467355;52,5627209
211319;11;Charlottenburg-Wilmersdorf;4501150.0;2021;5;17;2;3;0;3;0;1;1;0;0;0;0;0;793696,6221;5823939,424;13,32623315;52,48637939
211318;11;Mitte;1100308.0;2021;4;13;2;2;5;2;0;1;1;0;0;0;0;0;797038,2048;5829319,343;13,38010142;52,53279687
211317;11;Mitte;1401047.0;2021;5;17;2;3;1;5;0;1;1;0;0;0;0;0;795870,9725;5830473,416;13,36397147;52,54377688
211313;11;Pankow;3300517.0;2021;4;15;2;3;4;6;0;1;1;0;0;0;0;0;802918,5197;5834134,635;13,4709214;52,57271916
211312;11;Friedrichshain-Kreuzberg;2200209.0;2021;4;12;5;3;0;3;0;1;1;0;0;0;0;0;797509,1495;5824744,112;13,38293378;52,49152841