object_id;federal_state;district;lor_2021;year_accident;month_accident;hour_accident;weekday;accident_category;accident_type;accident_subtype;light_conditions;accident_involving_bicycle;accident_involving_passenger_car;accident_involving_pedestrian;accident_involving_motorcycle;accident_involving_truck;accident_involving_other;road_condition;coordinates_1a;coordinates_2a;coordinates_1b;coordinates_2b
210452;11;Pankow;3601244.0;2021;4;9;5;3;5;3;0;1;1;0;0;0;0;0;800085,3217;5831671,277;13,42701347;52,55220893
210448;11;Mitte;1300732.0;2021;3;17;5;3;5;2;0;1;1;0;0;0;0;0;797411,3538;5832512,327;13,38844564;52,56121451
210446;11;Mitte;1300733.0;2021;4;9;2;3;5;3;0;1;1;0;0;0;0;1;797152,8574;5831854,653;13,38405472;52,5554604
210443;11;Charlottenburg-Wilmersdorf;4200311.0;2021;5;13;1;3;5;2;0;1;1;0;0;0;0;0;790294,4297;5826007,627;13,27807298;52,50674075
210440;11;Mitte;1100415.0;2021;4;22;5;3;2;7;2;1;1;0;0;0;0;0;798193,9159;5829354,222;13,3971203;52,53247848
210439;11;Neukoelln;8100312.0;2021;4;17;3;3;5;3;0;1;1;0;1;0;0;0;801259,2858;5824833,055;13,43808263;52,49026896
210438;11;Charlottenburg-Wilmersdorf;4300414.0;2021;5;12;4;3;1;5;0;1;1;0;0;0;0;0;791355,9799;5826634,306;13,29421798;52,511793
210437;11;Lichtenberg;11501238.0;2021;4;13;3;3;0;2;0;1;1;0;0;0;0;0;804098,6172;5825992,899;13,48083142;52,49909009
210435;11;Spandau;5200633.0;2021;4;16;5;3;5;2;0;1;1;0;0;0;0;0;783761,7864;5826932,03;13,18287153;52,51846634
210432;11;Friedrichshain-Kreuzberg;2400625.0;2021;5;17;4;3;3;6;0;1;1;0;0;0;0;0;801094,223;5826637,1;13,43728972;52,5065301
210430;11;Steglitz-Zehlendorf;6300632.0;2021;4;8;3;3;5;3;0;1;1;0;0;0;0;0;791543,6516;5817466,664;13,28896373;52,42950489
210428;11;Mitte;1401049.0;2021;4;9;3;3;5;2;0;1;1;0;0;0;0;0;795878,0702;5831961,265;13,36540161;52,55711013
210426;11;Mitte;1200520.0;2021;4;10;4;3;5;2;0;1;1;0;0;0;0;0;794585,3778;5828435,086;13,34326212;52,52620133
210423;11;Reinickendorf;12200515.0;2021;4;16;4;2;3;6;0;1;0;0;0;0;0;0;789171,9593;5835322,169;13,26969236;52,59084352
210419;11;Tempelhof-Schoeneberg;7601442.0;2021;5;15;2;3;1;5;0;1;0;0;0;0;1;0;798600,6482;5814860,203;13,3901283;52,40233487
210418;11;Charlottenburg-Wilmersdorf;4200310.0;2021;5;9;5;3;5;2;0;1;1;0;0;0;0;0;789870,1354;5826218,139;13,27202237;52,50885363
210417;11;Marzahn-Hellersdorf;10200417.0;2021;5;19;4;3;5;3;0;1;1;0;0;0;0;0;811313,9615;5831718,315;13,59214033;52,54632947
210414;11;Mitte;1300733.0;2021;2;16;1;3;5;2;0;1;1;0;0;0;0;0;797163,1137;5831883,339;13,38423124;52,55571194
210408;11;Pankow;3200204.0;2021;3;12;4;3;5;2;0;1;1;0;0;0;0;0;798057,5053;5837198,717;13,40216383;52,60286789
210407;11;Tempelhof-Schoeneberg;7400823.0;2021;1;16;3;3;5;7;2;1;1;0;0;0;0;1;797333,887;5821876,502;13,37780299;52,46591877
210406;11;Lichtenberg;11200513.0;2021;1;9;3;3;5;3;0;1;1;0;0;0;0;1;804874,0878;5830920,13;13,49673562;52,5428177
210401;11;Pankow;3601245.0;2021;2;17;7;3;0;2;2;1;1;0;0;0;0;0;800292,5455;5831596,042;13,42999257;52,55142038
210399;11;Mitte;1300836.0;2021;2;6;2;3;5;7;2;1;1;0;0;0;0;1;796369,9621;5830303,188;13,37115623;52,54197977
210398;11;Charlottenburg-Wilmersdorf;4200311.0;2021;3;7;5;2;5;3;0;1;1;0;0;0;0;0;790469,0566;5826712,408;13,28125373;52,51296622
210395;11;Pankow;3500936.0;2021;3;11;5;3;5;3;0;1;0;0;0;0;1;0;801856,6315;5831369,482;13,45278487;52,54852524
210389;11;Friedrichshain-Kreuzberg;2100101.0;2021;1;12;3;3;5;7;0;1;1;0;0;0;0;1;797585,931;5825949,119;13,38513787;52,50228807
210380;11;Marzahn-Hellersdorf;10400837.0;2021;3;13;2;3;5;3;0;1;1;0;0;0;0;0;809998,3682;5824357,137;13,56594433;52,48111189
210376;11;Pankow;3500935.0;2021;3;15;2;3;6;6;0;1;0;1;0;0;0;0;801698,3821;5831372,677;13,45046104;52,54864154
210373;11;Charlottenburg-Wilmersdorf;4501040.0;2021;1;8;4;3;5;2;0;1;1;0;0;0;0;1;792696,1814;5825474,236;13,31289022;52,50067582
210370;11;Pankow;3400829.0;2021;1;13;4;3;5;3;0;1;1;0;0;0;0;1;799683,4523;5832692,365;13,42202599;52,56158253
210369;11;Marzahn-Hellersdorf;10400837.0;2021;3;9;4;3;0;3;0;1;1;0;0;0;0;0;810171,8628;5825516,327;13,56956957;52,49140159
210367;11;Treptow-Koepenick;9200715.0;2021;1;16;5;3;5;2;1;1;0;0;0;0;1;0;808327,5654;5818866,563;13,53634914;52,43285105
210366;11;Friedrichshain-Kreuzberg;2500833.0;2021;1;19;5;3;0;1;2;1;0;0;0;0;0;1;802596,129;5827012,188;13,45969191;52,50906109
210365;11;Mitte;1200623.0;2021;3;15;6;3;1;5;0;1;0;0;0;0;1;0;795257,4243;5828794,245;13,35345843;52,52905735
210364;11;Lichtenberg;11501339.0;2021;2;16;2;3;5;3;0;1;1;0;0;0;0;0;806064,5274;5825132,863;13,50891146;52,49028319
210363;11;Mitte;1100206.0;2021;3;15;3;3;3;6;0;1;1;0;0;0;0;0;798182,1874;5827537,797;13,39531926;52,51620304
210360;11;Friedrichshain-Kreuzberg;2100102.0;2021;3;15;3;2;1;5;0;1;1;0;0;0;1;0;798347,7274;5826263,83;13,39660961;52,50469306
210355;11;Steglitz-Zehlendorf;6100205.0;2021;2;12;4;3;0;2;0;1;1;0;0;0;0;0;795349,9968;5819991,137;13,34701685;52,45009372
210354;11;Neukoelln;8100206.0;2021;1;16;6;3;3;6;0;1;1;0;0;0;0;0;800967,334;5823524,697;13,43261438;52,4787028
210345;11;Treptow-Koepenick;9200510.0;2021;3;17;4;3;5;2;0;1;1;0;0;0;0;0;806599,8004;5822782,188;13,51460908;52,46891541
210343;11;Charlottenburg-Wilmersdorf;4500939.0;2021;3;16;3;3;5;3;0;1;1;0;0;0;0;0;792336,2679;5824093,226;13,30639129;52,48848829
210340;11;Pankow;3701555.0;2021;2;14;5;3;6;4;0;1;1;1;0;0;0;1;799684,0349;5830034,991;13,41963634;52,53776325
210337;11;Charlottenburg-Wilmersdorf;4300623.0;2021;1;18;7;3;1;5;2;1;1;0;0;0;0;1;792358,992;5826028,905;13,30842402;52,50582906
210334;11;Steglitz-Zehlendorf;6300631.0;2021;2;16;6;3;5;3;1;1;1;0;0;0;0;1;792324,8704;5816603,275;13,29966677;52,42134776
210333;11;Mitte;1100309.0;2021;3;21;7;2;5;3;2;1;0;0;0;0;0;1;798126,7;5828963,615;13,39578202;52,52901397
210330;11;Charlottenburg-Wilmersdorf;4500938.0;2021;1;7;2;3;1;5;2;1;1;0;0;0;0;1;791580,9614;5825004,674;13,2960966;52,4970633
210328;11;Charlottenburg-Wilmersdorf;4200207.0;2021;1;14;5;3;5;2;0;1;0;0;0;0;0;1;788474,5169;5825176,805;13,25061352;52,50025744
210326;11;Treptow-Koepenick;9401329.0;2021;1;12;3;3;5;3;0;1;0;0;0;1;0;1;811548,0273;5818933,783;13,58362989;52,43162894
210321;11;Friedrichshain-Kreuzberg;2400623.0;2021;1;17;1;3;1;5;2;1;1;0;0;0;0;1;800898,3692;5826940,841;13,43468733;52,50936065
210314;11;Mitte;1300732.0;2021;1;8;4;3;5;2;0;1;1;0;0;0;0;0;797588,1029;5832768,797;13,39127535;52,56341686
210312;11;Tempelhof-Schoeneberg;7601340.0;2021;3;16;2;3;2;3;0;1;1;0;0;0;0;0;796532,6273;5815645,34;13,3605147;52,4104968
210310;11;Charlottenburg-Wilmersdorf;4400830.0;2021;3;5;5;3;1;5;2;1;0;0;0;0;1;0;792322,9255;5823123,865;13,30534526;52,47980529
210308;11;Mitte;1300836.0;2021;1;8;5;2;3;6;0;1;0;0;0;0;1;0;796972,8233;5831473,033;13,38106565;52,55213783
210306;11;Friedrichshain-Kreuzberg;2400521.0;2021;3;11;5;3;5;2;0;1;1;0;0;0;0;0;801250,9859;5827845,583;13,44068632;52,5172754
210299;11;Mitte;1200518.0;2021;2;13;5;3;5;2;0;1;1;0;0;0;0;1;793431,4977;5828526,088;13,32638284;52,52763939
210297;11;Friedrichshain-Kreuzberg;2300316.0;2021;3;17;6;3;5;2;0;1;1;0;0;0;0;0;800700,3395;5826552,211;13,43142718;52,50598645
210295;11;Charlottenburg-Wilmersdorf;4100102.0;2021;1;16;6;3;0;7;1;1;0;0;0;0;0;1;791127,7118;5829152,424;13,29306816;52,53448961
210294;11;Charlottenburg-Wilmersdorf;4501149.0;2021;3;13;6;3;5;2;0;1;1;0;0;0;0;0;793465,0021;5824499,503;13,32332509;52,49152482
210293;11;Neukoelln;8100311.0;2021;1;21;6;3;1;5;2;1;1;0;0;0;0;1;800695,6899;5824359,707;13,42937976;52,48633692
210292;11;Pankow;3400827.0;2021;3;19;6;2;2;5;2;1;1;0;0;0;0;0;799172,5147;5832457,015;13,41429895;52,55975396
210290;11;Lichtenberg;11300721.0;2021;1;0;7;3;0;1;2;1;0;0;0;0;0;0;805052,6253;5829100,798;13,49769035;52,52641215
210288;11;Pankow;3601142.0;2021;1;10;3;2;6;4;0;1;0;1;0;0;0;0;798732,9707;5830327,074;13,40591812;52,54090352
210280;11;Reinickendorf;12400617.0;2021;2;17;6;2;5;3;2;1;1;0;0;0;0;1;785956,5297;5837001,543;13,22380733;52,6076002
210279;11;Friedrichshain-Kreuzberg;2400623.0;2021;1;11;3;3;5;3;0;1;1;0;0;0;0;1;801242,4196;5827686,705;13,44041661;52,51585609
210277;11;Charlottenburg-Wilmersdorf;4300619.0;2021;2;19;2;3;5;2;2;1;1;0;0;0;0;0;791780,9285;5827465,256;13,30119071;52,51901517
210276;11;Charlottenburg-Wilmersdorf;4501042.0;2021;3;10;2;2;3;5;0;1;1;0;0;0;0;0;794341,4057;5825624,502;13,33719023;52,50113793
210275;11;Charlottenburg-Wilmersdorf;4300416.0;2021;3;13;4;3;5;7;0;1;1;0;0;0;0;0;791596,0098;5826097,691;13,29727479;52,50685405
210274;11;Mitte;1200522.0;2021;1;10;3;3;5;3;0;1;1;0;0;0;0;1;794219,0046;5828307,448;13,33776435;52,52525498
210273;11;Steglitz-Zehlendorf;6400737.0;2021;2;13;7;3;0;6;0;1;0;0;0;0;1;0;785418,2688;5818372,444;13,19989085;52,44085647
210267;11;Friedrichshain-Kreuzberg;2200210.0;2021;3;12;4;3;5;3;0;1;1;1;0;0;0;0;798486,7613;5825222,172;13,39771834;52,49527992
210264;11;Mitte;1401047.0;2021;1;7;4;3;5;2;2;1;1;0;0;0;0;1;795259,2603;5830462,14;13,35496731;52,54400765
210261;11;Friedrichshain-Kreuzberg;2400623.0;2021;3;12;4;3;5;2;0;1;1;0;0;0;0;0;800674,8061;5827572,211;13,43197356;52,51514306
210259;11;Lichtenberg;11300721.0;2021;2;11;7;3;0;7;0;1;1;0;0;0;1;0;805431,4175;5829110,898;13,5032658;52,52629061
210257;11;Reinickendorf;12500930.0;2021;2;15;3;3;5;2;0;1;1;0;0;0;0;0;793947,3557;5835309,322;13,33997263;52,58816868
210249;11;Pankow;3601140.0;2021;3;9;7;3;5;2;0;1;0;0;0;0;1;0;798517,3773;5831494,439;13,40379782;52,55148541
210243;11;Pankow;3601453.0;2021;2;17;7;3;5;2;2;1;1;0;0;0;0;2;802387,0823;5828846,5;13,45828826;52,52561784
210242;11;Pankow;3200204.0;2021;2;15;4;2;5;2;0;1;1;0;0;0;0;0;798049,287;5837195,636;13,40204006;52,60284478
210236;11;Neukoelln;8100104.0;2021;1;16;1;3;0;5;2;1;1;0;0;0;0;1;800872,8111;5822467,963;13,43027357;52,46928301
210233;11;Tempelhof-Schoeneberg;7501031.0;2021;1;11;4;3;5;3;0;1;0;0;0;1;0;0;799470,0617;5820515,232;13,40793314;52,45255021
210230;11;Lichtenberg;11300617.0;2021;1;18;4;3;5;2;2;1;1;0;0;0;0;0;803090,3371;5829538,646;13,46925351;52,53143091
210228;11;Charlottenburg-Wilmersdorf;4501152.0;2021;1;14;6;3;5;2;0;1;1;0;0;0;0;0;793976,6113;5824458,417;13,3308025;52,49088122
210224;11;Charlottenburg-Wilmersdorf;4300624.0;2021;3;18;3;2;5;3;2;1;1;0;0;0;0;0;793257,5868;5826077,906;13,32166869;52,50578607
210223;11;Pankow;3501038.0;2021;3;17;4;3;1;5;0;1;0;0;0;1;0;0;803167,3237;5831369,699;13,47205564;52,54779937
210218;11;Treptow-Koepenick;9100304.0;2021;1;11;3;3;6;4;0;1;1;1;0;0;0;1;804601,5042;5822059,646;13,48462335;52,46355727
210215;11;Treptow-Koepenick;9502043.0;2021;2;14;4;3;5;3;0;1;1;0;0;0;0;0;809220,5463;5823021,8;13,55328922;52,46958581
210213;11;Treptow-Koepenick;9200819.0;2021;3;7;4;3;5;2;0;1;1;0;0;0;0;0;810778,3393;5818648,881;13,57208033;52,42951352
210212;11;Mitte;1100309.0;2021;3;15;6;3;1;5;0;1;0;0;0;1;0;0;798670,5822;5828707,183;13,40354533;52,52641772
210204;11;Lichtenberg;11401137.0;2021;3;8;2;3;2;6;0;1;1;0;0;0;0;0;806776,4317;5825678,45;13,51986608;52,49477329
210203;11;Charlottenburg-Wilmersdorf;4300622.0;2021;1;8;4;3;5;2;0;1;1;0;0;0;0;1;793676,862;5826072,268;13,32782334;52,50551
210200;11;Tempelhof-Schoeneberg;7200308.0;2021;3;16;6;3;0;4;0;1;0;1;0;0;0;0;795143,4031;5823170,735;13,34679763;52,47870842
210199;11;Treptow-Koepenick;9200510.0;2021;2;17;3;3;6;7;1;1;0;1;0;0;0;0;806447,4401;5822249,315;13,51188382;52,4642251
210196;11;Neukoelln;8100208.0;2021;3;8;5;3;0;2;0;1;1;0;0;0;0;1;801637,0967;5822641,373;13,44164758;52,47041588
210193;11;Marzahn-Hellersdorf;10100312.0;2021;3;15;3;3;5;3;0;1;1;0;0;0;0;0;808498,075;5829508,787;13,54869552;52,52812991
210192;11;Tempelhof-Schoeneberg;7100101.0;2021;1;17;5;3;1;5;2;1;1;0;0;0;0;1;794637,7079;5825746,476;13,34165063;52,50207145
210188;11;Mitte;1200623.0;2021;1;20;2;3;6;4;2;1;0;1;0;0;0;0;795801,1895;5829040,275;13,36166973;52,530968
210186;11;Mitte;1200628.0;2021;3;17;7;3;5;2;0;1;1;0;0;0;0;1;795727,5688;5828198,207;13,35983865;52,52345957
210178;11;Tempelhof-Schoeneberg;7400721.0;2021;2;17;5;3;4;6;0;1;0;0;0;0;0;0;798744,4908;5823946,609;13,40035989;52,48370517
210176;11;Pankow;3601142.0;2021;3;9;4;3;0;1;0;1;0;0;0;0;0;0;799181,3164;5831224,038;13,41331723;52,54869743
210171;11;Neukoelln;8100206.0;2021;3;19;3;3;2;7;2;1;1;0;0;0;0;0;800704,4886;5823897,797;13,42909228;52,48219181
210170;11;Tempelhof-Schoeneberg;7501031.0;2021;3;15;4;3;1;5;0;1;1;0;0;0;0;0;797933,5161;5820446,843;13,38532767;52,45277681
210168;11;Pankow;3601141.0;2021;3;7;3;2;5;2;0;1;1;0;0;0;0;0;798816,199;5831461,976;13,40816272;52,55103059
210166;11;Friedrichshain-Kreuzberg;2100101.0;2021;2;8;2;3;5;2;0;1;1;0;0;0;0;0;797666,4985;5825846,145;13,38622927;52,50132108
210163;11;Tempelhof-Schoeneberg;7601544.0;2021;2;12;5;3;5;3;0;1;1;0;0;0;0;0;799474,2837;5813160,221;13,4014125;52,38661951
210161;11;Mitte;1100313.0;2021;3;13;5;3;5;2;0;1;1;0;0;0;0;0;799981,3937;5826939,188;13,4212151;52,50985085
210160;11;Friedrichshain-Kreuzberg;2500835.0;2021;3;20;5;3;2;6;2;1;1;0;0;0;0;1;802406,8572;5826148,662;13,45612725;52,50142627
210157;11;Charlottenburg-Wilmersdorf;4300416.0;2021;1;13;6;3;5;2;0;1;1;0;0;0;0;1;791711,0404;5826103,461;13,29896988;52,50684427
210156;11;Neukoelln;8100102.0;2021;3;12;3;3;5;2;0;1;1;0;0;0;0;0;800175,464;5823650,664;13,42110297;52,48026771
210153;11;Friedrichshain-Kreuzberg;2300419.0;2021;3;15;3;3;5;3;0;1;0;0;0;0;0;0;801733,3771;5825453,594;13,44560598;52,4955691
210150;11;Neukoelln;8100207.0;2021;1;15;2;3;5;3;0;1;0;0;0;0;1;0;801306,9866;5823560,345;13,43763267;52,47883503
210146;11;Charlottenburg-Wilmersdorf;4300518.0;2021;1;17;2;2;5;3;2;1;1;0;0;0;0;1;792203,9849;5828107,489;13,30797214;52,5245461
210143;11;Tempelhof-Schoeneberg;7601544.0;2021;3;10;3;3;5;2;0;1;0;0;1;0;0;0;799523,285;5813992,505;13,40287409;52,39405316
210142;11;Friedrichshain-Kreuzberg;2500728.0;2021;3;15;4;3;6;4;0;1;0;1;0;0;0;0;803018,5046;5828285,412;13,46705582;52,52023835
210137;11;Friedrichshain-Kreuzberg;2500831.0;2021;3;12;6;3;3;6;0;1;0;0;0;1;0;0;803056,1059;5827005,973;13,46644308;52,50875005
210135;11;Spandau;5100105.0;2021;2;12;6;3;5;3;0;1;1;0;0;0;0;0;785201,8584;5831871,845;13,20827786;52,56200495
210132;11;Pankow;3400721.0;2021;3;13;6;2;5;2;0;1;1;0;0;0;0;0;797821,6798;5832997,427;13,39491627;52,5653385
210131;11;Lichtenberg;11300722.0;2021;3;14;2;3;1;5;0;1;1;0;0;0;0;0;803553,6948;5828340,911;13,47497003;52,52043813
210123;11;Friedrichshain-Kreuzberg;2100104.0;2021;1;6;4;3;5;3;2;1;1;0;0;0;0;1;799327,382;5826236,786;13,41097559;52,50391409
210122;11;Tempelhof-Schoeneberg;7501029.0;2021;3;12;4;3;2;6;0;1;0;0;0;0;1;0;797515,872;5820065,284;13,37885992;52,44958398
210119;11;Friedrichshain-Kreuzberg;2100106.0;2021;1;13;5;3;0;1;0;1;0;0;0;0;0;2;799581,6273;5825642,07;13,41417514;52,49844383
210115;11;Lichtenberg;11300619.0;2021;3;13;5;3;5;3;0;1;1;0;0;0;0;0;803669,8355;5828775,329;13,47707311;52,52426703
210114;11;Steglitz-Zehlendorf;6400840.0;2021;2;13;5;3;0;1;0;1;1;0;0;0;0;1;788698,5364;5819790,098;13,24924135;52,45184463
210108;11;Charlottenburg-Wilmersdorf;4200311.0;2021;2;14;4;3;5;3;0;1;0;0;0;0;0;0;790477,41;5825988,024;13,28074429;52,50646761
210105;11;Lichtenberg;11100206.0;2021;3;17;1;3;5;3;0;1;1;0;0;0;0;1;805545,892;5834234,687;13,50966221;52,57214734
210104;11;Treptow-Koepenick;9100101.0;2021;3;10;2;2;5;3;0;1;1;0;0;0;0;0;802095,9045;5825008,851;13,45052654;52,49138231
210103;11;Friedrichshain-Kreuzberg;2500831.0;2021;2;14;6;3;6;4;0;1;0;1;0;0;0;0;803081,3368;5827445,99;13,46721438;52,51267984
210101;11;Neukoelln;8200726.0;2021;1;14;3;3;5;2;0;1;1;0;0;0;0;1;802366,5237;5819912,36;13,44988181;52,44555219
210100;11;Pankow;3701555.0;2021;1;14;3;3;1;5;0;1;1;0;0;0;0;1;799572,9647;5830088,323;13,41805169;52,53830235
210098;11;Lichtenberg;11200411.0;2021;3;15;3;2;5;2;0;1;1;0;0;0;0;0;805606,1936;5831603,563;13,50812633;52,54853271
210097;11;Mitte;1100206.0;2021;1;14;3;3;0;1;0;1;0;0;0;0;0;0;797963,5368;5827080,911;13,39169744;52,51222713
210095;11;Mitte;1100308.0;2021;2;20;5;3;5;3;2;1;1;0;0;0;0;0;797083,8086;5828186,314;13,37975939;52,52261569
210094;11;Spandau;5100313.0;2021;1;13;2;2;3;6;0;1;1;0;0;0;0;0;785194,2052;5831098,867;13,207501;52,55507856
210078;11;Steglitz-Zehlendorf;6400735.0;2021;2;15;3;3;5;3;0;1;1;0;0;0;0;0;782210,8322;5815684,498;13,15056063;52,41841925
210075;11;Friedrichshain-Kreuzberg;2200210.0;2021;2;17;3;3;6;4;2;1;1;1;0;0;0;2;798306,0533;5825416,517;13,39523845;52,49712077
210065;11;Charlottenburg-Wilmersdorf;4501044.0;2021;3;16;5;3;5;3;0;1;1;0;0;0;0;0;793347,5944;5824643,776;13,32172781;52,49288129
210062;11;Mitte;1100416.0;2021;1;19;5;3;2;6;2;1;1;0;0;0;0;0;798720,0594;5829545,364;13,40502561;52,5339037
210061;11;Lichtenberg;11300721.0;2021;3;6;5;3;0;1;1;1;0;0;0;0;0;1;804303,8727;5829080,558;13,48666906;52,52664918
210059;11;Reinickendorf;12500927.0;2021;3;16;3;3;6;7;0;1;0;1;0;0;0;0;792971,9152;5835711,554;13,32597123;52,5923007
210058;11;Pankow;3601245.0;2021;1;16;5;3;3;6;1;1;0;0;0;1;0;1;800911,7407;5831246,375;13,43878047;52,54794457
210055;11;Mitte;1100414.0;2021;3;8;7;3;1;5;0;1;1;0;0;0;0;0;797256,0269;5829463,647;13,38343225;52,53397163
210054;11;Mitte;1200520.0;2021;2;14;4;2;4;6;0;1;0;0;0;0;0;0;794501,4195;5828437,612;13,34203037;52,52626933
210053;11;Pankow;3601449.0;2021;1;14;1;3;1;5;0;1;1;0;0;0;0;1;801438,8059;5830262,245;13,44563683;52,53883238
210050;11;Treptow-Koepenick;9501737.0;2021;3;8;7;3;5;2;0;1;1;0;0;0;0;1;813998,8254;5821209,298;13,62169812;52,45061883
210049;11;Steglitz-Zehlendorf;6300634.0;2021;3;13;7;3;3;6;0;1;1;0;0;0;0;0;792228,024;5818669,422;13,30005231;52,43992245
210048;11;Friedrichshain-Kreuzberg;2200208.0;2021;2;13;7;3;0;2;0;1;0;0;0;0;1;0;797268,9189;5825038,521;13,37966859;52,49429834
210046;11;Mitte;1300732.0;2021;1;14;2;2;5;2;0;1;1;0;0;0;0;1;797333,719;5832349,771;13,38715811;52,5597998
210045;11;Mitte;1100415.0;2021;2;15;1;3;2;2;0;1;0;0;0;0;1;0;797266,8796;5829092,114;13,38325952;52,53063536
210037;11;Reinickendorf;12500824.0;2021;1;13;3;3;5;2;0;1;0;0;0;1;0;1;790208,55;5835827,334;13,28539402;52,59482019
210036;11;Neukoelln;8100417.0;2021;1;9;3;3;5;2;0;1;1;0;0;0;0;1;802353,1328;5822955,787;13,45244174;52,47283818
210035;11;Spandau;5100210.0;2021;2;15;1;3;5;2;0;1;1;0;0;0;0;0;783917,6176;5830123,735;13,18788832;52,54700248
210034;11;Marzahn-Hellersdorf;10100311.0;2021;3;16;2;3;5;2;0;1;1;0;0;0;0;1;806458,4643;5829755,429;13,51895151;52,5314907
210033;11;Steglitz-Zehlendorf;6100209.0;2021;3;18;3;3;5;2;2;1;1;0;0;0;0;0;794700,0502;5821560,684;13,33886604;52,46451464
210031;11;Steglitz-Zehlendorf;6100209.0;2021;2;15;7;3;5;3;0;1;1;0;0;0;0;0;794097,0772;5821515,907;13,32997657;52,46443812
210028;11;Neukoelln;8200831.0;2021;1;8;4;2;0;1;0;1;0;0;0;0;0;1;799583,6171;5816399,471;13,40591121;52,41559563
210027;11;Spandau;5300841.0;2021;3;14;6;3;5;3;0;1;1;0;0;0;0;0;789440,8795;5829305,047;13,26840173;52,53675635
210024;11;Steglitz-Zehlendorf;6100102.0;2021;1;11;1;3;5;3;0;1;1;0;0;0;0;1;793743,4784;5820564,566;13,32394951;52,4560999
210023;11;Lichtenberg;11200411.0;2021;3;7;4;3;5;3;0;1;1;0;0;0;0;0;805872,3617;5831391,245;13,51184392;52,54648049
210019;11;Treptow-Koepenick;9200716.0;2021;3;13;2;3;5;3;0;1;1;0;0;0;0;0;808915,0425;5819069,522;13,54515056;52,43433854
210012;11;Mitte;1300835.0;2021;3;15;6;2;2;6;0;1;0;0;0;0;0;1;797593,1391;5829486,284;13,38840785;52,53399059
210000;11;Mitte;1100207.0;2021;2;10;5;3;5;3;0;1;1;0;0;0;0;0;798164,0871;5826610,307;13,39422235;52,50789917
209999;11;Mitte;1300733.0;2021;1;13;7;3;5;2;0;1;1;0;0;0;0;1;797235,074;5831321,961;13,38478693;52,55064062
209991;11;Pankow;3701660.0;2021;2;10;6;2;5;3;0;1;0;0;0;0;1;0;800459,2998;5829718,6;13,43074653;52,53450049
209990;11;Friedrichshain-Kreuzberg;2500835.0;2021;3;15;2;3;5;2;0;1;1;0;0;0;0;0;803092,251;5826028,647;13,46608437;52,49997034
209988;11;Tempelhof-Schoeneberg;7200410.0;2021;2;9;5;3;6;4;0;1;0;1;0;0;0;0;795726,978;5824016,603;13,35611576;52,48597528
209987;11;Mitte;1100206.0;2021;1;8;2;3;0;2;0;1;1;0;0;0;0;1;797159,8964;5827689,134;13,3804334;52,51811757
209978;11;Treptow-Koepenick;9200510.0;2021;3;0;2;3;5;3;2;1;1;0;0;0;0;0;806128,2801;5822121,953;13,50708375;52,46326252
209973;11;Pankow;3601141.0;2021;3;8;6;3;5;2;0;1;1;0;0;0;0;1;798828,6688;5831788;13,40863952;52,55394606
209971;11;Treptow-Koepenick;9200717.0;2021;2;15;3;3;0;6;0;1;0;0;0;1;0;0;809163,6558;5819530,171;13,54922197;52,4383264
209970;11;Mitte;1100206.0;2021;1;11;7;3;5;2;0;1;0;0;0;0;1;1;797186,0805;5827524,159;13,38067079;52,51662448
209969;11;Neukoelln;8100104.0;2021;3;23;4;2;5;3;2;1;1;0;0;0;0;1;800942,3518;5822305,633;13,4311478;52,4677897
209958;11;Pankow;3300517.0;2021;1;9;2;3;5;2;0;1;1;0;0;0;0;1;803364,9103;5833523,725;13,47692929;52,56699518
209957;11;Pankow;3601348.0;2021;3;9;5;3;1;5;0;1;1;0;0;0;0;0;799916,5713;5830686,872;13,42364306;52,54347835
209950;11;Steglitz-Zehlendorf;6100205.0;2021;1;16;4;3;5;3;1;1;1;0;0;0;0;0;795836,4284;5819499,657;13,35371856;52,44542493
209947;11;Friedrichshain-Kreuzberg;2200209.0;2021;1;14;4;3;1;5;0;1;1;0;0;0;0;1;797055,3169;5824293,668;13,37586754;52,48773779
209946;11;Reinickendorf;12400617.0;2021;3;13;4;3;0;7;0;1;0;0;0;0;0;0;785446,4569;5837371,701;13,21661469;52,61118701
209945;11;Steglitz-Zehlendorf;6300528.0;2021;1;12;6;3;5;2;0;1;1;0;0;0;0;2;789583,0122;5817203,029;13,25997889;52,42818265
209943;11;Neukoelln;8100521.0;2021;1;6;5;3;5;3;2;1;1;0;0;0;0;2;802482,4154;5822558,764;13,45397933;52,46920807
209941;11;Mitte;1100313.0;2021;3;11;2;2;4;6;0;1;0;0;0;1;0;0;800271,8029;5826812,741;13,4253673;52,50855769