object_id;federal_state;district;lor_2021;year_accident;month_accident;hour_accident;weekday;accident_category;accident_type;accident_subtype;light_conditions;accident_involving_bicycle;accident_involving_passenger_car;accident_involving_pedestrian;accident_involving_motorcycle;accident_involving_truck;accident_involving_other;road_condition;coordinates_1a;coordinates_2a;coordinates_1b;coordinates_2b
209937;11;Charlottenburg-Wilmersdorf;4400834.0;2021;1;17;5;3;6;4;2;1;0;1;0;0;0;1;792703,7778;5823107,109;13,31092252;52,47945108
209935;11;Reinickendorf;12200310.0;2021;3;19;6;3;5;2;2;1;1;0;0;0;0;0;792119,7441;5833152,324;13,31117143;52,5698166
209931;11;Mitte;1100309.0;2021;1;18;4;3;1;5;2;1;1;0;0;0;0;1;797974,241;5828708,174;13,39331232;52,52680762
209930;11;Charlottenburg-Wilmersdorf;4400830.0;2021;2;16;2;3;0;7;0;1;0;0;0;0;0;0;792456,353;5823099,367;13,30728287;52,47951424
209924;11;Steglitz-Zehlendorf;6300524.0;2021;2;10;2;3;5;2;0;1;1;0;0;0;0;2;788266,8855;5816714,592;13,24025442;52,42449855
209922;11;Steglitz-Zehlendorf;6400841.0;2021;3;14;5;3;5;3;0;1;1;0;0;0;0;0;790009,4873;5819156,125;13,2679283;52,44546693
209920;11;Pankow;3500934.0;2021;2;14;4;3;5;3;0;1;1;0;0;0;0;0;801095,7429;5831492,418;13,44170893;52,55004821
209918;11;Treptow-Koepenick;9200613.0;2021;3;16;4;2;1;5;0;1;1;0;0;0;0;0;807334,1011;5821034,796;13,52377616;52,45284235
209911;11;Neukoelln;8401246.0;2021;3;15;3;3;5;2;0;1;0;0;1;0;0;0;807005,1593;5817444,192;13,51565314;52,42084698
209909;11;Mitte;1100308.0;2021;2;12;4;3;1;5;0;1;1;0;0;0;0;1;797493,8255;5828806,548;13,3863397;52,52795179
209908;11;Pankow;3400724.0;2021;3;17;6;3;5;3;1;1;1;0;0;0;0;0;800030,6468;5834667,931;13,42891958;52,57909878
209905;11;Mitte;1100207.0;2021;1;9;3;3;5;3;0;1;1;0;0;0;0;0;798481,8171;5826666,263;13,39894011;52,50822701
209899;11;Charlottenburg-Wilmersdorf;4400728.0;2021;2;10;2;3;5;2;0;1;1;0;0;0;0;0;790684,5371;5822677,51;13,28089926;52,47667826
209898;11;Treptow-Koepenick;9200614.0;2021;3;19;2;3;5;3;2;1;1;0;0;0;0;1;808381,0692;5820893,165;13,53900372;52,45098344
209897;11;Mitte;1100312.0;2021;3;12;5;3;1;5;0;1;1;0;0;0;0;1;799264,1482;5826920,941;13,41066179;52,51008123
209896;11;Reinickendorf;12200309.0;2021;1;5;4;3;1;5;2;1;1;0;0;0;0;1;793008,9193;5832673,572;13,32383063;52,56504693
209886;11;Mitte;1100310.0;2021;3;19;4;3;5;7;2;1;1;0;0;0;0;0;798950,7953;5827814,98;13,40686153;52,51826683
209879;11;Lichtenberg;11200515.0;2021;2;7;4;3;5;3;0;1;1;0;0;0;0;0;806173,8157;5830411,628;13,5153728;52,53753165
209877;11;Neukoelln;8100104.0;2021;3;8;5;1;5;2;0;1;0;0;0;1;0;0;800270,9511;5822151,402;13,42115515;52,46677666
209872;11;Treptow-Koepenick;9100101.0;2021;1;17;3;3;5;2;2;1;0;0;0;0;1;1;802345,114;5824755,558;13,45395608;52,48897407
209866;11;Mitte;1200624.0;2021;2;19;5;3;5;2;2;1;1;0;0;0;0;0;795668,661;5829732,691;13,36033767;52,53724679
209862;11;Pankow;3501038.0;2021;1;12;2;3;5;7;0;1;1;0;0;0;0;2;803858,1195;5832990,423;13,48369523;52,56194038
209856;11;Neukoelln;8100104.0;2021;1;19;2;3;5;7;2;1;1;0;0;0;0;1;800259,9682;5822215,766;13,42105188;52,46735962
209851;11;Treptow-Koepenick;9200510.0;2021;2;6;5;3;3;6;0;1;1;0;0;0;0;0;806206,8358;5823250,693;13,50927226;52,47333472
209850;11;Friedrichshain-Kreuzberg;2100102.0;2021;1;18;2;2;1;5;2;1;1;0;0;0;0;0;797685,9538;5826425,97;13,38703343;52,50650792
209849;11;Friedrichshain-Kreuzberg;2200213.0;2021;3;18;5;3;1;5;2;1;1;0;0;0;0;0;799803,7392;5824995,849;13,41685571;52,49252947
209844;11;Treptow-Koepenick;9100304.0;2021;1;21;2;3;5;3;2;1;1;0;0;0;0;1;804874,4542;5822500,518;13,48903134;52,46735644
209842;11;Mitte;1300733.0;2021;2;17;2;3;5;2;0;1;1;0;0;0;0;0;797706,2683;5831844,091;13,39218396;52,5550635
209841;11;Friedrichshain-Kreuzberg;2500833.0;2021;3;18;3;3;6;7;2;1;0;1;0;0;0;0;802522,335;5827286,117;13,45885688;52,51155722
209840;11;Friedrichshain-Kreuzberg;2300417.0;2021;3;12;4;3;5;3;0;1;1;0;0;0;0;0;800490,334;5825756,97;13,42762475;52,49897414
209838;11;Treptow-Koepenick;9200510.0;2021;2;16;2;3;6;4;1;1;0;1;0;0;0;1;806234,7741;5823214,047;13,50964866;52,47299062
209834;11;Neukoelln;8100104.0;2021;2;17;3;2;2;6;2;1;0;0;0;0;1;1;800761,506;5822757,347;13,42890084;52,47193816
209831;11;Friedrichshain-Kreuzberg;2400623.0;2021;1;6;5;2;5;3;2;1;0;0;0;0;1;2;800367,4148;5827193,34;13,42711531;52,51191648
209828;11;Friedrichshain-Kreuzberg;2100104.0;2021;3;11;4;3;5;2;0;1;1;0;0;0;0;0;799222,3755;5825981,783;13,40920402;52,50168596
209825;11;Mitte;1100205.0;2021;3;20;3;3;5;2;2;1;1;0;0;0;0;0;797250,1496;5827363,761;13,38146891;52,51515178
209823;11;Friedrichshain-Kreuzberg;2300419.0;2021;2;8;4;3;5;3;0;1;1;0;0;0;0;1;801622,6327;5825918,286;13,44440045;52,49979542
209822;11;Friedrichshain-Kreuzberg;2500835.0;2021;2;5;5;3;0;6;0;1;0;0;0;0;1;0;803036,4957;5825809,281;13,46506593;52,49803515
209819;11;Pankow;3400826.0;2021;1;11;6;3;5;3;0;1;1;0;0;0;0;0;798673,4632;5832491,965;13,40699058;52,56034119
209818;11;Lichtenberg;11501339.0;2021;3;17;6;3;1;5;0;1;1;0;0;0;0;0;807176,7624;5824337,309;13,52450823;52,48252862
209814;11;Treptow-Koepenick;9100101.0;2021;1;7;5;3;5;3;0;1;1;0;0;0;0;1;802352,1958;5824761,08;13,45406507;52,48901964
209813;11;Lichtenberg;11100102.0;2021;1;11;1;3;5;2;0;1;1;0;0;0;0;0;809245,205;5834482,632;13,56430568;52,57228028
209807;11;Neukoelln;8100206.0;2021;2;17;6;3;1;5;0;1;1;0;0;0;0;0;800353,7642;5824229,073;13,42424165;52,48535419
209805;11;Treptow-Koepenick;9501939.0;2021;3;15;4;3;5;2;0;1;1;0;0;0;0;0;809638,3683;5821500,289;13,55800911;52,45571372
209802;11;Mitte;1100103.0;2021;1;18;3;3;1;5;2;1;1;0;0;0;0;1;795950,9984;5825626,761;13,36083553;52,50028761
209801;11;Pankow;3400620.0;2021;2;9;2;3;5;3;0;1;1;0;0;0;0;0;796683,2119;5833998,241;13,37906475;52,57493122
209800;11;Charlottenburg-Wilmersdorf;4500936.0;2021;3;17;2;3;1;5;0;1;1;0;0;0;0;1;792080,1076;5825523,956;13,30388381;52,50145166
209799;11;Steglitz-Zehlendorf;6200423.0;2021;3;9;4;3;5;2;0;1;0;0;0;1;0;0;793383,4496;5816240,135;13,31487066;52,41752579
209797;11;Reinickendorf;12601133.0;2021;3;10;2;3;2;6;0;1;0;0;0;0;1;0;795264,2936;5836954,449;13,36082215;52,60220239
209796;11;Charlottenburg-Wilmersdorf;4400835.0;2021;1;16;4;3;5;2;1;1;1;0;0;0;0;1;792827,8783;5821866,143;13,31165516;52,46825958
209795;11;Neukoelln;8200727.0;2021;2;13;2;3;0;4;0;1;0;1;0;0;0;2;802656,404;5819649,116;13,45389551;52,44303233
209793;11;Tempelhof-Schoeneberg;7300619.0;2021;1;15;5;3;6;7;0;1;0;1;0;0;0;0;795861,706;5821238,199;13,35562965;52,46099603
209792;11;Spandau;5300737.0;2021;3;16;6;3;0;3;0;1;0;0;1;0;0;0;787958,5016;5829368,943;13,24666181;52,53811452
209789;11;Neukoelln;8100311.0;2021;3;17;4;2;5;3;0;1;1;0;0;0;0;0;800501,8017;5824565,035;13,4267181;52,4882841
209787;11;Mitte;7100101.0;2021;3;15;7;3;5;3;0;1;1;0;0;0;0;0;794697,636;5826029,899;13,34278179;52,50457979
209781;11;Pankow;3501037.0;2021;1;10;3;3;5;3;0;1;1;0;0;0;0;1;802447,6618;5832659,497;13,46264987;52,55975963
209780;11;Pankow;3400828.0;2021;3;7;5;3;0;3;0;1;1;0;0;0;0;0;799708,7858;5832505,765;13,42223007;52,55989603
209777;11;Charlottenburg-Wilmersdorf;4300413.0;2021;1;17;5;3;5;3;2;1;1;0;0;0;0;0;790897,3419;5826980,872;13,28778178;52,51514474
209770;11;Friedrichshain-Kreuzberg;2400623.0;2021;1;15;6;3;5;2;2;1;1;0;0;0;0;1;800314,1951;5827616,993;13,42671579;52,51574313
209768;11;Charlottenburg-Wilmersdorf;4300623.0;2021;3;11;7;3;5;3;0;1;1;0;0;0;0;0;792720,6783;5826271,546;13,31395105;52,50781032
209761;11;Tempelhof-Schoeneberg;7501134.0;2021;1;13;2;3;5;2;0;1;1;0;0;0;0;1;799028,2926;5818839,103;13,39995141;52,43776765
209760;11;Spandau;5100211.0;2021;2;15;6;3;5;2;0;1;1;0;0;0;0;0;783239,0137;5830270,913;13,17803316;52,54867537
209752;11;Neukoelln;8100207.0;2021;1;16;3;3;0;2;1;1;1;0;0;0;0;1;801456,9391;5823237,761;13,43954236;52,47586089
209748;11;Mitte;1100103.0;2021;3;15;4;3;1;5;0;1;1;0;0;0;0;0;795219,2462;5825877,864;13,35030959;52,50293492
209744;11;Friedrichshain-Kreuzberg;2100101.0;2021;2;11;3;3;1;5;0;1;1;0;0;0;0;1;797846,0156;5825728,998;13,38876132;52,50017305
209743;11;Pankow;3601450.0;2021;1;13;4;3;0;2;0;1;1;0;0;0;0;1;802028,398;5829641,142;13,45373919;52,53293902
209741;11;Charlottenburg-Wilmersdorf;4300621.0;2021;3;16;7;2;0;7;0;1;0;0;0;0;0;0;792749,817;5826948,245;13,31497439;52,51386107
209740;11;Lichtenberg;11200513.0;2021;2;9;5;3;5;2;0;1;1;0;0;0;0;0;804651,6174;5831122,254;13,49365064;52,54475366
209739;11;Neukoelln;8401246.0;2021;1;19;6;3;2;2;2;1;1;0;0;0;0;0;806252,6903;5816381,531;13,50365008;52,41174444
209738;11;Mitte;1100310.0;2021;3;8;4;3;5;2;0;1;1;0;0;0;0;0;799520,4515;5827576,339;13,41501698;52,51581521
209736;11;Mitte;1100416.0;2021;3;10;2;3;5;2;0;1;1;0;0;0;0;0;798236,8778;5829639,627;13,39800787;52,53501324
209734;11;Friedrichshain-Kreuzberg;2300315.0;2021;1;1;1;3;5;2;2;1;1;0;0;0;0;0;800439,8276;5825768,848;13,42689368;52,49910842
209730;11;Pankow;3200310.0;2021;3;9;6;3;5;3;0;1;1;0;0;0;0;0;799648,6775;5837836,127;13,42616567;52,60770652
209723;11;Charlottenburg-Wilmersdorf;4501152.0;2021;1;17;2;2;5;3;2;1;1;0;0;0;0;1;793976,0301;5824703,998;13,33101064;52,49308304
209722;11;Steglitz-Zehlendorf;6400737.0;2021;1;14;4;2;6;4;0;1;0;1;0;0;0;0;785395,048;5817640,677;13,19892533;52,43430747
209719;11;Tempelhof-Schoeneberg;7400721.0;2021;3;16;3;3;2;6;1;1;0;0;0;0;0;0;798754,3266;5823945,35;13,40050318;52,48368851
209716;11;Spandau;5200420.0;2021;3;7;6;3;5;2;0;1;1;0;0;0;0;0;783439,013;5828262,684;13,17926155;52,53056516
209715;11;Neukoelln;8100209.0;2021;2;7;4;3;5;2;0;1;1;0;0;0;0;0;801751,1856;5822053,599;13,44279053;52,46508455
209713;11;Treptow-Koepenick;9401534.0;2021;3;13;6;3;5;3;0;1;0;0;0;1;0;1;810882,4842;5820325,394;13,57516629;52,44447864
209709;11;Charlottenburg-Wilmersdorf;4400831.0;2021;1;11;1;3;3;6;0;1;1;0;0;0;0;1;790897,8661;5822651,638;13,28400885;52,47633273
209706;11;Treptow-Koepenick;9100408.0;2021;1;8;4;3;5;3;0;1;1;0;0;0;0;1;806472,1972;5820681,444;13,51080798;52,45015936
209704;11;Steglitz-Zehlendorf;6400737.0;2021;2;17;5;3;5;2;1;1;1;0;0;0;0;0;785009,884;5817562,17;13,1932081;52,43380439
209702;11;Steglitz-Zehlendorf;6100209.0;2021;3;7;4;3;4;2;0;1;1;0;0;0;0;0;794411,928;5821494,615;13,33457892;52,46407769
209701;11;Friedrichshain-Kreuzberg;2300417.0;2021;1;9;7;3;2;3;0;1;1;0;0;0;0;2;800118,0181;5825729,461;13,42213177;52,49893244
209698;11;Steglitz-Zehlendorf;6200312.0;2021;2;17;3;3;0;1;2;1;0;0;0;0;0;0;794952,6539;5819243,755;13,34052705;52,44360837
209697;11;Charlottenburg-Wilmersdorf;4501148.0;2021;3;6;2;2;6;7;1;1;0;1;0;0;0;0;793339,4519;5823207,254;13,32034392;52,48000776
209696;11;Lichtenberg;11501340.0;2021;3;16;4;3;5;2;0;1;1;0;0;0;0;0;807248,7778;5824232,342;13,52546864;52,48154738
209692;11;Neukoelln;8401243.0;2021;2;15;2;3;5;3;0;1;1;0;0;0;0;0;805314,382;5817774,002;13,49116811;52,42474883
209691;11;Lichtenberg;11300725.0;2021;3;11;6;3;5;2;0;1;0;0;0;0;1;0;805207,0941;5828190,626;13,49912503;52,51816836
209682;11;Marzahn-Hellersdorf;10300733.0;2021;1;17;2;3;5;3;2;1;1;0;0;0;0;1;809226,2155;5827221,914;13,55726936;52,50722313
209680;11;Lichtenberg;11300618.0;2021;3;12;3;3;5;2;0;1;1;0;0;0;0;0;802392,3577;5829034,957;13,45853716;52,52730404
209670;11;Pankow;3601142.0;2021;2;14;1;3;5;2;0;1;0;0;0;0;0;0;798645,9137;5830288,552;13,40460365;52,54060595
209668;11;Pankow;3500934.0;2021;3;7;4;3;5;3;0;1;1;0;0;0;0;0;800866,6484;5832076,302;13,43886951;52,55540821
209663;11;Reinickendorf;12200414.0;2021;3;13;4;2;5;3;0;1;0;0;0;0;1;0;791974,7911;5831656,045;13,30772205;52,55648073
209657;11;Pankow;3500933.0;2021;3;5;4;3;5;3;2;1;1;0;0;0;0;0;802303,6383;5832631,631;13,46050641;52,55958984
209653;11;Lichtenberg;11300616.0;2021;1;16;6;3;1;5;2;1;1;0;0;0;0;1;802819,1604;5829686,554;13,46540278;52,5329073
209651;11;Marzahn-Hellersdorf;10200418.0;2021;1;19;4;3;5;3;2;1;1;0;0;0;0;1;811149,0515;5830928,109;13,58897617;52,53934242
209648;11;Tempelhof-Schoeneberg;7200411.0;2021;1;19;4;3;5;2;2;1;1;0;0;0;0;1;795953,7127;5824319,655;13,35971421;52,48856903
209647;11;Tempelhof-Schoeneberg;7601546.0;2021;3;7;4;3;5;3;0;1;1;0;0;0;0;0;798917,3931;5813343,962;13,39341777;52,38857064
209644;11;Tempelhof-Schoeneberg;7400823.0;2021;1;16;4;3;5;2;2;1;1;0;0;0;0;1;797341,8514;5821933,394;13,37797057;52,46642441
209641;11;Marzahn-Hellersdorf;10100313.0;2021;3;16;4;2;5;2;0;1;1;0;0;0;0;0;809479,5898;5831403,082;13,56488174;52,54454956
209638;11;Mitte;1400942.0;2021;1;12;6;3;5;3;0;1;1;0;0;0;0;1;795044,7149;5830699,563;13,35202367;52,54625218
209637;11;Neukoelln;8100417.0;2021;2;23;4;3;5;2;2;1;1;0;0;0;0;1;802576,7974;5823079,417;13,45583674;52,47382243
209635;11;Lichtenberg;11400927.0;2021;3;7;6;3;1;5;0;1;1;0;0;0;0;0;803731,268;5826831,31;13,4762013;52,50680913
209633;11;Treptow-Koepenick;9301227.0;2021;2;17;4;3;0;1;1;1;0;0;0;0;0;0;815363,8902;5814447,422;13,63534654;52,38924104
209627;11;Spandau;5100206.0;2021;1;8;6;3;5;3;1;1;1;0;0;0;0;1;781899,0854;5831952,879;13,1597533;52,56445165
209619;11;Charlottenburg-Wilmersdorf;4501045.0;2021;1;11;2;3;5;2;0;1;0;0;0;0;1;1;793913,8103;5825506,457;13,3308049;52,5003102
209617;11;Steglitz-Zehlendorf;6300525.0;2021;1;10;6;3;7;7;0;1;0;0;0;0;0;0;789131,7671;5815311,466;13,25172606;52,41146243
209613;11;Neukoelln;8200831.0;2021;2;14;2;3;5;3;0;1;1;0;0;0;0;0;799983,0875;5816612,685;13,41195835;52,41728803
209612;11;Spandau;5100313.0;2021;3;15;3;3;2;6;0;1;0;0;0;0;1;0;785399,9131;5830327,434;13,2098638;52,54805426
209609;11;Tempelhof-Schoeneberg;7100102.0;2021;2;14;6;3;1;5;0;1;1;0;0;0;0;0;794973,8209;5825107,048;13,34602164;52,49615782
209607;11;Charlottenburg-Wilmersdorf;4500939.0;2021;3;13;5;3;0;2;0;1;1;0;0;0;0;0;792028,8895;5824087,505;13,30187217;52,48860152
209604;11;Friedrichshain-Kreuzberg;2100105.0;2021;1;10;5;3;0;1;0;1;0;0;0;0;0;0;799322,2726;5825724,159;13,41043977;52,49932195
209599;11;Tempelhof-Schoeneberg;7601339.0;2021;3;14;6;3;1;7;0;1;1;0;0;0;0;0;795703,0615;5815372,17;13,34811285;52,40849669
209588;11;Mitte;1100308.0;2021;2;9;6;3;5;3;0;1;1;0;0;0;0;1;796646,7684;5829048,065;13,37410554;52,53057832
209584;11;Friedrichshain-Kreuzberg;2400521.0;2021;1;14;3;3;5;3;0;1;1;0;0;0;0;0;801250,9189;5827845,047;13,44068485;52,51727064
209580;11;Mitte;1300733.0;2021;2;9;5;3;5;2;0;1;1;0;0;0;0;1;797120,6405;5831804,709;13,38353622;52,55503029
209579;11;Steglitz-Zehlendorf;6400844.0;2021;3;10;7;2;0;7;0;1;1;0;0;0;0;0;791813,4028;5821400,172;13,29635601;52,46462501
209576;11;Friedrichshain-Kreuzberg;2400623.0;2021;3;15;6;3;5;3;0;1;1;0;0;0;0;1;801240,6865;5827686,87;13,4403913;52,51585852
209574;11;Friedrichshain-Kreuzberg;2300314.0;2021;3;18;7;3;1;5;2;1;1;0;0;0;0;0;799870,337;5825993,396;13,41873172;52,50143436
209573;11;Treptow-Koepenick;9401534.0;2021;2;8;7;3;0;1;0;1;0;0;0;0;0;0;811255,8046;5820225,535;13,58054827;52,44337138
209568;11;Charlottenburg-Wilmersdorf;4300416.0;2021;3;15;3;3;1;5;0;1;1;0;0;0;0;0;791930,5161;5826202,011;13,30228083;52,50761036
209565;11;Pankow;3601449.0;2021;2;11;5;3;5;3;0;1;1;0;0;0;0;0;802090,4336;5830587,185;13,45551096;52,54138397
209563;11;Friedrichshain-Kreuzberg;2300316.0;2021;3;13;4;3;5;7;0;1;1;0;0;0;0;0;800536,0949;5826318,97;13,42880402;52,50398633
209550;11;Pankow;3601449.0;2021;3;14;6;3;5;2;0;1;1;0;0;0;0;0;801903,8822;5830586,546;13,45276798;52,54148164
209541;11;Mitte;1100310.0;2021;2;10;4;2;1;5;0;1;0;0;0;0;1;0;798924,9066;5828542,692;13,40713512;52,52480391
209535;11;Charlottenburg-Wilmersdorf;4200207.0;2021;1;15;1;3;4;6;0;1;1;0;0;0;0;0;786790,6643;5825324,945;13,22600342;52,50247322
209527;11;Charlottenburg-Wilmersdorf;4501150.0;2021;3;9;4;3;1;5;0;1;1;0;0;0;0;0;793612,9088;5823693,797;13,32478747;52,48422246
209521;11;Friedrichshain-Kreuzberg;2200208.0;2021;3;17;4;3;5;2;0;1;1;0;0;0;0;0;797815,34;5824933,342;13,38759939;52,49305767
209510;11;Spandau;5200629.0;2021;1;11;3;3;5;2;0;1;0;0;0;0;1;1;784659,7556;5828460,075;13,19737786;52,53169883
209509;11;Marzahn-Hellersdorf;10100102.0;2021;1;19;3;2;0;1;2;1;0;0;0;0;0;2;809702,2846;5834119,263;13,57068933;52,56876409
209507;11;Charlottenburg-Wilmersdorf;4501153.0;2021;3;14;2;2;2;2;0;1;1;0;0;0;0;1;794199,2575;5823112,306;13,3328842;52,47869407
209503;11;Mitte;1200520.0;2021;1;22;3;3;0;1;2;1;0;0;0;0;0;1;794539,3991;5829205,079;13,34326853;52,53312863
209498;11;Mitte;1100310.0;2021;2;8;3;3;5;2;0;1;1;0;0;0;0;0;799110,5655;5828465,99;13,40979455;52,52401456
209494;11;Friedrichshain-Kreuzberg;2200213.0;2021;3;18;1;3;3;6;1;1;1;0;0;0;0;0;800053,9115;5824928,625;13,42046892;52,49178946
209492;11;Friedrichshain-Kreuzberg;2400521.0;2021;3;5;3;3;5;2;2;1;1;0;0;0;0;0;800939,3721;5828520,227;13,43671819;52,5234944
209491;11;Mitte;1200522.0;2021;1;17;6;2;5;2;2;1;1;0;0;0;0;1;793984,1336;5828213,923;13,33422966;52,52454328
209484;11;Pankow;3601142.0;2021;2;7;6;3;5;2;0;1;1;0;0;0;0;0;799178,6275;5831110,501;13,41317541;52,54768123
209482;11;Mitte;1100205.0;2021;1;18;2;3;6;7;2;1;0;1;0;0;0;0;797045,9985;5826572,611;13,37776313;52,5081712
209480;11;Mitte;1401049.0;2021;2;6;2;3;5;7;2;1;1;0;0;0;0;0;796350,1661;5831860,917;13,37225532;52,55595393
209478;11;Mitte;1401046.0;2021;1;15;4;3;6;4;0;1;0;1;0;0;0;0;794927,2694;5829890,183;13,34957816;52,53906031
209471;11;Mitte;1100311.0;2021;1;16;4;3;5;2;1;1;1;0;0;0;0;0;799581,6859;5828045,312;13,41633898;52,5199852
209464;11;Neukoelln;8100313.0;2021;1;19;6;3;1;5;2;1;0;0;0;0;1;0;801681,6764;5824557,986;13,44403587;52,48757021
209461;11;Lichtenberg;10100205.0;2021;2;14;5;3;5;3;0;1;1;0;0;0;0;0;807663,522;5833599,355;13,54022147;52,5652608
209456;11;Charlottenburg-Wilmersdorf;4501041.0;2021;3;11;2;3;5;7;0;1;0;0;0;0;1;0;793023,8889;5825754,985;13,31795116;52,50301677
209445;11;Mitte;1100206.0;2021;3;19;7;3;0;6;2;1;1;0;0;0;0;0;798214,9232;5827832,953;13,39606482;52,51883082
209443;11;Lichtenberg;11401137.0;2021;1;14;5;2;5;3;0;1;1;0;0;0;0;0;807019,2811;5825790,736;13,52353545;52,49564307
209442;11;Reinickendorf;12500825.0;2021;3;15;4;3;5;3;0;1;1;0;0;0;0;1;791419,1955;5834293,731;13,30186752;52,58042452
209431;11;Tempelhof-Schoeneberg;7100102.0;2021;1;8;3;3;5;2;0;1;1;0;0;0;0;1;795015,1511;5825657,233;13,34711602;52,50106751
209425;11;Neukoelln;8401246.0;2021;2;13;1;2;5;2;0;1;1;0;0;0;0;0;805810,7417;5816833,2;13,49758532;52,41603963
209423;11;Mitte;1100310.0;2021;1;8;5;3;5;3;1;1;1;0;0;0;0;1;799525,5107;5827559,66;13,4150763;52,51566293
209421;11;Mitte;1200623.0;2021;3;18;2;3;0;4;2;1;0;1;0;0;0;0;794989,1328;5828898,447;13,34960743;52,53013669
209419;11;Lichtenberg;11400931.0;2021;3;14;4;3;5;2;0;1;1;0;0;0;0;0;806444,6849;5826869,493;13,51609072;52,50563408
209418;11;Reinickendorf;12400721.0;2021;2;14;3;2;3;6;0;1;1;0;0;0;0;1;790545,9493;5840516,807;13,29448032;52,63668011
209416;11;Mitte;1100313.0;2021;1;16;4;3;6;4;1;1;0;1;0;0;0;1;799662,1615;5827043,883;13,41661961;52,51096473
209412;11;Spandau;5200528.0;2021;3;16;4;3;5;3;0;1;1;0;0;0;0;1;783659,7199;5825366,199;13,18003668;52,50447984
209411;11;Friedrichshain-Kreuzberg;2200207.0;2021;3;9;6;3;5;2;0;1;1;0;0;0;0;1;797090,6595;5824706,913;13,37675493;52,49142288
209405;11;Mitte;1100313.0;2021;2;11;3;3;5;2;0;1;0;0;0;0;1;0;799976,2915;5826925,317;13,42112764;52,50972932
209404;11;Friedrichshain-Kreuzberg;2500830.0;2021;1;0;1;3;0;1;2;1;0;0;0;0;0;1;802395,7084;5827438,729;13,45713535;52,51299529
209401;11;Spandau;5100103.0;2021;3;17;2;3;6;7;0;1;0;1;0;0;0;0;785634,2725;5832064,988;13,21480583;52,56350995
209399;11;Reinickendorf;12200412.0;2021;1;10;2;2;3;6;0;1;0;0;0;0;1;2;790939,2206;5833801,545;13,29437192;52,57626902
209396;11;Friedrichshain-Kreuzberg;2100102.0;2021;2;3;6;3;5;3;2;1;1;0;0;0;0;1;798330,424;5825545,883;13,39571225;52,49826705
209394;11;Charlottenburg-Wilmersdorf;4300412.0;2021;1;15;3;3;5;2;0;1;1;0;0;0;0;0;790889,1515;5827397,988;13,28802613;52,51888855
209390;11;Tempelhof-Schoeneberg;7601340.0;2021;3;8;4;3;5;2;0;1;1;0;0;0;0;0;796133,3132;5815933,395;13,35491602;52,41329517
209384;11;Pankow;3701555.0;2021;3;18;4;3;5;3;2;1;1;0;0;0;0;0;799533,4963;5830089,503;13,41747256;52,53833462
209382;11;Tempelhof-Schoeneberg;7200409.0;2021;2;12;7;3;1;5;0;1;1;0;0;0;0;1;795685,3775;5824073,732;13,35555558;52,48650992
209380;11;Tempelhof-Schoeneberg;7400928.0;2021;3;13;5;3;7;7;0;1;0;0;0;0;0;1;800202,7065;5821536,331;13,41960032;52,46130098
209377;11;Tempelhof-Schoeneberg;7501030.0;2021;1;22;4;3;1;5;2;1;1;0;0;0;0;0;797772,8985;5819924,579;13,38250542;52,44818277
209376;11;Lichtenberg;11100102.0;2021;3;7;5;3;5;2;0;1;1;0;0;0;0;0;808265,6068;5834028,399;13,54947476;52,56876523
209364;11;Treptow-Koepenick;9300920.0;2021;3;15;2;3;2;6;0;1;1;0;0;0;0;0;808521,7884;5817331,893;13,53778151;52,4189877
209362;11;Charlottenburg-Wilmersdorf;4500938.0;2021;3;19;4;3;5;5;2;1;1;0;0;0;0;0;791495,8461;5824900,426;13,29475513;52,49617419
209360;11;Mitte;1100207.0;2021;1;19;3;2;5;3;2;1;1;0;0;0;0;1;797983,8751;5826889,512;13,39182489;52,51050036
209358;11;Friedrichshain-Kreuzberg;2400521.0;2021;3;8;5;3;5;2;0;1;1;0;0;0;0;0;800682,8882;5828487,432;13,43291953;52,52334196
209353;11;Mitte;1100310.0;2021;3;7;3;3;2;2;0;1;1;0;0;0;0;0;798528,335;5828078,634;13,40089058;52,52086154
209351;11;Spandau;5100104.0;2021;2;21;3;3;0;7;2;1;0;0;0;0;0;1;785205,3093;5831802,689;13,20826918;52,56138311
209350;11;Mitte;1100308.0;2021;2;19;5;3;5;2;2;1;1;0;0;0;0;1;797542,6441;5828718,717;13,38697861;52,52713785
209347;11;Pankow;3100103.0;2021;1;14;5;3;5;7;0;1;1;0;0;0;0;0;804810,0787;5840646,304;13,50474158;52,63002257
209346;11;Lichtenberg;11400930.0;2021;3;16;6;3;5;2;1;1;1;0;0;0;0;0;806029,2174;5826603,799;13,50974437;52,50348603
209345;11;Pankow;3200308.0;2021;3;15;2;3;5;2;0;1;1;0;0;0;0;1;799696,0289;5837333,227;13,42640747;52,60317282