object_id;federal_state;district;lor_2021;year_accident;month_accident;hour_accident;weekday;accident_category;accident_type;accident_subtype;light_conditions;accident_involving_bicycle;accident_involving_passenger_car;accident_involving_pedestrian;accident_involving_motorcycle;accident_involving_truck;accident_involving_other;road_condition;coordinates_1a;coordinates_2a;coordinates_1b;coordinates_2b
209344;11;Friedrichshain-Kreuzberg;2100104.0;2021;2;15;1;3;5;3;0;1;1;0;0;0;0;0;799282,4992;5826219,381;13,41030067;52,50378271
209343;11;Friedrichshain-Kreuzberg;2500832.0;2021;1;17;6;3;6;4;2;1;0;1;0;0;0;0;803151,8596;5826876,085;13,46773135;52,50753269
209340;11;Steglitz-Zehlendorf;6200423.0;2021;2;14;6;3;3;6;0;1;1;0;0;0;0;0;794172,9268;5815151,764;13,3254894;52,40734512
209339;11;Mitte;1401043.0;2021;3;16;2;3;5;3;0;1;1;0;0;0;0;0;795846,415;5831130,538;13,36419575;52,54968068
209336;11;Treptow-Koepenick;9501838.0;2021;2;16;5;2;5;3;1;1;1;0;0;0;0;0;822194,1325;5819275,445;13,74001688;52,42852475
209333;11;Pankow;3601141.0;2021;1;5;6;3;3;2;2;1;0;0;0;0;1;0;799205,7243;5831774,45;13,4141721;52,5536176
209324;11;Lichtenberg;11300617.0;2021;2;17;3;3;5;3;2;1;1;0;0;0;0;1;802942,5965;5829203,477;13,46677677;52,52850899
209323;11;Friedrichshain-Kreuzberg;2400521.0;2021;1;9;3;3;6;4;0;1;0;1;0;0;0;0;800826,1309;5828073,287;13,43464991;52,51955088
209319;11;Mitte;1300834.0;2021;3;14;4;3;5;2;0;1;0;0;0;0;1;1;797832,6121;5830457,566;13,39279849;52,54256607
209318;11;Treptow-Koepenick;9301025.0;2021;3;17;5;3;1;1;0;1;1;0;0;0;0;1;810725,6271;5815558,791;13,56843887;52,40185096
209314;11;Mitte;1100308.0;2021;1;15;5;3;1;5;0;1;0;0;0;0;1;1;796506,0983;5829236,046;13,37220557;52,53233991
209311;11;Mitte;1300732.0;2021;2;17;4;3;0;7;0;1;0;1;0;0;0;0;797213,7475;5832052,082;13,38512699;52,55719688
209307;11;Mitte;1100312.0;2021;2;13;2;3;5;3;0;1;1;0;0;0;0;0;799457,4638;5827067,389;13,41363352;52,51128783
209305;11;Spandau;5300841.0;2021;3;16;6;3;6;4;0;1;0;1;0;0;0;0;789396,6938;5829303,71;13,26775092;52,53676783
209301;11;Mitte;1100207.0;2021;2;10;5;2;5;3;0;1;1;0;0;0;0;1;798022,5414;5826590,177;13,39212494;52,50779607
209300;11;Charlottenburg-Wilmersdorf;4300624.0;2021;2;18;5;3;5;3;2;1;1;0;0;0;0;1;793280,8442;5826149,486;13,32207343;52,50641525
209298;11;Lichtenberg;10100205.0;2021;2;15;4;3;5;3;0;1;0;0;0;0;1;0;807359,3683;5833144,43;13,53532694;52,56135559
209297;11;Pankow;3601244.0;2021;1;10;7;3;5;3;0;1;0;0;0;0;1;1;800217,1095;5831589,858;13,42887775;52,55140653
209291;11;Charlottenburg-Wilmersdorf;4200311.0;2021;1;15;2;3;5;2;0;1;1;0;0;0;0;1;790166,9872;5825424,324;13,27569218;52,50157915
209284;11;Neukoelln;8100209.0;2021;3;16;4;3;5;2;0;1;1;0;0;0;0;0;801810,2526;5821967,604;13,44357959;52,46428113
209283;11;Neukoelln;8200833.0;2021;1;13;2;3;1;5;0;1;1;0;0;0;0;1;802372,9878;5817403,923;13,44770798;52,42306505
209274;11;Lichtenberg;11300722.0;2021;1;7;5;3;5;3;2;1;1;0;0;0;0;1;804309,4241;5828168,384;13,48591607;52,51847064
209264;11;Tempelhof-Schoeneberg;7601340.0;2021;3;14;3;3;5;2;0;1;1;0;0;0;0;0;796460,3402;5815899,352;13,35968001;52,41281298
209261;11;Mitte;1100309.0;2021;3;19;6;3;1;5;2;1;1;0;0;0;0;0;798202,5891;5828999,499;13,39692959;52,52929411
209259;11;Treptow-Koepenick;9501939.0;2021;2;8;6;3;1;5;1;1;1;0;0;0;0;1;810696,8163;5821848,968;13,57386055;52,45823785
209255;11;Pankow;3701660.0;2021;2;12;6;3;5;2;0;1;0;0;0;0;1;0;800746,4297;5829153,61;13,43445577;52,52927801
209243;11;Steglitz-Zehlendorf;6100204.0;2021;2;19;6;3;5;3;2;1;1;0;0;0;0;2;795396,574;5820130,494;13,34782349;52,4513178
209240;11;Treptow-Koepenick;9200510.0;2021;2;16;3;3;5;3;0;1;1;0;0;0;0;0;806411,1472;5822970,435;13,51201345;52,47070838
209234;11;Charlottenburg-Wilmersdorf;4400834.0;2021;1;10;2;3;5;3;0;1;1;0;0;0;0;1;792746,9398;5823119,583;13,31156721;52,47953977
209197;11;Friedrichshain-Kreuzberg;2500726.0;2021;1;19;7;2;5;3;2;1;0;0;0;0;1;0;801972,1869;5828241,904;13,45164233;52,52042879
209111;11;Mitte;1100310.0;2021;1;17;6;3;0;1;2;1;0;0;0;0;0;1;799634,0555;5828547,551;13,41756095;52,5244582
208783;11;Mitte;1200522.0;2021;1;11;2;3;5;7;0;1;1;0;0;0;0;1;793822,7262;5828155,65;13,33180593;52,5241079
208623;11;Charlottenburg-Wilmersdorf;4501043.0;2021;1;13;7;3;2;2;0;1;1;0;0;0;0;0;792329,2377;5825256,603;13,30730887;52,4989215
208581;11;Lichtenberg;11200411.0;2021;1;12;6;3;0;1;0;1;0;0;0;0;0;1;805048,1006;5831501,247;13,4998273;52,5479285
208496;11;Treptow-Koepenick;9200717.0;2021;1;10;7;3;0;1;0;1;0;0;0;0;0;1;809148,4988;5819519,491;13,54898983;52,43823926
208376;11;Friedrichshain-Kreuzberg;2500727.0;2021;1;19;2;3;5;2;2;1;1;0;0;0;0;1;802638,4829;5827920,207;13,46113983;52,51717609
208271;11;Friedrichshain-Kreuzberg;2200210.0;2021;1;20;1;3;5;2;2;1;1;0;0;0;0;1;798311,4541;5825329,351;13,39523971;52,49633648
115644;11;Reinickendorf;12400723.0;2021;6;17;4;2;5;2;1;1;1;0;0;0;0;0;791883,4019;5839013,549;13,31286042;52,6224869
115636;11;Charlottenburg-Wilmersdorf;4300414.0;2021;10;10;3;3;2;2;0;1;1;0;0;0;0;1;791845,7789;5826592,029;13,30137783;52,51115215
115621;11;Reinickendorf;12400721.0;2021;9;14;1;3;1;5;0;1;1;0;0;0;0;0;791015,6182;5841218,821;13,30201962;52,64272191
115619;11;Treptow-Koepenick;9100202.0;2021;3;21;1;3;5;5;2;1;1;0;0;0;0;1;802930,858;5824726,478;13,46253005;52,48838873
115614;11;Treptow-Koepenick;9100305.0;2021;9;10;3;2;0;1;0;1;0;0;0;0;0;0;804509,4389;5823189,906;13,48430389;52,47373877
115607;11;Tempelhof-Schoeneberg;7400824.0;2021;10;17;7;3;1;5;0;1;1;0;0;0;0;0;797834,9232;5822252,26;13,38549196;52,46901413
115595;11;Tempelhof-Schoeneberg;7601442.0;2021;5;6;4;3;5;7;0;1;1;0;0;0;0;0;799683,6742;5815208,742;13,40631217;52,40486749
115587;11;Mitte;1100311.0;2021;7;8;3;3;0;7;0;1;0;0;0;0;0;0;800072,1154;5828070,788;13,42356832;52,5199439
115585;11;Reinickendorf;12400723.0;2021;10;16;2;3;5;2;0;1;1;0;0;0;0;0;791888,6087;5838992,367;13,31291842;52,62229421
115580;11;Charlottenburg-Wilmersdorf;4200310.0;2021;4;14;4;3;0;1;0;1;0;0;0;0;0;0;789832,9371;5826243,802;13,27149815;52,50910347
115568;11;Steglitz-Zehlendorf;6300526.0;2021;6;10;2;3;5;2;0;1;1;0;0;0;0;0;789579,6468;5817961,003;13,26058598;52,43498
115559;11;Reinickendorf;12100204.0;2021;7;14;5;3;1;5;0;1;1;0;0;0;0;0;795759,3724;5832649,126;13,3642689;52,56334061
115538;11;Mitte;1100311.0;2021;2;16;1;3;5;2;0;1;0;0;0;0;0;0;800165,8512;5828031,697;13,4249104;52,51954193
115533;11;Treptow-Koepenick;9100202.0;2021;9;17;6;3;2;3;0;1;0;0;0;0;1;0;803092,5922;5824569,821;13,46476227;52,48689486
115532;11;Pankow;3400721.0;2021;11;13;2;3;5;2;0;1;1;0;0;0;0;1;798082,9611;5833574,57;13,39927825;52,57036878
115531;11;Marzahn-Hellersdorf;10400940.0;2021;8;14;7;2;0;7;0;1;0;0;0;0;0;0;812196,1132;5827147,555;13,60081637;52,50486553
115523;11;Friedrichshain-Kreuzberg;2500727.0;2021;5;12;2;3;0;6;0;1;0;0;0;0;0;0;802146,2533;5827747,788;13,45375122;52,51590362
115507;11;Treptow-Koepenick;9100101.0;2021;3;10;6;3;5;2;0;1;0;0;0;0;1;1;802709,6029;5825270,788;13,4597759;52,49339007
115500;11;Marzahn-Hellersdorf;10100311.0;2021;11;13;2;3;6;7;0;1;0;1;0;0;0;0;808048,9874;5827445,904;13,54018635;52,50989646
115499;11;Charlottenburg-Wilmersdorf;4300414.0;2021;8;8;3;3;0;2;0;1;1;0;0;0;0;1;791564,8657;5826544,665;13,29720875;52,51087776
115492;11;Mitte;1300836.0;2021;10;8;4;3;5;2;0;1;1;0;0;0;0;1;796319,2263;5830073,464;13,3702054;52,53994813
115478;11;Tempelhof-Schoeneberg;7200410.0;2021;8;11;5;3;3;6;0;1;0;0;0;1;1;0;795560,3455;5823888,428;13,35355527;52,48491652
115470;11;Lichtenberg;11300722.0;2021;7;15;3;3;2;6;0;1;1;0;0;0;0;0;803778,7922;5827580,785;13,47758338;52,5135
115467;11;Pankow;3601449.0;2021;11;19;1;3;1;5;2;1;1;0;0;0;0;1;801011,3286;5830594,723;13,43965417;52,54204871
115458;11;Mitte;1100310.0;2021;12;19;3;3;3;2;2;1;1;0;0;0;0;0;799571,012;5828269,929;13,41638443;52,5220044
115453;11;Treptow-Koepenick;9100305.0;2021;2;20;2;3;5;3;2;1;1;0;0;0;0;0;805147,852;5822568,757;13,49310587;52,46781541
115450;11;Pankow;3601452.0;2021;6;18;3;3;5;2;0;1;1;0;0;0;0;0;801433,9662;5829173,243;13,44457808;52,52907426
115434;11;Charlottenburg-Wilmersdorf;4200310.0;2021;8;17;5;3;5;3;0;1;1;0;0;0;0;0;790254,6687;5826331,512;13,27777122;52,50966557
115427;11;Charlottenburg-Wilmersdorf;4300621.0;2021;7;20;3;2;0;2;1;1;0;0;0;0;0;0;792384,0242;5826703,703;13,30938453;52,51186504
115424;11;Pankow;3601451.0;2021;11;5;3;3;5;3;2;1;1;0;0;0;0;1;801005,9477;5829623,609;13,43869542;52,53334746
115417;11;Charlottenburg-Wilmersdorf;4300414.0;2021;3;16;3;3;5;2;0;1;1;0;0;0;0;0;791855,8875;5826593,765;13,30152788;52,5111623
115404;11;Pankow;3601139.0;2021;8;19;1;3;0;1;0;1;0;0;0;0;0;0;799225,8742;5832014,452;13,41468474;52,55575777
115400;11;Pankow;3601142.0;2021;7;2;4;3;2;6;2;1;0;0;0;0;0;1;799163,0268;5830607,422;13,41249291;52,54318047
115387;11;Pankow;3400620.0;2021;6;9;4;3;6;4;0;1;0;1;0;0;0;0;798013,3179;5833719,831;13,39838424;52,57170897
115382;11;Pankow;3601451.0;2021;9;12;5;3;5;2;0;1;1;0;0;0;0;0;800767,345;5829819,755;13,4353659;52,53523727
115376;11;Friedrichshain-Kreuzberg;2200208.0;2021;6;9;3;2;5;2;0;1;0;0;0;1;0;0;797897,8275;5825434,918;13,3892593;52,49750869
115373;11;Mitte;1100310.0;2021;10;14;1;3;0;2;0;1;1;0;0;0;0;0;799792,4349;5828612,935;13,41994737;52,5249572
115367;11;Charlottenburg-Wilmersdorf;4200206.0;2021;7;12;7;3;1;5;0;1;1;0;0;0;0;0;787877,4353;5825954,276;13,24251411;52,50754321
115365;11;Marzahn-Hellersdorf;10300733.0;2021;12;18;2;3;5;3;2;1;1;0;0;0;0;0;809660,1683;5827317,94;13,5637321;52,50783755
115361;11;Pankow;3601348.0;2021;2;14;3;3;0;2;0;1;0;0;0;0;1;1;799688,867;5830258,074;13,41990858;52,53976017
115353;11;Pankow;3200205.0;2021;5;13;2;2;5;2;0;1;0;0;0;1;0;0;798116,7335;5835781,042;13,40175954;52,59012808
115341;11;Pankow;3501037.0;2021;11;7;3;2;0;1;0;1;0;0;0;0;0;1;802770,575;5832785,415;13,46751364;52,56070876
115340;11;Friedrichshain-Kreuzberg;2200208.0;2021;8;12;5;3;5;2;0;1;1;0;0;0;0;0;797898,3349;5825432,554;13,38926464;52,49748722
115334;11;Steglitz-Zehlendorf;6300526.0;2021;3;14;2;3;5;2;0;1;1;0;0;0;0;1;789579,0102;5817961,181;13,26057679;52,43498193
115320;11;Steglitz-Zehlendorf;6300527.0;2021;5;7;4;3;1;1;0;1;1;0;0;0;0;0;790364,8435;5818432,059;13,27251295;52,43878689
115319;11;Friedrichshain-Kreuzberg;2500729.0;2021;8;14;2;3;6;4;0;1;0;1;0;0;0;0;803474,3464;5827595,52;13,47312427;52,51380154
115308;11;Friedrichshain-Kreuzberg;2200208.0;2021;5;8;2;3;5;2;0;1;1;0;0;0;0;0;797898,3349;5825432,554;13,38926464;52,49748722
115299;11;Reinickendorf;12100101.0;2021;7;15;2;3;5;2;0;1;1;0;0;0;0;0;795828,3672;5832341,796;13,36500979;52,56054822
115294;11;Pankow;3601245.0;2021;8;18;3;3;0;7;0;1;0;0;0;0;0;0;800203,3069;5831120,398;13,42825039;52,54720625
115291;11;Tempelhof-Schoeneberg;7501133.0;2021;3;8;4;3;5;2;0;1;1;0;0;0;0;0;798225,9006;5818769,853;13,38812075;52,43758502
115286;11;Lichtenberg;11300722.0;2021;9;12;3;3;2;2;0;1;1;0;0;0;0;0;804235,9806;5827518,658;13,48424296;52,51268837
115278;11;Charlottenburg-Wilmersdorf;4200206.0;2021;10;9;5;2;9;1;0;1;0;0;0;0;0;0;786462,0022;5825927,433;13,22169313;52,50804763
115277;11;Pankow;3601141.0;2021;11;17;5;3;5;2;1;1;1;0;0;0;0;0;799220,7687;5831454,912;13,41410536;52,55074519
115269;11;Tempelhof-Schoeneberg;7400824.0;2021;6;18;1;3;6;7;0;1;0;1;0;0;0;0;797844,4407;5822094,773;13,38549107;52,46759725
115265;11;Pankow;3300517.0;2021;5;8;6;3;5;2;0;1;1;0;0;0;0;1;803324,592;5833647,293;13,47644925;52,56812514
115263;11;Pankow;3500936.0;2021;8;17;6;3;2;6;0;1;1;0;0;0;0;0;801829,8011;5831386,955;13,45240627;52,54869672
115254;11;Marzahn-Hellersdorf;10100210.0;2021;9;20;4;3;3;6;2;1;1;0;0;0;0;0;808274,3962;5831917,631;13,54764348;52,54984405
115253;11;Mitte;1400940.0;2021;11;8;2;3;5;3;0;1;1;0;0;0;0;1;795877,854;5832063,731;13,36548977;52,55802876
115252;11;Steglitz-Zehlendorf;6300527.0;2021;9;13;4;3;5;2;0;1;1;0;0;0;0;0;790291,8532;5818366,836;13,27138554;52,43824089
115247;11;Pankow;3300517.0;2021;10;9;5;3;5;3;0;1;1;0;0;0;0;1;803319,1692;5833642,56;13,47636516;52,56808575
115244;11;Charlottenburg-Wilmersdorf;4300414.0;2021;8;19;3;3;5;2;1;1;1;0;0;0;0;0;791024,9822;5826458,032;13,28920021;52,51038941
115240;11;Friedrichshain-Kreuzberg;2500834.0;2021;7;18;3;3;5;2;0;1;1;0;0;0;0;0;802035,0297;5827023,689;13,45145995;52,5094751
115228;11;Friedrichshain-Kreuzberg;2200209.0;2021;6;10;4;3;2;4;0;1;0;1;0;0;0;0;797772,573;5824636,396;13,38670595;52,49041922
115224;11;Charlottenburg-Wilmersdorf;4300414.0;2021;8;15;7;3;5;2;0;1;0;0;0;0;0;0;791846,8636;5826592,214;13,30139393;52,51115322
115222;11;Friedrichshain-Kreuzberg;2500834.0;2021;9;17;7;3;2;6;1;1;1;0;0;0;0;1;802046,3726;5827074,679;13,45167285;52,50992585
115217;11;Mitte;1400940.0;2021;6;8;2;3;0;3;0;1;1;0;0;0;0;0;795861,8024;5832068,738;13,36525815;52,55808236
115215;11;Pankow;3601139.0;2021;9;14;6;3;5;3;0;1;1;0;0;0;0;0;799237,0931;5831941,483;13,41478395;52,55509756
115213;11;Marzahn-Hellersdorf;10300733.0;2021;8;10;5;2;5;2;0;1;0;0;0;0;1;0;809659,5512;5827336,026;13,56373986;52,50799999
115203;11;Friedrichshain-Kreuzberg;2500834.0;2021;1;15;3;3;0;2;0;1;1;0;0;0;0;1;802032,4311;5827012,007;13,45141118;52,50937184
115195;11;Treptow-Koepenick;9100203.0;2021;5;18;1;3;5;3;0;1;1;0;0;0;0;1;804106,561;5824366,79;13,47946399;52,48451132
115183;11;Charlottenburg-Wilmersdorf;4200311.0;2021;8;8;2;2;0;1;0;1;0;0;0;0;0;1;790372,6662;5826351,084;13,27952208;52,50977824
115180;11;Reinickendorf;12601032.0;2021;4;10;3;3;5;3;0;1;1;0;0;0;0;0;792823,1985;5837273,103;13,32516318;52,60637917
115176;11;Marzahn-Hellersdorf;10300734.0;2021;10;18;4;2;6;4;2;1;0;1;0;0;0;0;810356,2826;5827082,433;13,57373633;52,50533152
115175;11;Marzahn-Hellersdorf;10100312.0;2021;12;15;5;3;2;3;0;1;1;0;0;0;0;1;807669,372;5830002,109;13,53697481;52,53301934
115174;11;Mitte;1100102.0;2021;9;21;2;3;1;5;2;1;1;0;0;0;0;0;794879,6465;5827128,431;13,34642881;52,51432903
115168;11;Reinickendorf;12100101.0;2021;6;23;4;2;1;5;2;1;1;0;0;0;0;0;795814,4755;5832332,835;13,36479748;52,56047544
115158;11;Mitte;1401049.0;2021;7;23;2;3;1;5;2;1;1;0;0;0;0;0;795998,0715;5831452,431;13,36671282;52,55248375
115155;11;Steglitz-Zehlendorf;6300527.0;2021;7;22;6;3;5;2;2;1;0;0;0;0;1;1;790294,1564;5818368,259;13,27142056;52,43825242
115150;11;Friedrichshain-Kreuzberg;2500727.0;2021;9;22;5;3;6;6;2;1;0;1;0;0;0;0;802593,9702;5827685,465;13,46027235;52,51509681
115139;11;Tempelhof-Schoeneberg;7501133.0;2021;6;14;7;2;5;7;0;1;0;0;0;1;0;0;798485,7567;5818110,52;13,39134344;52,43153309
115132;11;Charlottenburg-Wilmersdorf;4300621.0;2021;2;9;3;3;5;2;0;1;1;0;0;0;0;0;792741,5603;5826763,859;13,31469086;52,51221254
115126;11;Pankow;3500934.0;2021;8;8;4;3;3;6;0;1;1;0;0;0;0;0;800269,1376;5831825,268;13,42985568;52,55348789
115119;11;Friedrichshain-Kreuzberg;2500726.0;2021;4;18;6;3;0;1;1;1;0;0;0;0;0;0;801992,3152;5828182,942;13,45188456;52,51988917
115109;11;Tempelhof-Schoeneberg;7200410.0;2021;12;19;2;3;1;5;2;1;1;0;0;0;0;0;795692,7732;5823984,024;13,35558459;52,48570176
115107;11;Charlottenburg-Wilmersdorf;4300621.0;2021;8;10;2;3;3;6;0;1;1;0;0;0;0;0;792129,4758;5826661,052;13,30560687;52,51161906
115105;11;Mitte;1100206.0;2021;9;7;3;3;0;6;0;1;0;0;0;0;1;0;798122,6946;5827657,924;13,39455275;52,51731234
115097;11;Mitte;1100310.0;2021;11;9;5;3;3;6;0;1;0;0;0;0;0;0;799669,4469;5828467,39;13,41800882;52,52372024
115087;11;Lichtenberg;11300722.0;2021;1;16;6;3;5;2;2;1;1;0;0;0;0;1;804249,7475;5827531,799;13,48445721;52,51279847
115078;11;Tempelhof-Schoeneberg;7200308.0;2021;8;15;6;3;5;2;0;1;1;0;0;0;0;0;795230,7697;5823535,285;13,34840312;52,48192914
115069;11;Mitte;1100310.0;2021;10;15;3;3;0;2;0;1;1;0;0;0;0;1;799261,8696;5827859,517;13,4114724;52,51849542
115058;11;Friedrichshain-Kreuzberg;2500728.0;2021;9;16;1;3;2;2;0;1;1;0;0;0;0;0;802797,1233;5827665,093;13,46323845;52,51480148
115047;11;Charlottenburg-Wilmersdorf;4300414.0;2021;8;10;4;3;5;2;0;1;1;0;0;0;0;0;791024,4361;5826476,598;13,28920842;52,51055614
115034;11;Tempelhof-Schoeneberg;7501030.0;2021;5;14;2;2;5;3;0;1;0;0;0;0;1;0;797899,1737;5820343,248;13,38473138;52,4518669
115001;11;Friedrichshain-Kreuzberg;2500726.0;2021;8;9;2;3;5;2;0;1;0;0;0;1;0;0;801681,565;5828880,61;13,44795141;52,52631441
114995;11;Friedrichshain-Kreuzberg;2500726.0;2021;7;0;4;3;5;3;2;1;1;0;0;0;0;1;801653,5942;5828873,615;13,44753401;52,52626719
114983;11;Treptow-Koepenick;9100101.0;2021;7;4;1;3;0;1;2;1;0;0;0;0;0;0;802696,6918;5825221,445;13,45954148;52,49295497
114981;11;Friedrichshain-Kreuzberg;2500727.0;2021;10;19;2;3;5;2;2;1;1;0;0;0;0;0;802580,8809;5827686,778;13,46008124;52,51511584
114979;11;Pankow;3601348.0;2021;8;8;4;3;5;2;0;1;1;0;0;0;0;0;799716,9672;5830274,487;13,42033647;52,53989183
114974;11;Mitte;1300836.0;2021;3;13;3;3;5;2;0;1;1;0;0;0;0;0;796195,046;5830185,826;13,36847991;52,54102285
114969;11;Mitte;2400520.0;2021;9;23;6;3;6;4;2;1;0;1;0;0;0;0;799817,952;5828653,437;13,42035887;52,52530621
114961;11;Treptow-Koepenick;9200613.0;2021;12;16;4;3;5;2;2;1;1;0;0;0;0;0;806133,5022;5821620,399;13,50670041;52,45876445
114953;11;Tempelhof-Schoeneberg;7501133.0;2021;6;16;6;3;2;6;0;1;1;0;0;0;0;0;798418,0958;5818273,75;13,39049686;52,43303317
114949;11;Friedrichshain-Kreuzberg;2400625.0;2021;5;19;3;3;3;6;0;1;0;0;0;0;0;0;801857,3072;5826475,209;13,44835189;52,50465741
114948;11;Marzahn-Hellersdorf;10400837.0;2021;8;8;5;3;5;2;0;1;1;0;0;0;0;0;811528,2057;5827129,827;13,59099124;52,5050884
114944;11;Mitte;1100310.0;2021;3;7;5;3;5;2;0;1;1;0;0;0;0;0;798784,9028;5828000,693;13,40459074;52,5200224
114939;11;Tempelhof-Schoeneberg;7400721.0;2021;9;22;1;3;5;2;2;1;1;0;0;0;0;0;797777,9082;5823495,986;13,3857655;52,48019384
114938;11;Pankow;3701657.0;2021;11;17;5;3;5;2;2;1;1;0;0;0;0;1;799970,6949;5830201,965;13,42400095;52,53910218
114934;11;Pankow;3601142.0;2021;4;8;2;2;6;6;0;1;0;1;0;0;0;0;799165,39;5830944,002;13,4128308;52,54619609
114923;11;Mitte;1100104.0;2021;6;12;5;3;6;6;0;1;1;1;0;0;0;0;796127,7943;5825661,918;13,36346368;52,50050685
114918;11;Friedrichshain-Kreuzberg;2500830.0;2021;8;2;5;3;3;6;2;1;1;0;0;0;0;0;802175,6896;5827702,99;13,45414302;52,51548579
114908;11;Marzahn-Hellersdorf;10400940.0;2021;11;6;3;3;5;2;1;1;1;0;0;0;0;0;813050,679;5827205,425;13,61342017;52,5048945
114900;11;Marzahn-Hellersdorf;10400941.0;2021;3;10;3;3;5;3;0;1;1;0;0;0;0;0;813262,0864;5827202,511;13,61652196;52,50474706
114899;11;Friedrichshain-Kreuzberg;2500727.0;2021;10;17;2;3;5;2;1;1;1;0;0;0;0;0;802576,9516;5827687,172;13,46002388;52,51512156
114897;11;Pankow;3601141.0;2021;9;15;5;3;5;3;0;1;0;0;0;0;1;0;799229,2086;5831614,666;13,41437344;52,55217249
114887;11;Marzahn-Hellersdorf;10400837.0;2021;5;8;5;3;5;3;0;1;0;0;0;0;1;0;811084,3173;5827097,28;13,58444201;52,50504998
114886;11;Mitte;1300836.0;2021;8;10;3;3;0;2;0;1;0;0;0;1;0;0;796286,0491;5830278,212;13,36990023;52,54180152
114871;11;Friedrichshain-Kreuzberg;2500727.0;2021;6;9;2;3;5;2;0;1;1;0;0;0;0;0;802387,7966;5827706,31;13,45726227;52,51539799
114868;11;Treptow-Koepenick;9100101.0;2021;5;11;6;3;5;3;0;1;1;0;0;0;0;1;802772,724;5825329,042;13,46075573;52,49387719
114866;11;Mitte;1100206.0;2021;9;6;3;3;6;4;0;1;0;1;0;0;0;0;798305,4845;5827700,1;13,39727641;52,51759045
114857;11;Pankow;3500934.0;2021;9;9;3;3;2;2;0;1;1;0;0;0;0;0;800250,5445;5831907,336;13,42965649;52,55423373
114848;11;Steglitz-Zehlendorf;6300629.0;2021;12;17;2;3;6;4;1;1;0;1;0;0;0;1;792421,0573;5819725,655;13,30380847;52,4492883
114829;11;Mitte;1100310.0;2021;4;14;4;3;0;3;0;1;0;0;0;0;1;0;798818,3293;5828032,37;13,40511038;52,52028802
114813;11;Friedrichshain-Kreuzberg;2100101.0;2021;6;14;7;3;6;4;0;1;0;1;0;0;0;0;797787,4748;5825526,523;13,38772043;52,49839005
114803;11;Steglitz-Zehlendorf;6300526.0;2021;10;15;5;3;2;2;0;1;1;0;0;0;0;1;789557,7507;5817980,864;13,26028199;52,43516965
114790;11;Friedrichshain-Kreuzberg;2500728.0;2021;5;14;6;3;5;2;0;1;1;0;0;0;0;0;803085,262;5827634,511;13,46744374;52,51436734
114789;11;Treptow-Koepenick;9100202.0;2021;8;17;6;3;6;7;0;1;0;1;0;0;0;0;802824,4645;5824831,924;13,46106373;52,48939286
114783;11;Friedrichshain-Kreuzberg;2400625.0;2021;7;20;6;3;2;6;0;1;0;0;0;0;0;0;801873,2655;5826523,108;13,44862972;52,5050779
114761;11;Tempelhof-Schoeneberg;7501030.0;2021;5;18;3;3;2;2;0;1;1;0;0;0;0;1;798038,6941;5819475,769;13,38600448;52,44401485
114760;11;Charlottenburg-Wilmersdorf;4300414.0;2021;8;9;4;3;5;2;0;1;1;0;0;0;0;0;791564,8657;5826544,665;13,29720875;52,51087776
114756;11;Pankow;3601142.0;2021;7;21;5;3;0;1;1;1;0;0;0;0;0;0;799188,471;5831261,268;13,41345597;52,54902721
114750;11;Friedrichshain-Kreuzberg;2100101.0;2021;10;17;6;3;5;2;0;1;0;0;0;0;1;0;797031,8648;5825874,481;13,37693265;52,50192091
114749;11;Pankow;3601347.0;2021;6;23;7;3;5;2;2;1;1;0;0;0;0;0;799299,78;5830335,843;13,41425877;52,54067109
114748;11;Treptow-Koepenick;9100101.0;2021;11;21;2;3;5;3;2;1;1;0;0;0;0;0;802589,9781;5825080,892;13,45784682;52,49175437
114741;11;Tempelhof-Schoeneberg;7501133.0;2021;3;18;3;3;0;2;0;1;1;0;0;0;0;0;797575,5266;5818415,817;13,3782663;52,43476567
114735;11;Steglitz-Zehlendorf;6100101.0;2021;3;8;3;3;5;3;0;1;1;0;0;0;0;0;793110,7444;5820191,153;13,3143365;52,45309204
114719;11;Pankow;3601142.0;2021;4;15;6;3;5;3;0;1;1;0;0;0;0;0;799165,6751;5830374,118;13,41232175;52,5410878
114713;11;Pankow;3601141.0;2021;4;18;6;2;3;6;0;1;0;0;0;0;0;0;799215,4479;5831748,757;13,41429194;52,55338197
114707;11;Lichtenberg;11300724.0;2021;8;14;3;3;5;2;0;1;1;0;0;0;0;0;804514,2218;5827504,755;13,48831766;52,51240851
114705;11;Tempelhof-Schoeneberg;7200410.0;2021;9;15;7;3;1;5;0;1;1;0;0;0;1;0;795328,4526;5823630,714;13,34992191;52,48273177