object_id;federal_state;district;lor_2021;year_accident;month_accident;hour_accident;weekday;accident_category;accident_type;accident_subtype;light_conditions;accident_involving_bicycle;accident_involving_passenger_car;accident_involving_pedestrian;accident_involving_motorcycle;accident_involving_truck;accident_involving_other;road_condition;coordinates_1a;coordinates_2a;coordinates_1b;coordinates_2b
114700;11;Pankow;3601142.0;2021;7;14;6;3;1;5;0;1;1;0;0;0;0;0;799184,5342;5830908,997;13,41308074;52,54587181
114697;11;Pankow;3601452.0;2021;11;23;3;3;5;3;2;1;1;0;0;0;0;1;801284,4452;5829412,978;13,44259788;52,53130568
114696;11;Friedrichshain-Kreuzberg;2200208.0;2021;8;18;6;3;5;2;0;1;1;0;0;0;0;0;797878,2611;5825435,087;13,38897208;52,49752088
114682;11;Tempelhof-Schoeneberg;7601544.0;2021;6;11;6;3;5;3;0;1;1;0;0;0;0;0;799808,518;5813822,952;13,40690177;52,39237729
114678;11;Spandau;5400943.0;2021;5;7;6;2;5;2;0;1;1;0;0;0;0;0;780162,797;5822269,082;13,1260475;52,47851538
114677;11;Friedrichshain-Kreuzberg;2500727.0;2021;8;16;4;3;5;2;0;1;1;0;0;0;0;0;802581,5528;5827686,71;13,46009105;52,51511486
114670;11;Friedrichshain-Kreuzberg;2500833.0;2021;7;10;6;3;3;6;0;1;0;0;0;0;1;0;802073,2724;5827199,758;13,45218153;52,51103204
114667;11;Pankow;3500936.0;2021;11;12;7;3;1;5;0;1;1;0;0;0;0;0;802076,5619;5831490,923;13,45612894;52,5494918
114645;11;Pankow;3601141.0;2021;8;8;2;3;5;2;0;1;1;0;0;0;0;0;799196,0062;5831430,226;13,413719;52,55053751
114636;11;Marzahn-Hellersdorf;10400941.0;2021;10;21;1;3;5;3;2;1;1;0;0;0;0;0;813261,6996;5827202,528;13,61651629;52,50474743
114623;11;Friedrichshain-Kreuzberg;2500726.0;2021;7;7;3;3;5;2;0;1;0;0;0;0;1;0;801681,565;5828880,61;13,44795141;52,52631441
114616;11;Tempelhof-Schoeneberg;7501133.0;2021;4;16;6;3;5;2;0;1;1;0;0;0;0;0;798429,7185;5818245,503;13,39064211;52,43277363
114612;11;Mitte;1300836.0;2021;10;8;4;3;0;2;0;1;1;0;0;0;0;1;796214,5447;5830190,187;13,36877047;52,54105135
114598;11;Friedrichshain-Kreuzberg;2500727.0;2021;8;23;4;2;5;2;2;1;1;0;0;0;0;0;802144,9397;5827752,819;13,45373649;52,51594944
114588;11;Reinickendorf;12100204.0;2021;10;17;2;2;5;3;1;1;1;0;0;0;0;0;795752,3034;5832687,459;13,36419909;52,56368807
114577;11;Lichtenberg;11100101.0;2021;10;7;6;3;4;6;0;1;0;0;0;0;0;0;803733,6402;5834633,501;13,48336913;52,57673602
114575;11;Charlottenburg-Wilmersdorf;4200206.0;2021;12;9;4;2;5;2;0;1;1;0;0;0;0;0;788359,2322;5826032,314;13,24966086;52,5079884
114574;11;Mitte;1100207.0;2021;8;11;1;2;0;1;0;1;0;0;0;0;0;0;798712,9066;5827082,899;13,40270884;52,51183509
114568;11;Pankow;3400723.0;2021;6;11;3;2;0;1;0;1;0;0;0;0;0;0;798358,865;5833479,847;13,40325192;52,56936857
114565;11;Mitte;1100310.0;2021;8;7;4;3;2;2;0;1;1;0;0;0;0;0;799791,0796;5828610,761;13,41992549;52,52493847
114556;11;Friedrichshain-Kreuzberg;2500728.0;2021;5;11;3;3;5;7;0;1;0;0;0;0;1;0;802697,6636;5827690,345;13,46180021;52,51508302
114550;11;Mitte;1100310.0;2021;4;15;1;3;2;6;0;1;1;0;0;0;0;0;799545,4847;5828285,659;13,41602348;52,52215941
114545;11;Charlottenburg-Wilmersdorf;4300414.0;2021;5;9;3;3;5;2;0;1;1;0;0;0;0;0;791029,033;5826477,351;13,28927662;52,51056044
114527;11;Lichtenberg;11300722.0;2021;12;10;5;3;5;2;0;1;1;0;0;0;0;0;803764,0574;5827566,118;13,47735353;52,51337675
114520;11;Pankow;3701660.0;2021;6;23;1;3;0;3;2;1;1;0;0;0;0;0;800409,0061;5829577,022;13,42987932;52,53325921
114516;11;Steglitz-Zehlendorf;6300629.0;2021;5;11;2;3;1;5;0;1;0;0;0;1;0;0;791822,347;5819313,096;13,29466325;52,44590962
114509;11;Friedrichshain-Kreuzberg;2500727.0;2021;7;15;2;2;3;6;0;1;0;0;0;0;0;0;802179,4672;5827722,14;13,45421591;52,51565533
114507;11;Lichtenberg;11300722.0;2021;10;13;7;3;2;6;0;1;0;0;0;0;0;0;804021,2118;5827555,202;13,48112131;52,51313565
114506;11;Friedrichshain-Kreuzberg;2500834.0;2021;11;3;1;2;0;1;2;1;0;0;0;0;0;0;802033,1517;5827015,247;13,45142471;52,50940048
114505;11;Pankow;3601139.0;2021;9;17;6;3;5;2;0;1;1;0;0;0;0;0;799204,9633;5832154,894;13,41450382;52,5570281
114503;11;Pankow;3400721.0;2021;6;16;7;3;3;6;0;1;0;0;0;0;1;0;798169,3159;5833507,932;13,40048873;52,56972417
114501;11;Pankow;3500934.0;2021;4;14;3;3;4;7;0;1;0;0;0;0;0;0;800268,8408;5831826,58;13,42985251;52,55349981
114483;11;Tempelhof-Schoeneberg;7200308.0;2021;8;20;2;3;5;7;2;1;1;0;0;0;0;1;795414,0314;5823415,089;13,35098739;52,48075255
114479;11;Mitte;1300836.0;2021;7;18;4;3;5;2;0;1;1;0;0;0;0;0;796184,661;5830195,038;13,36833544;52,54111107
114473;11;Charlottenburg-Wilmersdorf;4300414.0;2021;11;16;5;3;5;3;0;1;1;0;0;0;0;0;791034,0562;5826478,175;13,28935115;52,51056514
114470;11;Lichtenberg;11300724.0;2021;9;13;6;2;5;2;0;1;1;0;0;0;0;0;804515,107;5827504,667;13,48833059;52,51240722
114464;11;Friedrichshain-Kreuzberg;2100101.0;2021;4;13;1;3;5;2;0;1;1;0;0;0;0;0;797295,7787;5825592,036;13,38055708;52,49924537
114463;11;Friedrichshain-Kreuzberg;2400521.0;2021;7;18;5;3;3;6;0;1;0;0;0;0;1;0;801157,2465;5827832,744;13,43929741;52,51721209
114459;11;Friedrichshain-Kreuzberg;2500726.0;2021;8;18;5;3;1;5;0;1;1;0;0;0;0;0;801779,75;5828615,616;13,44915382;52,52388492
114454;11;Steglitz-Zehlendorf;6400737.0;2021;2;11;7;3;0;3;0;1;1;0;0;0;0;0;786712,1186;5817016,237;13,21771065;52,42802
114451;11;Treptow-Koepenick;9100203.0;2021;6;8;2;3;0;3;0;1;1;0;0;0;0;0;804106,561;5824366,79;13,47946399;52,48451132
114444;11;Mitte;1100310.0;2021;7;23;7;3;5;3;2;1;1;0;0;0;0;0;798805,4545;5828020,353;13,4049104;52,52018736
114430;11;Charlottenburg-Wilmersdorf;4300414.0;2021;5;15;3;3;5;2;0;1;1;0;0;0;0;0;791694,6229;5826587,878;13,29915319;52,51119578
114426;11;Reinickendorf;12601032.0;2021;9;7;4;3;5;2;0;1;1;0;0;0;0;0;792729,8396;5837421,962;13,32392016;52,60776388
114419;11;Pankow;3601449.0;2021;7;15;6;2;5;2;0;1;1;0;0;0;0;0;801319,6745;5830977,753;13,44453458;52,54531142
114416;11;Marzahn-Hellersdorf;10100210.0;2021;6;13;7;3;2;2;0;1;1;0;0;0;0;0;808321,4236;5832024,392;13,54843398;52,5507742
114410;11;Pankow;3601449.0;2021;3;15;3;3;5;2;0;1;0;0;0;1;0;0;801325,9897;5831014,096;13,4446604;52,54563367
114383;11;Pankow;3601142.0;2021;9;16;2;2;5;3;0;1;0;0;0;0;0;0;799163,574;5830558,356;13,41245677;52,54274037
114375;11;Pankow;3601347.0;2021;11;15;3;2;1;5;0;1;0;0;0;0;1;1;799373,8707;5830318,271;13,41533215;52,54047288
114344;11;Charlottenburg-Wilmersdorf;4200206.0;2021;9;11;6;3;3;6;0;1;1;0;0;0;0;0;788809,9574;5826104,841;13,2563464;52,5084002
114334;11;Tempelhof-Schoeneberg;7400721.0;2021;9;12;7;3;0;1;0;1;0;0;0;0;0;0;797801,94;5822976,932;13,38565479;52,475528
114324;11;Pankow;3601452.0;2021;5;16;2;3;0;1;0;1;0;0;0;0;0;0;801453,0152;5829188,987;13,44487231;52,52920484
114313;11;Pankow;3701657.0;2021;9;14;3;3;5;3;0;1;0;0;0;0;0;0;800319,4656;5830067,432;13,42900638;52,53770423
114297;11;Lichtenberg;11300724.0;2021;2;8;3;3;5;2;0;1;1;0;0;0;0;0;804515,7947;5827504,598;13,48834063;52,51240623
114284;11;Pankow;3400723.0;2021;10;11;3;3;3;6;0;1;1;0;0;0;0;0;798457,2854;5833332,84;13,40456749;52,56799692
114282;11;Charlottenburg-Wilmersdorf;4300414.0;2021;5;14;1;3;3;6;0;1;1;0;0;0;0;0;791098,5895;5826470,129;13,29029233;52,51045857
114270;11;Tempelhof-Schoeneberg;7200411.0;2021;5;8;6;3;5;2;0;1;0;0;0;0;1;0;795792,783;5824122,5;13,35717601;52,48688891
114269;11;Tempelhof-Schoeneberg;7400824.0;2021;8;17;6;3;5;3;0;1;1;0;0;0;0;0;797857,7269;5821431,711;13,38509429;52,46164639
114260;11;Charlottenburg-Wilmersdorf;4300414.0;2021;9;10;3;3;5;3;0;1;1;0;0;0;0;1;791851,3026;5826592,97;13,30145982;52,51115763
114252;11;Reinickendorf;12100101.0;2021;10;5;4;3;3;6;2;1;1;0;0;0;0;1;795804,6186;5832389,224;13,36470276;52,56098626
114245;11;Pankow;3701660.0;2021;6;7;5;3;1;5;0;1;1;0;0;0;0;0;800437,144;5829622,836;13,4303343;52,53365435
114241;11;Charlottenburg-Wilmersdorf;4200311.0;2021;5;14;6;2;5;2;0;1;0;0;0;1;0;0;790540,9715;5826379,223;13,2820196;52,50994089
114233;11;Reinickendorf;12100205.0;2021;7;16;7;3;0;7;0;1;0;0;0;0;0;0;794556,8841;5833925,759;13,34771421;52,57543649
114226;11;Mitte;1100310.0;2021;4;9;4;3;5;2;0;1;0;0;0;0;1;0;799596,5804;5828280,771;13,41676992;52,52208754
114223;11;Friedrichshain-Kreuzberg;2500727.0;2021;3;22;2;3;0;1;2;1;0;0;0;0;0;0;802176,7778;5827749,034;13,45420082;52,51589788
114218;11;Tempelhof-Schoeneberg;7501030.0;2021;6;7;2;3;5;3;0;1;1;0;0;0;0;0;797869,3439;5820431,15;13,38437211;52,4526711
114215;11;Lichtenberg;11300724.0;2021;11;18;2;3;3;6;2;1;0;0;0;0;1;0;804466,3962;5827494,706;13,48760591;52,51234514
114196;11;Charlottenburg-Wilmersdorf;4200311.0;2021;8;8;5;3;0;1;0;1;0;0;0;0;0;0;790500,9039;5826372,474;13,28142498;52,50990172
114178;11;Pankow;3601347.0;2021;10;21;4;3;0;1;2;1;0;0;0;0;0;0;799304,9855;5830349,851;13,41434792;52,54079379
114176;11;Mitte;1400940.0;2021;5;15;3;3;3;2;0;1;1;0;0;0;0;0;795862,0271;5832067,486;13,36526034;52,55807102
114175;11;Mitte;1100207.0;2021;5;22;2;3;5;3;2;1;1;0;0;0;0;0;798650,7286;5827024,425;13,40174286;52,511345
114174;11;Mitte;1100102.0;2021;9;8;5;3;0;1;0;1;0;0;0;0;0;1;796749,0018;5826665,676;13,37348292;52,50916707
114159;11;Pankow;3601142.0;2021;7;10;6;3;4;6;0;1;0;0;0;0;0;1;799150,678;5830803,488;13,41248793;52,54494468
114157;11;Tempelhof-Schoeneberg;7601236.0;2021;10;16;2;3;5;2;0;1;0;0;0;1;0;0;796607,3606;5816001,707;13,36192595;52,41365089
114149;11;Pankow;3601449.0;2021;3;10;7;3;3;6;0;1;0;0;0;0;0;1;801055,7023;5830618,193;13,44032778;52,54223456
114146;11;Pankow;3200205.0;2021;11;7;2;3;5;3;0;1;1;0;0;0;0;0;798165,7233;5836122,188;13,40278764;52,5931591
114136;11;Reinickendorf;12601031.0;2021;7;15;6;2;5;2;0;1;1;0;0;0;0;0;793198,9635;5836753,432;13,33023589;52,60151812
114121;11;Friedrichshain-Kreuzberg;2500834.0;2021;1;12;4;3;5;2;0;1;1;0;0;0;0;0;802035,4804;5827025,715;13,45146841;52,50949301
114112;11;Tempelhof-Schoeneberg;7200308.0;2021;8;19;6;3;0;2;0;1;1;0;0;0;0;1;795344,388;5823458,459;13,35000329;52,48117901
114101;11;Reinickendorf;12100205.0;2021;8;7;3;3;5;2;1;1;1;0;0;0;0;1;794457,8183;5834355,345;13,34663812;52,57934099
114095;11;Mitte;1100310.0;2021;3;16;3;3;2;6;0;1;0;0;0;0;0;0;799108,1246;5827695,346;13,40906572;52,51710822
114094;11;Steglitz-Zehlendorf;6400737.0;2021;10;19;2;3;3;6;2;1;1;0;0;0;0;0;786334,8734;5816871,75;13,21205373;52,4269221
114090;11;Pankow;3601451.0;2021;2;16;3;2;5;3;1;1;1;0;0;0;0;1;800646,0201;5830008,301;13,43375313;52,53699418
114081;11;Mitte;1400940.0;2021;8;17;4;3;0;7;0;1;0;0;0;0;0;1;795877,1958;5832068,7;13,36548452;52,55807366
114077;11;Pankow;3400620.0;2021;7;8;5;3;0;1;0;1;0;0;0;0;0;0;798004,5499;5833676,293;13,39821612;52,57132352
114070;11;Charlottenburg-Wilmersdorf;4200310.0;2021;11;12;3;3;0;7;0;1;0;0;0;0;0;1;789690,4819;5826244,969;13,26940603;52,50918961
114066;11;Pankow;3400723.0;2021;4;18;6;3;5;2;0;1;1;0;0;0;0;0;798361,6636;5833480,658;13,40329382;52,5693743
114063;11;Pankow;3200206.0;2021;4;14;6;3;0;1;0;1;0;0;0;0;0;0;798002,8085;5834181,702;13,39864471;52,57585475
114062;11;Pankow;3701660.0;2021;10;8;4;3;5;3;0;1;0;0;0;0;0;0;800027,5199;5829006,359;13,42375707;52,52835429
114051;11;Pankow;3601142.0;2021;4;18;6;3;6;4;0;1;0;1;0;0;0;0;799162,9757;5830611,732;13,41249604;52,54321913
114044;11;Pankow;3601451.0;2021;10;9;4;3;5;2;0;1;1;0;0;0;0;0;800755,0079;5829828,332;13,43519232;52,53532094
114035;11;Tempelhof-Schoeneberg;7501133.0;2021;4;21;7;2;0;1;2;1;0;0;0;0;0;0;797898,1713;5818968,495;13,38349088;52,43954424
114030;11;Pankow;3701657.0;2021;5;20;3;3;2;2;1;1;1;0;0;0;0;0;800291,5733;5830052,321;13,42858271;52,53758416
114020;11;Pankow;3601141.0;2021;9;16;5;2;3;6;0;1;0;0;0;0;0;0;799223,1241;5831496,419;13,4141774;52,55111594
114014;11;Friedrichshain-Kreuzberg;2500728.0;2021;2;13;5;3;5;3;0;1;1;0;0;0;0;0;803071,3577;5827636,097;13,46724092;52,51438928
114011;11;Friedrichshain-Kreuzberg;2100101.0;2021;6;10;3;3;3;6;0;1;1;0;0;0;0;0;797059,2059;5825830,913;13,37729539;52,50151548
114000;11;Friedrichshain-Kreuzberg;2200209.0;2021;11;16;6;3;2;7;1;1;1;0;0;0;0;0;797758,5546;5824138,759;13,38605548;52,48596612
113992;11;Tempelhof-Schoeneberg;7501133.0;2021;6;17;3;3;0;7;0;1;0;0;0;0;0;0;798468,3001;5818214,425;13,39118019;52,432474
113988;11;Friedrichshain-Kreuzberg;2200207.0;2021;6;12;3;3;5;3;0;1;1;0;0;0;0;0;796880,074;5825924,074;13,37474723;52,50244806
113987;11;Tempelhof-Schoeneberg;7200308.0;2021;8;7;3;3;0;2;0;1;1;0;0;0;0;0;795223,509;5823525,402;13,34828776;52,48184447
113982;11;Mitte;1300836.0;2021;3;18;2;3;0;2;1;1;1;0;0;0;0;0;796286,3508;5830279,083;13,36990544;52,54180916
113975;11;Friedrichshain-Kreuzberg;2200208.0;2021;8;20;4;3;5;2;2;1;1;0;0;0;0;1;797898,6042;5825431,298;13,38926747;52,49747582
113970;11;Mitte;1100206.0;2021;7;19;4;3;0;3;0;1;0;0;1;0;0;0;798077,0348;5827649,72;13,39387449;52,51726376
113964;11;Lichtenberg;11300722.0;2021;1;11;4;3;2;2;0;1;1;0;0;0;0;1;803770,9264;5827581,548;13,47746852;52,51351122
113960;11;Lichtenberg;11401034.0;2021;6;15;5;3;5;3;0;1;1;0;0;0;0;0;806949,0073;5827385,896;13,52397394;52,50997868
113944;11;Friedrichshain-Kreuzberg;2500727.0;2021;9;17;5;3;5;2;1;1;1;0;0;0;0;1;802149,1216;5827727,676;13,4537751;52,51572177
113939;11;Mitte;1300836.0;2021;4;9;5;3;5;2;0;1;0;0;0;0;1;0;796200,0953;5830207,73;13,36857367;52,54121646
113935;11;Mitte;1100205.0;2021;10;21;3;2;5;2;2;1;1;0;0;0;0;1;797684,645;5826838,373;13,38738301;52,51020533
113934;11;Pankow;3601449.0;2021;12;10;2;3;1;5;0;1;1;0;0;0;0;1;801366,7673;5831048,943;13,44529153;52,54592345
113933;11;Pankow;3601451.0;2021;9;17;6;3;5;2;0;1;1;0;0;0;0;0;800625,5134;5829918,005;13,43337001;52,53619615
113927;11;Treptow-Koepenick;9200613.0;2021;6;13;7;3;2;3;0;1;1;0;0;0;0;0;805515,8262;5822201,62;13,49816981;52,4643193
113891;11;Tempelhof-Schoeneberg;7501029.0;2021;6;14;3;2;5;2;0;1;0;0;0;1;0;0;797711,4212;5818773,865;13,38057827;52,43790126
113889;11;Friedrichshain-Kreuzberg;2500727.0;2021;9;8;6;3;6;4;0;1;0;1;0;0;0;0;802078,422;5827981,262;13,45296662;52,51803382
113878;11;Lichtenberg;11100101.0;2021;5;10;7;2;0;2;0;1;1;0;0;0;0;0;803673,7617;5835110,014;13,48292472;52,5810402
113871;11;Pankow;3601452.0;2021;4;23;1;3;5;2;2;1;1;0;0;0;0;0;801258,7816;5829405,19;13,44221364;52,53125006
113870;11;Pankow;3701660.0;2021;6;13;4;3;3;6;0;1;1;0;0;0;0;0;800023,9197;5829000,467;13,42369884;52,52830346
113866;11;Pankow;3701660.0;2021;5;6;6;1;5;2;0;1;0;0;0;1;0;1;800024,7394;5829001,809;13,4237121;52,52831503
113865;11;Steglitz-Zehlendorf;6400735.0;2021;8;17;6;3;3;6;0;1;1;0;0;0;0;0;782559,5473;5815789,371;13,15576321;52,41917968
113858;11;Lichtenberg;11300722.0;2021;6;14;2;3;2;6;0;1;0;0;0;0;1;0;803756,026;5827566,926;13,47723628;52,51338847
113855;11;Treptow-Koepenick;9100305.0;2021;11;9;2;3;5;2;0;1;1;0;0;0;0;1;805143,3845;5822573,107;13,49304428;52,46785689
113850;11;Charlottenburg-Wilmersdorf;4300622.0;2021;7;17;5;3;3;6;0;1;1;0;0;0;0;0;793297,948;5826819,812;13,32291539;52,51241525
113841;11;Pankow;3601449.0;2021;6;7;2;2;5;2;0;1;1;0;0;0;0;0;801349,9014;5831004,321;13,44500308;52,54553283
113814;11;Treptow-Koepenick;9100101.0;2021;8;15;2;2;5;3;0;1;1;0;0;0;0;0;802590,1085;5825063,979;13,45783338;52,4916027
113786;11;Marzahn-Hellersdorf;10300733.0;2021;10;14;6;3;5;2;0;1;0;0;0;0;1;0;808919,3608;5827408,194;13,55293543;52,50906635
113763;11;Pankow;3601449.0;2021;8;7;4;3;3;6;0;1;0;0;0;0;0;0;800923,2181;5830455,722;13,43823296;52,5408515
113753;11;Mitte;1100102.0;2021;11;13;7;2;6;4;0;1;0;1;0;0;0;0;796313,2512;5827367,509;13,36770602;52,51569519
113742;11;Tempelhof-Schoeneberg;7501133.0;2021;10;18;6;2;5;2;2;1;1;0;0;0;0;1;798585,6138;5817932,488;13,39264889;52,42988274
113738;11;Friedrichshain-Kreuzberg;2500727.0;2021;9;18;5;3;0;1;0;1;0;0;0;0;0;0;802178,3702;5827742,285;13,45421809;52,51583651
113735;11;Lichtenberg;11300722.0;2021;3;8;4;3;5;2;0;1;1;0;0;0;0;0;803770,06;5827581,632;13,47745587;52,51351245
113730;11;Pankow;3601347.0;2021;9;15;6;3;5;3;0;1;0;0;0;0;1;0;799315,2719;5830350,078;13,41449934;52,54079017
113729;11;Spandau;5200528.0;2021;8;19;7;3;5;2;0;1;1;0;0;0;0;0;783515,5714;5826713,216;13,17906614;52,51663247
113726;11;Friedrichshain-Kreuzberg;2500727.0;2021;7;17;4;3;5;2;0;1;1;0;0;0;0;0;802149,1684;5827728,344;13,4537764;52,51572773
113722;11;Reinickendorf;12100103.0;2021;5;11;3;3;1;5;0;1;1;0;0;0;0;0;795452,897;5833509,92;13,36052743;52,5712232
113715;11;Marzahn-Hellersdorf;10300734.0;2021;6;10;2;2;0;1;0;1;0;0;0;0;0;0;810141,0446;5827126,361;13,57061624;52,50584757
113711;11;Reinickendorf;12100101.0;2021;5;12;6;3;5;3;0;1;1;0;0;0;0;0;795798,1854;5832426,135;13,36464104;52,56132063
113710;11;Mitte;1100102.0;2021;8;13;1;3;6;7;0;1;0;1;0;0;0;0;796235,4647;5827354,572;13,36655154;52,51562148
113708;11;Pankow;3400828.0;2021;9;15;2;3;4;6;0;1;0;0;0;0;0;0;800173,7813;5832247,945;13,42883567;52,55732901
113701;11;Treptow-Koepenick;9200613.0;2021;9;10;2;3;5;2;0;1;1;0;0;0;0;0;806132,4183;5821621,494;13,50668551;52,45877487
113693;11;Tempelhof-Schoeneberg;7300619.0;2021;10;10;4;3;5;3;0;1;1;0;0;0;0;0;795626,3198;5823227,51;13,35393795;52,47895617
113681;11;Mitte;1100310.0;2021;5;18;3;3;2;6;0;1;0;0;0;0;0;0;799351,6666;5827959,614;13,41288192;52,51934336
113670;11;Pankow;3601449.0;2021;11;7;2;3;5;2;0;1;0;0;0;0;1;0;801384,1147;5831063,767;13,44556002;52,54604672
113669;11;Pankow;3701657.0;2021;9;15;4;3;5;2;0;1;1;0;0;0;0;0;800375,5095;5830010,762;13,42977898;52,5371654
113662;11;Mitte;1100310.0;2021;10;15;1;3;6;4;0;1;0;1;0;0;0;0;799176,5428;5828378,368;13,4106853;52,52319297
113660;11;Marzahn-Hellersdorf;10300733.0;2021;9;9;3;3;0;2;0;1;1;0;0;0;0;0;809512,6043;5827387,952;13,56162991;52,50854872
113654;11;Charlottenburg-Wilmersdorf;4300621.0;2021;6;12;3;3;6;4;0;1;0;1;0;0;0;0;792506,751;5826702,76;13,31118698;52,51179079
113645;11;Reinickendorf;12100204.0;2021;7;15;3;3;5;2;0;1;1;0;0;0;0;0;795765,9585;5832697,209;13,36440864;52,56376804
113643;11;Steglitz-Zehlendorf;6300527.0;2021;10;13;4;3;5;2;0;1;1;0;0;0;0;0;789775,4388;5817982,853;13,26347695;52,4350722
113635;11;Charlottenburg-Wilmersdorf;4200310.0;2021;3;8;3;3;5;2;0;1;1;0;0;0;0;0;790257,9787;5826350,682;13,27783658;52,50983567
113625;11;Pankow;3601142.0;2021;2;18;4;2;3;6;1;1;0;0;0;0;0;0;799155,376;5830366,311;13,41216331;52,54102348
113622;11;Treptow-Koepenick;9100101.0;2021;6;19;7;3;0;7;0;1;0;0;0;0;0;0;802771,6009;5825358,88;13,46076636;52,49414526
113620;11;Pankow;3601347.0;2021;9;16;3;3;1;5;0;1;1;0;0;0;0;0;799211,1017;5830354,994;13,41297236;52,54089145
113608;11;Treptow-Koepenick;9100305.0;2021;6;16;5;3;5;2;0;1;1;0;0;0;0;0;805147,852;5822568,757;13,49310587;52,46781541
113598;11;Tempelhof-Schoeneberg;7601236.0;2021;7;8;5;3;6;4;0;1;0;1;0;0;0;0;796596,77;5815997,917;13,36176734;52,41362265
113595;11;Mitte;1300836.0;2021;7;18;3;3;5;2;0;1;1;0;0;0;0;0;796252,0582;5830134,24;13,36927211;52,54052944
113593;11;Tempelhof-Schoeneberg;7601442.0;2021;10;16;5;3;1;5;0;1;1;0;0;0;0;0;799668,425;5815299,067;13,4061695;52,40568548
113590;11;Reinickendorf;12500926.0;2021;9;7;3;3;0;2;0;1;1;0;0;0;0;0;793624,4451;5835746,964;13,33560779;52,59226624
113579;11;Tempelhof-Schoeneberg;7501133.0;2021;8;18;3;3;6;7;0;1;0;1;0;0;0;0;798444,8515;5818208,725;13,39083121;52,4324357
113567;11;Pankow;3601449.0;2021;8;15;6;3;0;7;0;1;0;0;0;0;0;1;801351,6051;5831005,763;13,44502944;52,54554481
113550;11;Tempelhof-Schoeneberg;7501133.0;2021;5;17;4;3;5;2;0;1;1;0;0;0;0;0;798728,3281;5817527,577;13,39438007;52,42617526
113547;11;Friedrichshain-Kreuzberg;2500833.0;2021;9;7;7;3;0;1;0;1;0;0;0;0;0;0;802103,1156;5827497,889;13,45289057;52,51368767
113545;11;Mitte;1100102.0;2021;3;12;2;3;4;6;0;1;0;0;0;0;0;0;796616,2921;5826723,439;13,37158471;52,50975703
113542;11;Pankow;3601451.0;2021;6;7;1;3;5;3;0;1;1;0;0;0;0;0;800843,094;5830324,333;13,43693611;52,53971807
113525;11;Friedrichshain-Kreuzberg;2500727.0;2021;6;15;5;3;5;2;0;1;1;0;0;0;0;0;802584,2849;5827686,436;13,46013094;52,51511089
113509;11;Mitte;1100310.0;2021;9;0;6;3;0;3;0;1;1;0;0;0;0;0;799595,725;5828279,342;13,41675606;52,52207519
113485;11;Charlottenburg-Wilmersdorf;4300621.0;2021;7;18;5;3;5;2;0;1;1;0;0;0;0;1;792099,6982;5826634,753;13,30514625;52,51139924
113483;11;Mitte;1100310.0;2021;10;10;2;3;0;5;0;1;1;0;0;0;0;0;799718,7545;5828551,49;13,4188092;52,52444696
113482;11;Pankow;3601449.0;2021;11;7;4;3;5;2;0;1;1;0;0;0;0;1;800962,1727;5830516,493;13,43886066;52,54137468
113473;11;Pankow;3601142.0;2021;6;16;2;3;5;2;0;1;1;0;0;0;0;0;799165,6822;5830373,56;13,41232135;52,5410828
113468;11;Pankow;3601451.0;2021;8;6;2;2;5;3;0;1;1;0;0;0;0;0;800630,4039;5829982,651;13,43350037;52,53677288
113460;11;Friedrichshain-Kreuzberg;2500835.0;2021;7;15;6;3;5;3;0;1;1;0;0;0;0;0;802206,5329;5826088,808;13,45313073;52,50100077
113456;11;Tempelhof-Schoeneberg;7200411.0;2021;8;0;3;3;5;2;2;1;1;0;0;0;0;0;795821,0997;5824180,785;13,35764355;52,48739605
113451;11;Spandau;5200634.0;2021;7;17;2;3;0;1;0;1;1;0;0;0;0;0;785804,7845;5826103,357;13,21218701;52,50996967
113445;11;Mitte;1100310.0;2021;1;16;5;3;5;3;1;1;1;0;0;0;0;0;799772,0415;5828644,548;13,41967617;52,52525178
113441;11;Steglitz-Zehlendorf;6300527.0;2021;6;18;2;2;0;2;0;1;1;0;0;0;0;0;789778,879;5818001,206;13,26354332;52,43523492
113422;11;Friedrichshain-Kreuzberg;2500834.0;2021;4;16;5;3;0;1;0;1;0;0;0;0;0;0;802021,7823;5826964,137;13,45121132;52,50894867
113418;11;Mitte;1100310.0;2021;10;22;3;3;5;2;2;1;1;0;0;0;0;1;799762,9794;5828629,134;13,4195291;52,5251186
113405;11;Treptow-Koepenick;9100101.0;2021;12;9;4;3;5;7;0;1;1;0;0;0;0;1;802819,3415;5825432,169;13,46153402;52,49477566
113397;11;Pankow;3601451.0;2021;6;6;5;3;0;1;0;1;0;0;0;0;0;0;800657,6733;5830027,011;13,43394135;52,53715545
113378;11;Pankow;3200205.0;2021;4;13;2;2;6;4;0;1;0;1;0;0;0;0;798121,3584;5835648,387;13,40170824;52,5889365