object_id;federal_state;district;lor_2021;year_accident;month_accident;hour_accident;weekday;accident_category;accident_type;accident_subtype;light_conditions;accident_involving_bicycle;accident_involving_passenger_car;accident_involving_pedestrian;accident_involving_motorcycle;accident_involving_truck;accident_involving_other;road_condition;coordinates_1a;coordinates_2a;coordinates_1b;coordinates_2b
113375;11;Marzahn-Hellersdorf;10300733.0;2021;3;14;6;3;5;2;0;1;1;0;0;0;0;1;808741,1698;5827422,742;13,55033169;52,5092976
113354;11;Friedrichshain-Kreuzberg;2500727.0;2021;7;18;5;3;5;2;0;1;1;0;0;0;0;1;802149,1365;5827727,889;13,45377552;52,51572367
113351;11;Mitte;1100310.0;2021;11;9;4;3;6;4;0;1;0;1;0;0;0;1;798627,7502;5827847,407;13,40214388;52,51873448
113343;11;Pankow;3601141.0;2021;3;19;3;3;1;1;1;1;1;0;0;0;0;0;799210,3592;5831676,463;13,41415195;52,55273676
113341;11;Pankow;3200206.0;2021;12;9;2;3;6;7;0;1;0;1;0;0;0;0;798257,1253;5834746,099;13,40289427;52,58077441
113330;11;Mitte;1100310.0;2021;8;19;7;3;5;2;0;1;1;0;0;0;0;0;799762,9794;5828629,134;13,4195291;52,5251186
113323;11;Tempelhof-Schoeneberg;7501135.0;2021;11;13;7;3;9;1;0;1;0;0;0;0;0;0;798942,8772;5817074,061;13,39712079;52,42199285
113321;11;Pankow;3500936.0;2021;4;18;6;3;0;1;0;1;0;0;0;0;0;0;802421,3284;5831629,602;13,46132437;52,55054347
113315;11;Friedrichshain-Kreuzberg;2500727.0;2021;4;9;4;3;5;2;0;1;1;0;0;0;0;0;802144,2487;5827755,3;13,45372859;52,51597206
113309;11;Reinickendorf;12100205.0;2021;8;18;3;3;5;2;0;1;1;0;0;0;0;0;794559,1791;5833820,851;13,34765478;52,57449483
113307;11;Pankow;3601449.0;2021;9;14;4;3;5;2;0;1;1;0;0;0;0;1;801319,3796;5830977,504;13,44453002;52,54530935
113304;11;Friedrichshain-Kreuzberg;2500727.0;2021;3;12;5;3;5;2;0;1;0;0;0;0;1;0;802143,9306;5827756,443;13,45372496;52,51598248
113301;11;Friedrichshain-Kreuzberg;2100101.0;2021;6;17;3;3;5;2;0;1;1;0;0;0;0;0;797851,374;5825505,215;13,38863989;52,49816417
113298;11;Reinickendorf;12100204.0;2021;11;10;3;3;1;5;0;1;1;0;0;0;0;1;795759,9577;5832645,952;13,36427468;52,56331184
113292;11;Pankow;3601142.0;2021;7;9;5;3;3;6;0;1;0;0;0;0;1;0;799140,6429;5830701,651;13,41224868;52,54403738
113291;11;Mitte;1100310.0;2021;10;12;7;3;5;3;0;1;1;0;0;0;0;0;799337,8191;5827948,196;13,41266818;52,51924861
113278;11;Tempelhof-Schoeneberg;7200411.0;2021;6;8;5;2;5;3;0;1;0;0;0;0;1;0;795902,323;5824349,903;13,35898642;52,48886804
113277;11;Charlottenburg-Wilmersdorf;4300414.0;2021;8;16;7;3;5;2;0;1;1;0;0;0;0;0;791027,762;5826458,485;13,28924145;52,51039198
113274;11;Mitte;1100104.0;2021;3;19;3;3;1;6;2;1;1;0;0;0;1;0;796228,4184;5825884,306;13,36513953;52,50244574
113270;11;Charlottenburg-Wilmersdorf;4200311.0;2021;7;19;3;3;2;2;0;1;1;0;0;0;0;0;790513,0861;5826374,508;13,28160576;52,50991347
113268;11;Pankow;3601142.0;2021;9;17;4;3;0;7;0;1;0;0;0;0;0;1;799163,8944;5830529,431;13,41243543;52,54248093
113257;11;Charlottenburg-Wilmersdorf;4300621.0;2021;9;19;6;3;5;2;2;1;1;0;0;0;0;0;792593,464;5826717,345;13,31247391;52,51187502
113245;11;Steglitz-Zehlendorf;6400735.0;2021;8;18;3;3;2;6;0;1;0;0;0;1;0;0;778279,0433;5814909,234;13,09225121;52,41348064
113227;11;Steglitz-Zehlendorf;6400735.0;2021;4;14;6;2;3;4;0;1;0;1;0;0;0;0;783788,9327;5815998,614;13,17396998;52,42041973
113221;11;Mitte;1100311.0;2021;5;22;2;3;3;7;1;1;0;0;0;0;1;0;799971,2904;5828092,105;13,42210603;52,52019045
113211;11;Reinickendorf;12400723.0;2021;9;13;4;3;5;2;0;1;1;0;0;0;0;0;792091,0859;5838525,182;13,31548831;52,61799731
113198;11;Tempelhof-Schoeneberg;7501133.0;2021;5;12;6;2;5;3;0;1;1;0;0;0;0;1;798224,4317;5818775,07;13,38810386;52,43763258
113197;11;Friedrichshain-Kreuzberg;2500728.0;2021;8;7;6;3;1;1;0;1;1;0;0;0;0;0;803088,0573;5827651,111;13,46749993;52,51451457
113193;11;Charlottenburg-Wilmersdorf;4300621.0;2021;7;7;3;3;5;2;0;1;1;0;0;0;0;0;792491,7519;5826700,238;13,31096437;52,51177621
113189;11;Friedrichshain-Kreuzberg;2500727.0;2021;7;12;4;3;0;1;0;1;0;0;0;0;0;0;802175,8828;5827752,441;13,45419077;52,51592891
113186;11;Tempelhof-Schoeneberg;7200308.0;2021;11;8;2;3;5;2;0;1;1;0;0;0;0;1;795242,3113;5823528,817;13,34856685;52,48186492
113185;11;Pankow;3701660.0;2021;9;17;6;2;0;2;0;1;1;0;0;0;0;0;800173,445;5829245,087;13,42611723;52,53041375
113176;11;Pankow;3601449.0;2021;7;9;7;3;0;7;0;1;0;0;0;0;0;0;801009,2026;5830591,335;13,43961985;52,54201952
113173;11;Tempelhof-Schoeneberg;7400824.0;2021;2;10;4;3;3;6;0;1;0;0;0;0;1;0;797860,633;5821598,7;13,38528595;52,46314167
113170;11;Mitte;1100102.0;2021;6;13;1;3;0;6;0;1;0;0;0;0;1;0;794457,5856;5827039,044;13,34014808;52,51375576
113166;11;Friedrichshain-Kreuzberg;2400625.0;2021;8;13;4;3;1;5;0;1;1;0;0;0;0;0;801894,1814;5826590,082;13,44899768;52,50566662
113157;11;Tempelhof-Schoeneberg;7601236.0;2021;5;20;1;3;5;2;2;1;1;0;0;0;0;1;796608,831;5815997,411;13,3619437;52,41361158
113146;11;Treptow-Koepenick;9100101.0;2021;5;6;3;3;3;6;0;1;0;0;0;0;1;0;802761,7345;5825313,412;13,46058015;52,4937432
113135;11;Mitte;1100310.0;2021;11;17;4;3;0;7;0;1;0;0;0;0;0;0;798926,7792;5828133,601;13,40679496;52,52113597
113134;11;Pankow;3601451.0;2021;8;14;3;2;5;2;0;1;0;0;0;0;1;0;800756,8187;5829795,749;13,43518945;52,5350279
113129;11;Friedrichshain-Kreuzberg;2500729.0;2021;7;6;6;3;0;7;0;1;0;0;0;0;0;0;803441,78;5827598,848;13,47264887;52,51384948
113116;11;Tempelhof-Schoeneberg;7200308.0;2021;5;18;1;3;5;2;0;1;1;0;0;0;0;0;795225,438;5823516,568;13,34830826;52,48176423
113096;11;Tempelhof-Schoeneberg;7501133.0;2021;12;18;1;3;5;2;2;1;1;0;0;0;0;1;798226,3835;5818768,138;13,3881263;52,43756938
113095;11;Mitte;1400940.0;2021;9;18;2;2;5;2;0;1;1;0;0;0;0;0;795861,7826;5832068,848;13,36525796;52,55808336
113089;11;Friedrichshain-Kreuzberg;2200207.0;2021;6;18;4;2;5;3;0;1;1;0;0;0;0;0;796890,6032;5825915,197;13,37489397;52,50236276
113084;11;Friedrichshain-Kreuzberg;2400521.0;2021;5;18;1;2;6;4;0;1;0;1;0;0;0;0;800933,9776;5827856,219;13,43603821;52,51754575
113083;11;Pankow;3601139.0;2021;8;19;1;2;0;6;0;1;0;0;0;0;0;0;799228,5071;5831997,33;13,41470803;52,55560285
113073;11;Pankow;3601449.0;2021;11;6;6;3;5;2;2;1;1;0;0;0;0;0;801355,8588;5831009,362;13,44509524;52,54557471
113068;11;Reinickendorf;12100101.0;2021;4;14;3;3;1;5;0;1;1;0;0;0;0;0;795803,5531;5832395,318;13,36469252;52,56104147
113060;11;Reinickendorf;12100204.0;2021;8;13;5;3;0;2;0;1;1;1;0;0;0;0;795766,759;5832692,7;13,3644164;52,56372719
113050;11;Pankow;3701660.0;2021;9;11;1;3;5;3;0;1;1;0;0;0;0;0;800129,5444;5829173,327;13,42540722;52,52979472
113049;11;Treptow-Koepenick;9100101.0;2021;8;13;2;3;0;2;0;1;0;0;0;1;0;0;802589,2579;5825080,34;13,45783575;52,49174982
113034;11;Mitte;1100310.0;2021;6;17;3;3;5;3;0;1;0;0;0;0;0;0;798795,4203;5827983,729;13,40473005;52,51986457
113025;11;Marzahn-Hellersdorf;10300733.0;2021;3;17;7;3;5;2;1;1;1;0;0;0;0;0;808952,1764;5827441,288;13,55344813;52,50934436
113022;11;Lichtenberg;11300725.0;2021;6;0;3;3;0;2;2;1;0;0;0;0;1;0;804912,6633;5827464,388;13,4941338;52,51182414
112985;11;Tempelhof-Schoeneberg;7601442.0;2021;6;13;4;3;5;7;0;1;0;0;0;0;1;0;799784,8935;5814081,157;13,4067866;52,39470471
112984;11;Pankow;3601139.0;2021;8;18;7;3;5;2;0;1;1;0;0;0;0;0;799216,1733;5832078,425;13,41459975;52,55633651
112968;11;Friedrichshain-Kreuzberg;2500727.0;2021;10;8;6;3;0;7;0;1;0;0;0;0;0;1;802044,1989;5828032,858;13,45251064;52,51851523
112956;11;Treptow-Koepenick;9100203.0;2021;5;9;2;3;5;3;0;1;1;0;0;0;0;0;804105,746;5824368,084;13,4794532;52,48452337
112955;11;Friedrichshain-Kreuzberg;2500727.0;2021;6;19;5;2;3;6;0;1;0;0;0;0;1;0;802340,0334;5827728,766;13,45658095;52,51562574
112954;11;Treptow-Koepenick;9100101.0;2021;8;11;4;3;5;2;0;1;1;0;0;0;0;0;802673,8366;5825221,035;13,4592055;52,49296398
112945;11;Pankow;3701660.0;2021;10;11;7;3;6;4;0;1;0;1;0;0;0;0;800302,4112;5829454,316;13,4282017;52,53221811
112943;11;Charlottenburg-Wilmersdorf;4300622.0;2021;9;8;2;3;5;2;0;1;1;0;0;0;0;0;792964,3826;5826801,637;13,31799815;52,51243158
112936;11;Marzahn-Hellersdorf;10300733.0;2021;10;3;1;2;3;6;2;1;1;0;0;0;0;0;808796,7727;5827420,437;13,55114624;52,50924548
112934;11;Reinickendorf;12100101.0;2021;9;6;5;3;5;2;1;1;1;0;0;0;0;1;795798,3622;5832425,087;13,3646427;52,56131114
112928;11;Mitte;1100205.0;2021;6;9;6;3;4;6;0;1;0;0;0;0;0;0;797199,2673;5826758,092;13,38018039;52,50975036
112924;11;Friedrichshain-Kreuzberg;2200209.0;2021;5;14;4;3;5;3;0;1;1;0;0;0;0;0;797744,3341;5824144,678;13,38585196;52,48602693
112923;11;Charlottenburg-Wilmersdorf;4300622.0;2021;8;18;2;3;5;2;0;1;1;0;0;0;0;0;793052,8387;5826816,607;13,31931106;52,51251826
112918;11;Mitte;1100207.0;2021;7;18;5;2;0;1;0;1;0;0;0;0;0;1;798809,08;5827230,721;13,4042545;52,51310743
112913;11;Pankow;3200205.0;2021;9;15;6;3;5;2;0;1;1;0;0;0;0;1;798153,4332;5836011,581;13,40250718;52,59217441
112910;11;Marzahn-Hellersdorf;10400940.0;2021;4;16;5;2;5;3;0;1;1;0;0;0;0;0;812566,2618;5827181,007;13,60628349;52,50495339
112907;11;Steglitz-Zehlendorf;6400735.0;2021;4;15;3;3;5;2;0;1;1;0;0;0;0;1;782346,8895;5815727,829;13,15259252;52,41873762
112889;11;Pankow;3601348.0;2021;8;18;7;3;5;2;0;1;1;0;0;0;0;0;799600,8989;5830275,057;13,4186307;52,53996076
112884;11;Tempelhof-Schoeneberg;7200410.0;2021;10;14;2;2;1;5;0;1;0;0;0;0;1;0;795444,9349;5823786,657;13,35177042;52,48406667
112883;11;Friedrichshain-Kreuzberg;2500728.0;2021;12;10;4;3;0;7;0;1;0;0;0;0;0;0;802946,5907;5827649,329;13,46541998;52,51457719
112871;11;Reinickendorf;12500927.0;2021;5;18;6;3;3;6;0;1;1;0;0;0;0;1;793383,0877;5836329,709;13,33257128;52,59762041
112867;11;Friedrichshain-Kreuzberg;2500726.0;2021;9;16;2;3;0;7;0;1;0;0;0;0;0;0;801916,2823;5828402,509;13,45096667;52,52189925
112858;11;Friedrichshain-Kreuzberg;2200208.0;2021;9;12;4;3;5;2;0;1;1;0;0;0;0;0;797896,849;5825439,479;13,38924901;52,4975501
112855;11;Tempelhof-Schoeneberg;7501133.0;2021;4;20;2;3;5;2;1;1;1;0;0;0;0;0;797577,797;5818425,304;13,37830805;52,43484948
112839;11;Reinickendorf;12400721.0;2021;8;17;4;3;5;3;0;1;1;0;0;0;0;0;790996,6056;5841245,863;13,30176325;52,64297452
112830;11;Pankow;3400831.0;2021;10;16;6;3;5;7;0;1;1;0;0;0;0;0;800075,3247;5834038,937;13,42900767;52,57343634
112821;11;Mitte;1100310.0;2021;10;22;2;2;3;6;2;1;1;0;0;0;0;0;799045,3056;5827542,271;13,40800511;52,51577057
112813;11;Tempelhof-Schoeneberg;7400721.0;2021;6;9;1;3;5;2;0;1;0;0;1;0;0;0;797814,0224;5823053,155;13,38590022;52,47620466
112798;11;Friedrichshain-Kreuzberg;2400625.0;2021;1;6;1;3;8;1;2;1;0;0;0;0;0;0;801796,3989;5826319,607;13,44731622;52,50329643
112794;11;Charlottenburg-Wilmersdorf;4200311.0;2021;6;13;1;3;5;5;0;1;1;0;0;0;0;0;790515,9155;5826374,98;13,28164774;52,50991619
112782;11;Mitte;1100310.0;2021;4;20;5;3;5;2;1;1;1;0;0;0;0;1;799079,3393;5827595,299;13,40855283;52,51622723
112766;11;Mitte;1100310.0;2021;5;18;4;3;0;2;0;1;1;0;0;0;0;0;799792,5569;5828613,13;13,41994934;52,52495889
112761;11;Mitte;1100310.0;2021;7;13;5;3;5;3;0;1;0;0;0;0;1;0;799320,3653;5827928,357;13,41239386;52,51908037
112726;11;Friedrichshain-Kreuzberg;2500727.0;2021;11;17;3;3;5;2;2;1;1;0;0;0;0;1;802579,0961;5827686,957;13,46005519;52,51511844
112725;11;Pankow;3601451.0;2021;5;19;2;3;5;3;0;1;1;0;0;0;0;0;800578,0533;5829914,358;13,43266909;52,53618964
112710;11;Tempelhof-Schoeneberg;7501133.0;2021;9;14;6;3;2;3;0;1;1;0;0;0;0;1;798266,6304;5818638,776;13,38860118;52,43638784
112706;11;Friedrichshain-Kreuzberg;2500727.0;2021;7;20;3;3;0;1;0;1;0;0;0;0;0;0;802175,9803;5827752,07;13,45419186;52,51592553
112704;11;Treptow-Koepenick;9100101.0;2021;9;0;4;3;5;2;2;1;0;0;0;0;1;0;802593,7752;5825083,805;13,45790523;52,49177837
112699;11;Spandau;5400943.0;2021;4;12;2;3;5;3;0;1;1;0;0;0;0;0;780178,4245;5822276,179;13,12628297;52,478571
112695;11;Mitte;1100102.0;2021;10;4;1;3;0;7;2;1;0;0;0;0;1;0;794645,0773;5827086,879;13,34294534;52,51408331
112694;11;Tempelhof-Schoeneberg;7100205.0;2021;12;21;3;3;3;6;2;1;1;0;0;0;0;1;796033,162;5825276,908;13,36173144;52,49710691
112687;11;Friedrichshain-Kreuzberg;2400521.0;2021;6;9;5;3;0;1;0;1;0;0;0;0;0;0;800428,756;5827893,736;13,42864886;52,51816057
112683;11;Friedrichshain-Kreuzberg;2500728.0;2021;5;12;5;1;3;5;0;1;0;0;0;1;1;0;802989,8632;5827661,081;13,46606641;52,51465848
112674;11;Pankow;3701660.0;2021;7;12;6;3;0;1;0;1;0;0;0;0;0;0;800008,8561;5828979,327;13,42345838;52,52812226
112667;11;Charlottenburg-Wilmersdorf;4200206.0;2021;4;15;7;3;5;2;0;1;0;0;0;0;0;0;788371,5555;5826034,297;13,24984365;52,50799966
112651;11;Charlottenburg-Wilmersdorf;4300621.0;2021;8;13;2;3;6;7;0;1;0;1;0;0;0;0;792566,9682;5826734,441;13,31209963;52,5120425
112645;11;Pankow;3701657.0;2021;10;17;5;3;3;6;0;1;0;0;0;0;0;0;800062,041;5830191,77;13,42533456;52,53896051
112635;11;Marzahn-Hellersdorf;10400941.0;2021;6;17;4;3;5;2;0;1;1;0;0;0;0;0;813550,9263;5827159,332;13,62072288;52,50419424
112623;11;Pankow;3601139.0;2021;7;20;6;2;0;2;0;1;1;0;0;0;0;0;799199,2257;5832020,08;13,41429792;52,55582286
112619;11;Mitte;1100310.0;2021;8;1;1;3;2;6;2;1;1;0;0;0;0;0;799709,0759;5828474,049;13,41859718;52,52375814
112614;11;Mitte;1100104.0;2021;7;14;7;3;5;2;0;1;1;0;0;0;0;0;796206,1451;5825835,12;13,3647686;52,50201693
112613;11;Friedrichshain-Kreuzberg;2100101.0;2021;10;19;4;3;5;2;2;1;1;0;0;0;0;0;797284,7209;5825593,917;13,38039635;52,49926826
112593;11;Treptow-Koepenick;9100101.0;2021;7;6;2;2;2;2;0;1;0;0;0;1;0;0;802586,6565;5825067,3;13,45778571;52,49163438
112591;11;Mitte;1300836.0;2021;10;12;6;1;5;2;0;1;0;0;0;1;0;0;796288,9374;5830295,632;13,36995823;52,5419561
112587;11;Pankow;3601449.0;2021;8;16;3;3;5;2;0;1;1;0;0;0;0;0;801016,932;5830555,206;13,43970075;52,54169143
112586;11;Pankow;3601142.0;2021;9;10;5;3;4;6;0;1;0;0;0;0;1;0;799151,0116;5830806,478;13,41249553;52,5449713
112582;11;Mitte;1100310.0;2021;2;6;3;3;5;2;0;1;0;0;0;0;1;0;799596,8435;5828281,211;13,41677418;52,52209133
112577;11;Pankow;3601451.0;2021;9;19;4;3;5;2;2;1;1;0;0;0;0;0;800606,4017;5829899,506;13,43307235;52,53604088
112568;11;Pankow;3701660.0;2021;12;16;2;3;5;2;2;1;1;0;0;0;0;0;800044,5914;5828994,889;13,42399761;52,52824209
112567;11;Tempelhof-Schoeneberg;7501133.0;2021;5;11;2;3;5;2;0;1;0;0;0;0;1;0;797447,9603;5817846,326;13,37588873;52,4297301
112544;11;Treptow-Koepenick;9200613.0;2021;11;17;4;3;4;6;2;1;0;0;0;0;0;0;805798,5606;5821947,198;13,50208552;52,46188089
112536;11;Pankow;3601451.0;2021;10;18;4;3;5;2;2;1;0;0;0;0;1;0;800625,2075;5829918,216;13,4333657;52,53619821
112523;11;Lichtenberg;11300722.0;2021;5;15;6;3;5;3;0;1;1;0;0;0;0;1;804226,0691;5827519,655;13,48409826;52,51270284
112522;11;Charlottenburg-Wilmersdorf;4200310.0;2021;8;7;6;3;2;6;0;1;0;0;0;0;0;0;789142,7925;5826156,533;13,26128174;52,50868732
112514;11;Pankow;3601139.0;2021;7;17;7;3;0;1;0;1;0;0;0;0;0;0;799221,2353;5832044,62;13,41464372;52,55603072
112503;11;Charlottenburg-Wilmersdorf;4300621.0;2021;3;11;3;3;5;3;0;1;1;0;0;0;0;0;792257,4631;5826682,764;13,30750651;52,51174515
112500;11;Steglitz-Zehlendorf;6400735.0;2021;10;14;7;3;6;7;0;1;0;1;0;0;0;0;781746,2191;5815593,037;13,14366982;52,41783854
112498;11;Mitte;1100310.0;2021;8;19;4;3;2;6;0;1;1;0;0;0;0;0;799318,6624;5827926,333;13,41236702;52,51906316
112495;11;Mitte;1400940.0;2021;3;15;3;3;5;3;0;1;0;0;1;0;0;0;795864,3529;5832054,696;13,36528315;52,5579551
112492;11;Treptow-Koepenick;9100101.0;2021;6;16;2;3;4;6;0;1;0;0;0;0;0;0;802848,8455;5825477,463;13,46200846;52,49516525
112489;11;Marzahn-Hellersdorf;10400940.0;2021;5;16;3;3;5;3;0;1;1;0;0;0;0;0;812565,7574;5827180,98;13,60627606;52,50495344
112484;11;Friedrichshain-Kreuzberg;2400521.0;2021;7;9;3;3;2;3;0;1;0;0;0;0;0;0;800355,2697;5827973,276;13,42764091;52,51891399
112482;11;Tempelhof-Schoeneberg;7501030.0;2021;10;14;4;3;5;2;0;1;1;0;0;0;0;0;797884,4768;5820425,942;13,3845895;52,45261618
112481;11;Tempelhof-Schoeneberg;7400720.0;2021;11;8;2;3;5;2;0;1;1;0;0;0;0;1;797773,5523;5823588,932;13,38578456;52,48102936
112466;11;Friedrichshain-Kreuzberg;2500727.0;2021;8;17;6;2;5;2;0;1;0;0;0;0;1;1;802581,8631;5827686,679;13,46009558;52,51511441
112462;11;Charlottenburg-Wilmersdorf;4300621.0;2021;3;18;3;3;6;4;2;1;0;1;0;0;0;0;792110,0645;5826657,753;13,30531876;52,51159989
112457;11;Marzahn-Hellersdorf;10400940.0;2021;9;13;2;3;0;1;0;1;0;0;0;0;0;0;812806,8864;5827178,789;13,60981503;52,50479562
112455;11;Mitte;1100310.0;2021;8;7;3;3;0;2;0;1;0;0;0;0;1;1;799782,44;5828662,487;13,41984516;52,52540686
112450;11;Reinickendorf;12400721.0;2021;10;8;3;3;5;3;0;1;1;0;0;0;0;1;790998,3323;5841243,444;13,30178657;52,64295191
112431;11;Charlottenburg-Wilmersdorf;4300414.0;2021;7;15;7;3;6;4;0;1;0;1;0;0;0;0;791585,3658;5826548,132;13,297513;52,51089788
112419;11;Steglitz-Zehlendorf;6400735.0;2021;12;17;1;3;5;2;2;1;1;0;0;0;0;1;782515,5814;5815767,111;13,15509963;52,41900278
112402;11;Friedrichshain-Kreuzberg;2500727.0;2021;7;17;3;2;8;1;0;1;0;0;0;0;0;0;802176,0837;5827751,676;13,45419302;52,51592195
112399;11;Marzahn-Hellersdorf;10100210.0;2021;7;8;2;3;0;6;0;1;1;0;0;0;0;0;807874,8918;5831024,917;13,54094269;52,5420696
112385;11;Mitte;1100205.0;2021;10;19;3;3;5;2;2;1;1;0;0;0;0;0;797620,7379;5826828,034;13,38643488;52,51014752
112375;11;Mitte;1100310.0;2021;3;16;4;2;2;2;0;1;1;0;0;0;0;0;799571,012;5828269,929;13,41638443;52,5220044
112374;11;Pankow;3601451.0;2021;10;7;4;3;5;2;1;1;1;0;0;0;0;1;800623,1662;5829919,626;13,43333697;52,53621198
112373;11;Tempelhof-Schoeneberg;7601442.0;2021;12;18;4;3;5;7;2;1;1;0;0;0;0;0;799166,425;5816479,111;13,3998665;52,41653768
112372;11;Reinickendorf;12100204.0;2021;9;11;5;3;2;2;0;1;1;0;0;0;0;0;795766,3918;5832694,768;13,36441284;52,56374593
112359;11;Friedrichshain-Kreuzberg;2200208.0;2021;8;13;3;2;5;2;0;1;0;0;0;1;0;0;797898,3349;5825432,554;13,38926464;52,49748722
112341;11;Reinickendorf;12100204.0;2021;3;5;2;3;5;2;2;1;1;0;0;0;0;0;795712,8218;5832839,551;13,36375388;52,56507286
112340;11;Charlottenburg-Wilmersdorf;4300621.0;2021;7;9;6;3;5;2;0;1;1;0;0;0;0;0;792737,7084;5826741,651;13,31461473;52,51201553
112338;11;Mitte;1200624.0;2021;10;19;5;3;0;2;0;1;1;0;0;0;0;0;796193,4704;5829101,081;13,36748994;52,53130006
112336;11;Mitte;1100205.0;2021;8;14;4;3;4;6;0;1;0;0;0;0;1;0;797082,3608;5826737,884;13,37844483;52,50963289
112332;11;Pankow;3701660.0;2021;2;23;6;3;1;5;2;1;1;0;0;0;0;0;800153,8397;5829169,434;13,42576078;52,52974645
112329;11;Mitte;1100310.0;2021;6;16;3;3;3;7;0;1;1;0;0;0;0;0;799350,5933;5827996,498;13,41289934;52,51967456
112327;11;Marzahn-Hellersdorf;10100311.0;2021;9;16;5;3;5;3;0;1;1;0;0;0;0;0;808013,343;5827457,847;13,53967385;52,51002362
112322;11;Reinickendorf;12100205.0;2021;7;17;4;3;5;2;0;1;0;0;0;0;1;0;794469,2361;5834334,513;13,34678763;52,57914807
112319;11;Friedrichshain-Kreuzberg;2400625.0;2021;11;23;3;3;6;4;2;1;0;1;0;0;0;0;801877,2901;5826536,261;13,44870076;52,50519356
112305;11;Friedrichshain-Kreuzberg;2500728.0;2021;9;18;3;3;3;6;0;1;0;0;0;0;1;0;802703,1616;5827674,515;13,46186659;52,51493809
112300;11;Mitte;1401044.0;2021;6;19;1;3;5;2;0;1;1;0;0;0;0;0;796053,6263;5831351,556;13,36743985;52,55154931
112298;11;Marzahn-Hellersdorf;10400940.0;2021;9;16;5;3;0;2;0;1;0;0;0;0;1;0;813050,6981;5827205,426;13,61342046;52,50489449
112291;11;Mitte;1100104.0;2021;7;10;5;3;5;2;0;1;1;0;0;0;0;0;796402,4401;5826263,375;13,36803323;52,50574924
112290;11;Charlottenburg-Wilmersdorf;4300622.0;2021;10;9;3;3;6;7;0;1;0;1;0;0;0;1;793315,2273;5826835,971;13,32318352;52,51255082
112286;11;Pankow;3200205.0;2021;1;16;5;2;0;7;1;1;0;0;0;0;0;1;798175,5667;5836304,542;13,40309669;52,59478823
112282;11;Treptow-Koepenick;9100202.0;2021;6;14;2;3;5;3;0;1;1;0;0;0;0;0;803000,0964;5824659,273;13,46348555;52,48774795
112277;11;Friedrichshain-Kreuzberg;2500727.0;2021;8;17;4;3;3;6;0;1;0;0;1;0;0;0;802371,3142;5827708,128;13,45702176;52,51542343
112270;11;Reinickendorf;12601032.0;2021;7;8;4;3;5;2;0;1;0;0;0;0;1;1;792729,4925;5837422,406;13,32391544;52,60776805
112267;11;Pankow;3601142.0;2021;11;7;2;2;0;1;0;1;0;0;0;0;0;1;799188,5834;5831268,25;13,41346392;52,54908973
112266;11;Reinickendorf;12100204.0;2021;9;17;4;3;5;2;0;1;1;0;0;0;0;0;795766,4114;5832694,658;13,36441303;52,56374493
112263;11;Mitte;1100310.0;2021;4;9;2;3;3;6;0;1;0;0;0;0;1;1;799777,4804;5828588,95;13,41970598;52,52475044
112257;11;Mitte;1100310.0;2021;9;11;7;3;5;2;0;1;0;0;0;0;1;0;798800,863;5828016,067;13,40483908;52,52015145
112247;11;Marzahn-Hellersdorf;10400941.0;2021;5;17;4;3;5;3;0;1;1;0;0;0;0;0;813269,0555;5827202,206;13,61662401;52,50474033
112246;11;Charlottenburg-Wilmersdorf;4300621.0;2021;8;12;2;3;5;2;0;1;1;0;0;0;0;0;792256,105;5826682,571;13,30748639;52,51174414
112229;11;Charlottenburg-Wilmersdorf;4300414.0;2021;6;12;2;3;6;4;0;1;0;1;0;0;0;0;791339,9188;5826528,353;13,29388922;52,51085172
112225;11;Pankow;3400620.0;2021;6;15;3;3;5;2;0;1;1;0;0;0;0;0;798042,53;5833913,668;13,39898821;52,57343045
112223;11;Treptow-Koepenick;9100203.0;2021;9;6;4;3;5;3;0;1;1;0;0;0;0;0;804105,6497;5824365,983;13,47944987;52,4845046
112212;11;Friedrichshain-Kreuzberg;2500727.0;2021;8;15;4;3;5;3;0;1;0;0;0;0;0;0;802141,8982;5827763,741;13,45370173;52,51604902
112197;11;Tempelhof-Schoeneberg;7501133.0;2021;6;11;5;3;5;2;0;1;0;0;0;0;1;0;797513,4757;5818141,142;13,37711181;52,43233722
112184;11;Marzahn-Hellersdorf;10400940.0;2021;7;20;6;3;5;3;0;1;1;0;0;0;0;0;812566,7795;5827181,034;13,60629112;52,50495334
112182;11;Treptow-Koepenick;9100101.0;2021;9;19;4;3;5;2;2;1;1;0;0;0;0;1;802664,0378;5825207,751;13,45904954;52,49285035
112180;11;Friedrichshain-Kreuzberg;2200208.0;2021;8;10;3;2;3;6;0;1;0;0;0;0;0;0;797898,6687;5825137,375;13,38900556;52,49484111